Data Source;World Development Indicators;Column1;_1;_2;_3;_4;_5;_6;_7;_8;_9;_10;_11;_12;_13;_14;_15;_16;_17;_18;_19;_20;_21;_22;_23;_24;_25;_26;_27;_28;_29;_30;_31;_32;_33;_34;_35;_36;_37;_38;_39;_40;_41;_42;_43;_44;_45;_46;_47;_48;_49;_50;_51;_52;_53;_54;_55;_56;_57;_58;_59;_60;_61;_62;_63;_64;_65;_66;_67;_68
;;;;;;;;;;;;;;;;;;;;;;;;;;;;;;;;;;;;;;;;;;;;;;;;;;;;;;;;;;;;;;;;;;;;;;
Last Updated Date;08/04/2026;;;;;;;;;;;;;;;;;;;;;;;;;;;;;;;;;;;;;;;;;;;;;;;;;;;;;;;;;;;;;;;;;;;;;
;;;;;;;;;;;;;;;;;;;;;;;;;;;;;;;;;;;;;;;;;;;;;;;;;;;;;;;;;;;;;;;;;;;;;;
Country Name;Country Code;Indicator Name;Indicator Code;1960;1961;1962;1963;1964;1965;1966;1967;1968;1969;1970;1971;1972;1973;1974;1975;1976;1977;1978;1979;1980;1981;1982;1983;1984;1985;1986;1987;1988;1989;1990;1991;1992;1993;1994;1995;1996;1997;1998;1999;2000;2001;2002;2003;2004;2005;2006;2007;2008;2009;2010;2011;2012;2013;2014;2015;2016;2017;2018;2019;2020;2021;2022;2023;2024;2025;
Aruba;ABW;GDP (current US$);NY.GDP.MKTP.CD;;;;;;;;;;;;;;;;;;;;;;;;;;;4,06E+14;4,88E+14;5,97E+14;6,96E+14;7,65E+14;8,72E+14;9,59E+14;1,08E+14;1,25E+14;1,32E+14;1,38E+14;1,53E+14;1,67E+14;1,72E+14;1,87E+14;1,90E+14;1,96E+14;2,04E+14;2,25E+14;2,36E+14;2,47E+14;2,68E+14;2,84E+14;2,55E+14;2,45E+14;2,64E+14;2,62E+14;2,73E+14;2,79E+14;2,96E+14;2,98E+13;3,09E+14;3,28E+14;3,35E+14;2,47E+14;2,88E+14;3,32E+14;3,83E+14;4,27E+14;;
Africa Eastern and Southern;AFE;GDP (current US$);NY.GDP.MKTP.CD;2,42E+14;2,50E+14;2,71E+14;3,18E+14;3,03E+14;3,38E+14;3,69E+14;3,84E+14;4,17E+14;4,70E+14;4,76E+14;5,22E+14;5,67E+14;7,31E+14;8,95E+14;9,53E+14;9,60E+14;1,09E+14;1,24E+14;1,42E+14;1,78E+14;1,85E+14;1,78E+14;1,86E+14;1,70E+14;1,49E+14;1,61E+14;1,90E+14;2,07E+14;2,21E+14;2,56E+14;2,77E+14;2,41E+12;2,40E+13;2,43E+14;2,73E+14;2,73E+14;2,88E+14;2,69E+13;2,65E+14;2,87E+14;2,61E+14;2,70E+14;3,58E+14;4,46E+14;5,22E+14;5,88E+14;6,75E+14;7,27E+14;7,27E+14;8,64E+14;9,60E+14;9,69E+14;9,81E+14;9,99E+14;9,10E+14;8,32E+14;9,78E+14;1,02E+14;1,02E+14;9,39E+14;1,11E+14;1,23E+14;1,18E+14;1,24E+14;;
Afghanistan;AFG;GDP (current US$);NY.GDP.MKTP.CD;;;;;;;;;;;;;;;;;;;;;;;;;;;;;;;;;;;;;;;;;3,52E+14;2,81E+14;3,83E+14;4,52E+14;5,22E+14;6,20E+14;6,97E+14;9,75E+14;1,01E+14;1,24E+14;1,59E+14;1,78E+14;1,99E+14;2,01E+14;2,05E+14;1,91E+14;1,81E+14;1,88E+14;1,81E+14;1,88E+14;2,00E+14;1,43E+14;1,45E+14;1,72E+14;;;
Africa Western and Central;AFW;GDP (current US$);NY.GDP.MKTP.CD;1,19E+14;1,27E+14;1,36E+14;1,45E+14;1,58E+14;1,69E+14;1,80E+13;1,65E+13;1,70E+14;1,93E+14;2,67E+14;2,45E+14;2,95E+14;3,69E+14;4,97E+14;5,73E+14;6,84E+14;7,18E+14;7,88E+14;9,67E+14;1,21E+13;2,18E+14;1,96E+14;1,51E+12;1,31E+14;1,38E+13;1,10E+12;1,13E+14;1,12E+14;1,05E+14;1,24E+14;1,31E+14;1,25E+14;1,31E+14;1,35E+14;2,08E+14;2,64E+14;2,76E+14;2,97E+14;1,40E+14;1,43E+14;1,51E+14;1,80E+14;2,09E+14;2,58E+14;3,17E+14;4,02E+14;4,71E+14;5,74E+14;5,15E+14;6,06E+14;6,91E+13;7,48E+14;8,44E+13;9,04E+14;7,78E+14;7,00E+14;6,94E+14;7,78E+14;1,03E+13;9,64E+14;1,03E+14;1,06E+14;9,38E+14;7,36E+14;;
Angola;AGO;GDP (current US$);NY.GDP.MKTP.CD;;;;;;;;;;;;;;;;;;;;;5,93E+14;5,55E+14;5,55E+14;5,78E+14;6,13E+14;7,55E+12;7,07E+14;8,08E+14;8,77E+14;1,02E+14;1,12E+14;1,06E+13;8,31E+14;5,77E+14;4,44E+14;5,54E+14;7,53E+14;7,65E+14;6,51E+14;6,15E+14;9,13E+14;8,94E+14;1,73E+13;2,03E+14;2,70E+14;4,14E+14;5,87E+13;7,30E+14;9,88E+14;8,17E+14;9,55E+14;1,26E+14;1,44E+14;1,49E+14;1,53E+14;1,03E+14;5,99E+14;8,44E+14;8,95E+13;8,07E+14;5,89E+14;7,96E+14;1,31E+14;1,07E+14;1,01E+14;;
Albania;ALB;GDP (current US$);NY.GDP.MKTP.CD;;;;;;;;;;;;;;;;;;;;;1,58E+14;1,81E+14;1,86E+14;1,88E+14;1,86E+12;1,90E+14;2097326250;2080796250;2051236250;2253090000;2028553750;1,10E+14;6,52E+14;1,19E+14;1,88E+14;2,91E+14;3,23E+14;2,29E+14;2,60E+14;3,28E+14;3,58E+14;4,06E+14;4,52E+14;5,80E+14;7,41E+14;8,26E+13;9,15E+14;1,11E+14;1,33E+14;1,23E+14;1,21E+13;1,30E+14;1,22E+14;1,28E+14;1,33E+14;1,15E+14;1,20E+14;1,33E+14;1,54E+14;1,56E+14;1,52E+14;1,80E+14;1,90E+14;2,35E+14;2,70E+14;;
Andorra;AND;GDP (current US$);NY.GDP.MKTP.CD;;;;;;;;;;;7,86E+14;8,94E+14;1,13E+14;1,51E+14;1,87E+14;2,20E+14;2,27E+14;2,54E+14;3,08E+14;4,12E+14;4,46E+14;3,89E+14;3,76E+14;3,28E+14;3,30E+14;3,47E+14;4,82E+14;6,11E+14;7,21E+13;7,95E+13;1,03E+14;1,11E+14;1,21E+14;1,01E+14;1,02E+13;1,18E+13;1,22E+14;1,18E+13;1,21E+14;1,24E+14;1,43E+14;1,55E+13;1,76E+14;2,37E+14;2,90E+14;3,16E+14;3,46E+14;3,96E+14;4,10E+14;3,69E+14;3,45E+14;3,63E+14;3,19E+14;3,19E+14;3,27E+14;2,79E+13;2,90E+13;3,00E+14;3,22E+14;3,16E+14;2,89E+14;3,32E+14;3,38E+14;3,79E+14;4,04E+14;;
Arab World;ARB;GDP (current US$);NY.GDP.MKTP.CD;;2,00E+14;2,03E+14;2,24E+14;2,48E+14;2,68E+14;2,84E+14;3,06E+14;3,50E+13;3,86E+14;4,31E+14;4,99E+13;6,00E+14;7,91E+14;1,52E+14;1,68E+13;2,10E+14;2,42E+14;2,65E+14;3,58E+14;4,86E+14;4,95E+14;4,63E+14;4,37E+14;4,40E+14;4,33E+13;4,05E+14;4,31E+14;4,29E+14;4,57E+14;6,42E+14;4,68E+14;4,68E+14;4,79E+14;5,00E+14;5,28E+14;5,71E+14;6,15E+14;5,99E+14;6,65E+13;7,63E+14;7,45E+13;7,47E+14;8,30E+14;9,87E+14;1,21E+14;1,44E+14;1,67E+14;2,12E+14;1,83E+14;2,16E+14;2,57E+14;2,81E+14;2,88E+14;2,94E+14;2,58E+14;2,54E+14;2,61E+12;2,92E+14;2,97E+14;2,60E+13;3,09E+13;3,75E+14;3,62E+14;3,74E+14;;
United Arab Emirates;ARE;GDP (current US$);NY.GDP.MKTP.CD;;;;;;;;;;;6,86E+14;9,40E+14;1,42E+13;4,23E+14;1,17E+14;1,47E+14;1,92E+14;2,49E+14;2,38E+14;3,12E+14;4,36E+14;4,93E+14;4,66E+14;4,28E+14;4,18E+13;4,06E+14;3,39E+14;3,64E+14;3,63E+14;4,15E+14;5,07E+14;5,16E+14;5,42E+13;5,56E+13;5,93E+13;6,57E+14;7,36E+14;7,88E+14;7,57E+14;8,44E+14;1,04E+14;1,03E+14;1,10E+14;1,24E+14;1,48E+14;1,81E+14;2,22E+14;2,58E+14;3,15E+14;2,54E+14;3,08E+13;3,69E+14;3,93E+14;4,10E+14;4,25E+14;3,82E+14;3,82E+13;4,03E+14;4,41E+14;4,34E+14;3,57E+14;4,22E+14;5,11E+13;5,23E+14;5,52E+14;;
Argentina;ARG;GDP (current US$);NY.GDP.MKTP.CD;1,59E+14;2,01E+14;1,83E+14;1,83E+14;2,56E+14;2,83E+14;2,86E+14;2,43E+14;2,64E+14;3,13E+14;3,16E+14;3,33E+14;3,47E+14;5,25E+14;7,24E+14;5,24E+14;5,12E+14;5,68E+14;8,90E+14;6,93E+14;7,70E+14;7,87E+14;8,43E+13;1,04E+14;1,17E+14;8,82E+14;1,06E+14;1,09E+14;1,27E+14;7,66E+13;1,41E+14;1,90E+14;2,29E+13;2,37E+14;2,57E+11;2,58E+11;2,72E+11;2,93E+11;2,99E+11;2,84E+11;2,84E+11;2,69E+11;9,77E+14;1,28E+14;1,65E+14;1,99E+14;2,33E+14;2,88E+14;3,62E+14;3,33E+14;4,24E+13;5,30E+14;5,46E+14;5,52E+14;5,26E+14;5,95E+14;5,58E+14;6,44E+14;5,25E+14;4,48E+14;3,86E+14;4,87E+14;6,34E+13;6,49E+14;6,38E+13;;
Armenia;ARM;GDP (current US$);NY.GDP.MKTP.CD;;;;;;;;;;;;;;;;;;;;;;;;;;;;;;;2,26E+14;2,07E+14;1,27E+14;1,20E+14;1,32E+14;1,47E+14;1,60E+14;1,64E+14;1,89E+14;1,85E+14;1,91E+14;2,12E+14;2,38E+14;2,81E+14;3,58E+14;4,90E+14;6,38E+13;9,21E+14;1,17E+14;8,65E+13;9,26E+14;1,01E+14;1,06E+14;1,11E+14;1,16E+14;1,06E+13;1,05E+14;1,15E+14;1,25E+14;1,36E+14;1,26E+14;1,39E+14;1,95E+14;2,42E+14;2,60E+14;;
American Samoa;ASM;GDP (current US$);NY.GDP.MKTP.CD;;;;;;;;;;;;;;;;;;;;;;;;;;;;;;;;;;;;;;;;;;;512000000;524000000;509000000;500000000;493000000;518000000;560000000;675000000;573000000;570000000;640000000;638000000;643000000;673000000;671000000;612000000;639000000;647000000;721000000;750000000;871000000;;;;
Antigua and Barbuda;ATG;GDP (current US$);NY.GDP.MKTP.CD;;;;;;;;;;;;;;;;;;7,75E+14;8,80E+14;1,10E+14;1,32E+14;1,49E+14;1,66E+14;1,85E+14;2,12E+14;2,46E+13;2,98E+14;3,47E+14;4,11E+14;4,55E+14;4,79E+14;5,04E+14;5,25E+14;5,66E+14;6,25E+14;6,16E+14;6,79E+14;7,34E+14;7,90E+14;8,36E+14;9,01E+14;8,78E+14;8,98E+14;948100000;1,03E+14;1,14E+13;1,30E+14;1,49E+14;1,56E+14;1,39E+14;1,30E+14;1,29E+14;1,36E+14;1,33E+13;1,38E+14;1,44E+14;1,49E+13;1,53E+14;1,66E+14;1,73E+14;1,41E+14;1,60E+14;1,87E+14;2,01E+14;2,21E+14;;
Australia;AUS;GDP (current US$);NY.GDP.MKTP.CD;1,86E+14;1,97E+14;2,00E+14;2,16E+13;2,38E+13;2,60E+14;2,73E+14;3,05E+13;3,28E+14;3,67E+14;4,14E+14;4,53E+14;5,21E+14;6,39E+14;8,91E+14;9,74E+14;1,05E+14;1,11E+14;1,19E+14;1,35E+14;1,50E+14;1,77E+14;1,94E+13;1,78E+14;1,94E+13;1,81E+14;1,83E+14;1,90E+14;2,36E+14;3,00E+13;3,12E+14;3,26E+14;3,26E+14;3,13E+12;3,23E+14;3,69E+14;4,02E+14;4,36E+14;4,00E+14;3,90E+14;4,17E+14;3,80E+14;3,96E+14;4,69E+14;6,16E+14;6,97E+14;7,50E+14;8,57E+14;1,06E+14;9,32E+14;1,15E+14;1,40E+13;1,55E+14;1,58E+14;1,47E+14;1,36E+13;1,21E+14;1,33E+14;1,43E+14;1,40E+14;1,33E+14;1,56E+14;1,70E+13;1,73E+13;1,76E+14;;
Austria;AUT;GDP (current US$);NY.GDP.MKTP.CD;6,62E+14;7,35E+14;7,79E+14;8,41E+14;9,21E+14;1,00E+13;1,09E+14;1,16E+14;1,25E+14;1,36E+14;1,53E+14;1,78E+14;2,20E+14;2,94E+14;3,51E+13;3,99E+14;4,28E+14;5,13E+13;6,18E+13;7,36E+14;8,17E+14;7,08E+14;7,10E+14;7,18E+14;6,77E+14;6,91E+13;9,86E+14;1,24E+14;1,33E+14;1,33E+13;1,66E+14;1,73E+14;1,94E+14;1,90E+14;2,03E+14;2,40E+14;2,36E+14;2,12E+14;2,17E+14;2,16E+14;1,96E+14;1,96E+13;2,13E+14;2,61E+14;2,99E+14;3,14E+14;3,34E+14;3,87E+14;4,29E+14;3,99E+14;3,90E+14;4,29E+14;4,07E+13;4,27E+14;4,39E+14;3,80E+14;3,94E+14;4,15E+14;4,53E+14;4,43E+14;4,34E+14;4,80E+14;4,73E+14;5,17E+14;5,35E+14;;
Azerbaijan;AZE;GDP (current US$);NY.GDP.MKTP.CD;;;;;;;;;;;;;;;;;;;;;;;;;;;;;;;8,88E+14;5344000000;4,45E+14;1,57E+14;1,19E+14;2,42E+13;3,18E+14;3,96E+14;4,45E+13;4,58E+14;5,27E+14;5,71E+14;6,24E+14;7,28E+14;8,68E+14;1,32E+13;2,10E+14;3,30E+14;4,89E+14;4,43E+14;5,29E+14;6,60E+14;6,97E+14;7,42E+14;7,52E+14;5,31E+13;3,79E+14;4,09E+14;4,71E+14;4,82E+14;42693000000;5,48E+14;7,88E+14;7,24E+14;7,43E+14;;
Burundi;BDI;GDP (current US$);NY.GDP.MKTP.CD;195999990;202999992;213500006;232749998;260750008;1,59E+14;1,65E+14;1,78E+14;183200000;1,90E+14;2,43E+14;2,53E+14;2,47E+14;3,04E+14;3,45E+14;4,21E+14;4,48E+14;5,48E+14;6,10E+14;7,82E+14;9,20E+14;9,69E+14;1,01E+14;1,08E+14;9,87E+14;1,15E+14;1,20E+14;1,13E+14;1,08E+14;1,11E+14;1,13E+14;1,17E+13;1,08E+14;9,39E+14;9,25E+14;1,00E+14;8,69E+14;9,73E+14;8,94E+14;8,08E+14;8,70E+14;8,77E+14;8,25E+14;7,85E+14;9,15E+12;1,12E+14;1,27E+14;1,36E+14;1,61E+14;1,78E+12;2,03E+14;2,24E+14;2,33E+14;2,45E+14;2,71E+14;2,81E+14;2,62E+14;2,83E+14;2,91E+14;2,87E+14;3,23E+14;3,44E+13;4,04E+14;3,43E+14;3,08E+14;;
Belgium;BEL;GDP (current US$);NY.GDP.MKTP.CD;1,18E+14;1,26E+14;1,34E+14;1,44E+14;1,62E+14;1,76E+14;1,89E+14;2,03E+14;2,17E+14;2,40E+14;2,67E+14;2,98E+13;3,72E+14;4,77E+14;5,60E+14;6,57E+14;7,11E+14;8,28E+14;1,01E+14;1,16E+14;1,27E+14;1,05E+13;9,21E+14;8,72E+14;8,33E+14;8,63E+14;1,20E+14;1,49E+14;1,62E+14;1,64E+14;2,05E+14;2,11E+14;2,35E+14;2,25E+14;2,45E+14;2,88E+14;2,79E+14;2,53E+14;2,59E+14;2,58E+14;2,37E+14;2,37E+13;2,58E+14;3,18E+14;3,69E+14;3,86E+14;4,08E+14;4,71E+14;5,17E+14;4,85E+14;4,82E+14;5,27E+14;4,98E+14;5,24E+13;5,38E+14;4,61E+14;4,74E+14;5,01E+13;5,43E+14;5,37E+14;5,30E+14;5,99E+14;5,91E+14;6,51E+14;6,71E+14;;
Benin;BEN;GDP (current US$);NY.GDP.MKTP.CD;2,26E+14;2,36E+14;2,36E+14;2,54E+13;2,70E+13;2,90E+14;3,03E+14;3,06E+14;3,26E+13;3,31E+14;3,34E+14;3,35E+13;4,10E+14;5,04E+14;5,55E+14;6,77E+14;6,98E+14;7,50E+13;9,29E+14;1,19E+14;1,41E+14;1,29E+14;1,27E+14;1,10E+14;1,05E+14;1,05E+14;1,34E+14;1,56E+14;1,62E+14;1,50E+14;1,96E+14;1,99E+14;1,70E+14;2,27E+14;1,60E+14;2,17E+13;2,36E+14;2,27E+14;2,46E+14;3,68E+14;3,52E+14;3,67E+14;4,19E+13;5,35E+14;6,19E+14;6,57E+14;7,03E+14;8,17E+14;9,79E+14;9,74E+14;9,54E+14;1,07E+14;1,11E+14;1,25E+14;1,33E+14;1,14E+14;1,18E+14;1,27E+14;1,43E+14;1,44E+14;1,57E+13;1,77E+14;1,74E+13;1,97E+14;2,15E+14;;
Burkina Faso;BFA;GDP (current US$);NY.GDP.MKTP.CD;3,30E+14;3,50E+14;3,80E+14;3,94E+14;4,10E+14;4,23E+12;4,34E+14;4,51E+14;4,60E+14;4,78E+13;4,58E+14;4,82E+14;5,79E+14;6,75E+14;7,51E+14;9,40E+14;9,77E+14;1,13E+14;1,48E+14;1,75E+14;1,93E+14;1,78E+14;1,75E+14;1,60E+14;1,46E+14;1,55E+14;2,04E+14;2,37E+14;2,62E+14;2,62E+14;3,10E+14;3,14E+14;3,36E+14;3,20E+14;1,90E+14;2,38E+14;2,59E+14;2,45E+14;2,80E+14;3,39E+14;2,97E+14;3,19E+14;3,62E+14;4,74E+14;5,45E+14;6,15E+14;6,55E+14;7,63E+14;9,45E+14;9,45E+14;1,01E+14;1,21E+14;1,26E+14;1,34E+14;1,39E+14;1,18E+14;1,28E+14;1,41E+14;1,59E+14;1,60E+14;1,77E+14;1,97E+14;1,86E+14;2,01E+14;2,31E+14;;
Bangladesh;BGD;GDP (current US$);NY.GDP.MKTP.CD;4,27E+14;4817580375;5,08E+14;53194585625;5,39E+14;5,91E+14;6,44E+14;72535756875;7,48E+14;84710064375;8,99E+14;87518431875;6,29E+14;8,09E+13;1,25E+14;1,94E+14;1,01E+14;9,65E+13;1,33E+14;1,56E+14;1,81E+14;2,02E+13;1,85E+14;1,76E+14;18920840000;2,23E+14;2,18E+14;2,43E+14;2,66E+14;2,88E+14;3,16E+14;3,10E+14;3,17E+14;3,32E+14;3,38E+13;3,79E+14;4,64E+14;4,82E+14;5,00E+14;5,13E+14;5,34E+14;5,40E+14;5,47E+14;6,02E+14;6,51E+14;6,95E+13;7,18E+14;7,96E+14;9,16E+14;1,02E+14;1,15E+14;1,29E+14;1,33E+14;1,50E+14;1,73E+14;1,95E+14;2,65E+14;2,94E+14;3,21E+13;3,51E+14;3,74E+14;4,16E+14;4,60E+14;4,37E+14;4,50E+14;;
Bulgaria;BGR;GDP (current US$);NY.GDP.MKTP.CD;;;;;;;;;;;;;;;;;;;;;1,98E+14;19870000000;19342000000;1,66E+14;1,76E+14;1,72E+14;2,02E+14;28101000000;2,26E+14;2,20E+14;2,06E+14;7,63E+14;8,60E+14;1,08E+13;9,71E+14;1,90E+12;1,23E+14;1,13E+14;1,50E+14;1,36E+13;1,32E+14;1,42E+14;1,64E+14;2,11E+14;2,62E+14;2,99E+14;3,44E+14;4,44E+14;5,45E+14;5,20E+12;5,07E+14;5,77E+14;5,43E+14;5,58E+14;5,71E+14;5,08E+14;5,39E+14;5,92E+13;6,61E+14;6,85E+14;7,05E+14;8,44E+12;9,05E+14;1,02E+14;1,13E+14;;
Bahrain;BHR;GDP (current US$);NY.GDP.MKTP.CD;;;;;;;;;;;3,92E+14;4,22E+14;5,34E+14;7,61E+14;1,04E+14;1,10E+14;1,58E+14;1,99E+14;2,27E+14;2,71E+14;3,49E+14;3,94E+14;4,15E+14;4,25E+14;4,44E+14;4,15E+14;3,47E+14;3,86E+14;4,21E+14;4,39E+14;4,81E+14;5,25E+14;5,40E+14;5,91E+14;6,33E+14;6,65E+14;6,94E+14;7,22E+14;7,03E+14;7,53E+14;9,06E+14;8,98E+14;9,59E+14;1,11E+14;1,32E+14;1,60E+14;1,85E+14;21730000000;2,57E+14;2,29E+14;2,68E+14;2,99E+14;3,20E+14;3,38E+14;3,48E+14;3,25E+14;3,39E+14;3,72E+14;3,96E+14;4,04E+14;3,58E+14;4,08E+14;4,65E+14;4,62E+14;4,71E+14;;
Bahamas, The;BHS;GDP (current US$);NY.GDP.MKTP.CD;1,70E+14;1,90E+14;2,12E+14;2,38E+14;2,67E+14;3,00E+14;346800000;398000000;453800000;538700000;539500000;573400000;590900000;670900000;632400000;596200000;642100000;713000000;832400000;1139800100;1335300000;1426500000;1578300000;1732800000;2041100000;2320699900;2472500000;2713999900;2817900000;3062000000;3166000000;3111160000;3109000000;3092000000;3259000000;3429000000;3609000000;6332360000;6833220000;7683870000;8076470000;8317830000;8881160000;8870090000;9055290000;9836200000;10167250000;10618340000;10526000000;9981960000;10095760000;10070450000;10720400000;10475300000;11139100000;11837600000;11880900000;12446900000;12819200000;13277000000;10363200000;12037000000;13896800000;15271300000;15832800000;;
Bosnia and Herzegovina;BIH;GDP (current US$);NY.GDP.MKTP.CD;;;;;;;;;;;;;;;;;;;;;;;;;;;;;;;7,75E+14;6,12E+14;4,74E+14;3,63E+14;1,26E+13;1,87E+14;2,79E+14;3,67E+14;4,12E+14;4,69E+14;5,57E+14;5,80E+14;6,73E+14;8,50E+14;1,02E+14;1,12E+14;1,29E+14;1,58E+14;1,91E+14;1,76E+14;1,72E+14;1,86E+14;1,72E+14;1,82E+14;1,86E+14;1,64E+14;1,71E+14;1,83E+14;2,05E+14;2,05E+14;2,02E+14;2,37E+14;2,45E+14;2,76E+14;2,96E+14;;
Belarus;BLR;GDP (current US$);NY.GDP.MKTP.CD;;;;;;;;;;;;;;;;;;;;;;;;;;;;;;;1,74E+14;1,84E+14;1,69E+14;1,63E+14;1,49E+13;1,40E+14;1,45E+14;1,41E+14;1,52E+14;1,21E+14;1,27E+14;1,24E+14;1,46E+14;1,78E+14;2,31E+14;3,02E+14;3,70E+14;4,53E+13;6,08E+13;5,09E+14;5,72E+14;6,18E+14;6,57E+14;7,55E+14;7,88E+14;5,65E+14;4,77E+13;5,47E+14;6,00E+12;6,44E+14;6,14E+14;6,97E+12;7,38E+13;7,25E+14;7,60E+14;;
Belize;BLZ;GDP (current US$);NY.GDP.MKTP.CD;2,81E+14;29964999965;3,19E+14;3,38E+14;3,62E+14;4,01E+14;4,45E+14;4,74E+13;4,50E+12;4,74E+14;5,33E+14;5,91E+14;6,60E+14;7,82E+14;1,03E+14;1,18E+14;9,71E+14;117650000;136300000;151800000;257400000;260750000;248550000;262150000;290350000;287300000;311500000;371100000;421450000;491100000;5,47E+13;596682100;695741150;752255150;771838000;818590250;850339100;872916050;929047000;999713050;1138138100;1172045150;1243912050;1308280250;1400202000;1474298400;1590463100;1706190450;1738453600;1688012750;1748988400;1831576700;1917083500;2035191450;2138242200;2193095150;2239604950;2266028250;2285915050;2381187850;2047284600;2428606250;2846604350;3052362650;3203631800;;
Bermuda;BMU;GDP (current US$);NY.GDP.MKTP.CD;72400000;76500000;80700000;82600000;92200000;98000000;115000000;134800000;150000000;164900000;186300000;211100000;235400000;269500000;312600000;345000000;386300000;447000000;475800000;517200000;613299968;739100032;785500032;889400000;985699968;1039500032;1173500032;1296499968;1415100032;1501500032;1592400000;1634900000;1679900000;1820359900;1867160100;2030750000;2695390000;2932827000;3130748000;3324433000;3480219000;3680483000;3937228000;4186525000;4484703000;4868136000;6144000000;6767000000;6980000000;6656000000;6634526000;6312691000;6378188000;6465756000;6413988000;6654541000;6899911000;7142316000;7225977000;7423465000;6887364000;7290037000;7874381000;8579242000;9233600000;;
Bolivia;BOL;GDP (current US$);NY.GDP.MKTP.CD;3,77E+14;4,10E+13;4,48E+14;4,83E+14;5,44E+14;6,04E+14;6,69E+14;7,56E+14;8,58E+14;9,30E+13;1,02E+14;1,10E+13;1,26E+14;1,26E+14;2,10E+14;2,40E+14;2,73E+12;3,23E+14;3,76E+14;4,42E+14;4,54E+14;5,89E+13;5,59E+14;5,42E+14;6,17E+14;5,38E+14;3,96E+14;4,35E+14;4,60E+13;4,72E+14;4,87E+14;5,34E+14;5,64E+14;5,73E+14;5,98E+14;6,72E+14;7,40E+14;7,93E+14;8,50E+14;8,29E+14;8,40E+14;8,14E+14;7,91E+14;8,08E+14;8,77E+13;9,55E+14;1,15E+14;1,31E+14;1,67E+14;1,73E+14;1,96E+14;2,40E+13;2,71E+14;3,07E+14;3,30E+14;3,30E+14;3,39E+14;4,59E+14;4,84E+14;4,91E+14;4,23E+13;4,79E+14;5,10E+14;5,23E+14;5,49E+14;;
Brazil;BRA;GDP (current US$);NY.GDP.MKTP.CD;1,70E+14;1,73E+14;1,92E+14;2,33E+14;2,10E+14;2,25E+14;2,83E+14;3,11E+13;3,39E+14;3,72E+14;4,23E+14;4,89E+14;5,84E+14;8,36E+14;1,10E+14;1,29E+14;1,53E+14;1,76E+14;2,00E+14;2,21E+14;2,37E+14;2,58E+14;2,71E+14;1,90E+14;1,88E+13;2,11E+14;2,56E+14;2,83E+14;3,08E+14;4,13E+13;3,91E+14;3,43E+14;3,28E+14;3,68E+13;5,25E+14;7,69E+14;8,50E+14;8,83E+14;8,64E+14;6,00E+14;6,55E+14;5,60E+13;5,10E+13;5,58E+14;6,69E+14;8,92E+14;1,11E+14;1,40E+14;1,70E+14;1,67E+14;2,21E+14;2,62E+14;2,47E+14;2,47E+14;2,46E+14;1,80E+14;1,80E+14;2,06E+14;1,92E+14;1,87E+14;1,48E+14;1,67E+14;1,95E+14;2,19E+14;2,19E+14;;
Barbados;BRB;GDP (current US$);NY.GDP.MKTP.CD;8,00E+14;8,54E+14;8,88E+13;9,99E+14;9,93E+14;1,05E+14;1,13E+14;1,26E+14;1257336685;141393142;166210203;1,87E+14;2,14E+14;2,61E+14;3,12E+14;4,02E+14;4,36E+13;4,95E+14;5,53E+14;6,70E+14;1,01E+14;1,11E+14;1,16E+14;1,24E+14;1,35E+14;1,41E+14;1,55E+14;1,70E+14;1,81E+14;2,01E+14;2,01E+14;2,02E+14;1957000000;2,06E+14;2,15E+14;2,22E+14;2,36E+14;2,50E+14;2,82E+14;2,95E+14;3059500000;3054500000;3106500000;3209500000;3444500000;3819500000;4217323400;4675767950;4790410400;4466809600;5672900000;5663100000;5761450000;5667200000;5620600000;5698150000;5674600000;5683150000;6001950000;6161850000;5407050000;5947550000;6884900000;7223250000;7498050000;;
Brunei Darussalam;BRN;GDP (current US$);NY.GDP.MKTP.CD;;;;;;1,14E+14;1,33E+14;1,39E+14;1,61E+14;1,61E+13;1,79E+14;1,98E+14;2,71E+14;4,33E+14;2,32E+14;2,50E+14;3,05E+14;3,68E+14;4,10E+14;6,04E+14;1,08E+14;9,37E+14;8,93E+14;7,93E+14;7,63E+13;6,97E+14;4,19E+14;4,92E+14;4,54E+14;4,98E+14;6,04E+14;6,28E+14;6,33E+14;6,20E+14;6,47E+14;7,70E+13;7,66E+14;7,79E+14;5,55E+14;6,31E+13;6,57E+14;6,10E+14;6,33E+14;7,17E+14;8,62E+14;1,05E+14;1,26E+13;1,34E+14;1,59E+14;1,19E+14;1,37E+14;1,85E+13;1,90E+14;1,81E+14;1,71E+14;1,29E+14;1,14E+14;1,21E+14;1,36E+14;1,35E+14;1,20E+14;1,40E+14;1,67E+14;1,51E+14;1,53E+12;;
Bhutan;BTN;GDP (current US$);NY.GDP.MKTP.CD;;;;;;;;;;;6,18E+14;6,63E+14;7,01E+14;7,89E+14;9,29E+14;8,68E+14;8,85E+14;9,79E+14;9,41E+14;1,05E+14;1,29E+14;1,39E+14;1,41E+14;1,57E+14;1,60E+14;1,63E+14;1,91E+14;2,43E+14;2,72E+14;2,65E+14;2,88E+14;2,40E+14;2,40E+14;2,26E+12;2,59E+14;2,90E+14;3,03E+14;3,52E+14;3,63E+14;3,99E+13;4,61E+14;4,96E+14;5,59E+14;6,52E+14;7,35E+14;8,60E+14;9,43E+14;1,26E+14;1,32E+14;1,33E+14;1,71E+14;1,98E+14;1,97E+14;1,94E+14;2,09E+14;2,19E+14;2,36E+14;2,59E+14;2,58E+14;2,74E+14;2,46E+14;2,77E+14;2,90E+14;3,01E+14;;;
Botswana;BWA;GDP (current US$);NY.GDP.MKTP.CD;3,04E+14;3,29E+14;3,56E+14;3,81E+14;4,16E+14;4,58E+14;5,15E+14;5,86E+13;6,62E+14;7,74E+14;9,62E+14;1,27E+14;1,64E+14;2,44E+14;3,06E+14;3,55E+14;3,72E+14;4,52E+14;5,90E+14;8,20E+14;1,06E+14;1,07E+14;1,01E+14;1,17E+14;1,24E+14;1,11E+14;1,39E+14;1,97E+14;2,64E+14;3,08E+14;3,79E+14;3,94E+14;4,15E+14;4,16E+14;4,26E+14;4,73E+14;4,85E+14;5,02E+14;4,79E+14;5,48E+14;5,79E+14;5,49E+14;5,44E+14;7,51E+14;8,96E+13;9,92E+14;9,92E+14;1,06E+14;1,07E+14;1,01E+14;1,26E+14;1,51E+14;1,39E+14;1,43E+14;1,55E+14;1,35E+13;1,51E+14;1,61E+14;1,70E+14;1,67E+14;1,50E+14;1,88E+14;2,03E+14;1,94E+14;1,94E+14;;
Central African Republic;CAF;GDP (current US$);NY.GDP.MKTP.CD;1,12E+14;1,23E+14;1,24E+13;1,29E+13;1,42E+14;1,51E+14;1,58E+14;1,64E+14;1,92E+14;1,88E+14;1,89E+14;2,01E+13;2,30E+13;2,71E+14;2,81E+14;3,79E+14;4,51E+13;5,07E+14;6,11E+14;7,01E+14;7,97E+14;6,95E+14;7,48E+14;6,59E+14;6,38E+14;8,65E+14;1,12E+14;1,20E+14;1,26E+14;1,23E+14;1,44E+14;1,38E+14;1,41E+14;1,28E+14;8,51E+14;1,12E+14;1,01E+14;9,38E+14;9,67E+14;9,99E+14;9,17E+14;9,33E+14;9,96E+14;1,14E+14;1,27E+14;1,34E+14;1,46E+14;1,70E+14;1,99E+14;2,07E+14;2,14E+14;2,44E+14;2,51E+14;1,69E+14;1,89E+14;1,70E+14;1,83E+14;2,07E+13;2,22E+14;2,22E+14;2,33E+14;2,52E+14;2,38E+14;2,56E+14;2,75E+14;;
Canada;CAN;GDP (current US$);NY.GDP.MKTP.CD;4,06E+14;4,10E+14;4,23E+14;4,51E+14;4,95E+14;5,46E+14;6,13E+13;6,59E+14;7,20E+14;7,94E+14;8,82E+14;9,96E+14;1,13E+14;1,32E+14;1,61E+14;1,74E+14;2,07E+14;2,12E+14;2,19E+14;2,44E+14;2,75E+14;3,07E+14;3,15E+14;3,42E+14;3,57E+14;3,66E+14;3,79E+14;4,33E+14;5,09E+14;5,67E+14;5,96E+14;6,13E+14;5,94E+14;5,79E+12;5,80E+14;6,06E+14;6,31E+14;6,55E+14;6,34E+11;6,78E+14;7,45E+14;7,39E+14;7,61E+14;8,96E+14;1,03E+14;1,17E+14;1,32E+14;1,47E+14;1,55E+14;1,37E+14;1,62E+14;1,79E+14;1,83E+13;1,85E+14;1,81E+14;1,56E+14;1,53E+14;1,65E+14;1,73E+14;1,74E+14;1,66E+14;2,02E+14;2,19E+14;2,17E+14;2,24E+14;;
Central Europe and the Baltics;CEB;GDP (current US$);NY.GDP.MKTP.CD;;;;;;;;;;;;;;;;;;;;;;;;;;;;;;;2,72E+14;2,47E+14;2,55E+14;2,70E+14;3,09E+14;3,95E+14;4,18E+14;4,11E+14;4,50E+14;4,36E+14;4,29E+14;4,70E+13;5,29E+14;6,34E+14;7,63E+14;8,86E+14;1,00E+14;1,26E+14;1,53E+14;1,29E+14;1,32E+14;1,46E+13;1,36E+13;1,42E+14;1,47E+14;1,30E+14;1,32E+14;1,47E+14;1,66E+14;1,68E+14;1,68E+13;1,93E+12;1,95E+14;2,27E+13;2,46E+14;;
Switzerland;CHE;GDP (current US$);NY.GDP.MKTP.CD;1,04E+14;1,17E+14;1,30E+14;1,43E+14;1,58E+14;1,68E+13;1,80E+14;1,94E+14;2,07E+14;2,24E+13;2,50E+14;3,00E+14;3,68E+14;4,96E+14;5,71E+14;6,55E+14;6,85E+13;7,31E+13;1,02E+14;1,15E+14;1,23E+14;1,12E+14;1,15E+14;1,15E+13;1,09E+14;1,11E+14;1,59E+14;1,99E+14;2,16E+14;2,08E+14;2,66E+14;2,69E+14;2,80E+14;2,72E+14;3,01E+14;3,53E+14;3,40E+14;2,95E+14;3,03E+14;2,98E+14;2,79E+14;2,87E+14;3,09E+14;3,62E+13;4,04E+14;4,18E+14;4,42E+14;4,91E+14;5,67E+14;5,54E+14;5,99E+13;7,16E+14;6,86E+13;7,06E+14;7,27E+11;6,94E+14;6,88E+14;6,95E+14;7,26E+14;7,21E+14;7,42E+14;8,15E+14;8,29E+14;8,94E+14;9,37E+14;;
Channel Islands;CHI;GDP (current US$);NY.GDP.MKTP.CD;;;;;;;;;;;;;;;;;;;;;;;;;;;;;;;;;;;;;;;5,95E+14;6,26E+14;6,44E+14;6,23E+13;6,66E+13;7,33E+14;8,55E+14;8,83E+14;9,68E+14;1,15E+14;;9,10E+14;8,90E+14;9,65E+13;9,45E+14;9,59E+14;1,05E+14;1,01E+13;9,17E+14;9,17E+14;1,00E+14;1,00E+14;9,44E+14;1,12E+14;1,13E+13;1,25E+14;;;
Chile;CHL;GDP (current US$);NY.GDP.MKTP.CD;4,21E+14;4,95E+14;5,77E+14;5,70E+14;6,07E+14;6,18E+14;7,26E+14;7,15E+14;7,29E+14;8,46E+14;9,26E+14;1,10E+14;1,21E+13;1,72E+14;1,66E+14;7,81E+14;1,05E+14;1,43E+14;1,64E+14;2,22E+14;2,96E+14;3,52E+14;1,97E+14;2,06E+14;2,00E+14;1,79E+14;1,92E+14;2,26E+14;2,62E+14;3,01E+14;3,34E+14;3,82E+14;4,65E+14;4,99E+14;5,74E+14;7,38E+14;7,86E+14;8,57E+13;8,20E+14;7,56E+14;7,83E+13;7,16E+14;7,03E+14;7,65E+14;9,91E+14;1,22E+14;1,54E+14;1,72E+14;1,80E+14;1,72E+14;2,17E+14;2,51E+13;2,67E+14;2,77E+14;2,60E+14;2,42E+14;2,49E+14;2,76E+14;2,96E+14;2,78E+14;2,54E+14;3,15E+14;3,01E+14;3,36E+14;3,30E+14;;
China;CHN;GDP (current US$);NY.GDP.MKTP.CD;5,98E+14;5,02E+14;4,73E+14;5,08E+14;5,98E+14;7,06E+14;7,69E+13;7,30E+14;7,10E+14;7,98E+14;9,28E+14;1,00E+15;1,14E+14;1,39E+11;1,44E+14;1,64E+14;1,54E+14;1,75E+14;1,50E+14;1,79E+14;1,91E+11;1,96E+14;2,05E+14;2,31E+14;2,60E+14;3,10E+13;3,01E+14;2,73E+14;3,13E+14;3,48E+14;3,62E+14;3,85E+14;4,29E+14;4,47E+14;5,67E+14;7,38E+13;8,69E+14;9,68E+14;1,04E+14;1,10E+14;1,22E+14;1,36E+14;1,49E+14;1,68E+14;1,98E+14;2,32E+14;2,79E+14;3,60E+14;4,67E+14;5,19E+14;6,19E+14;7,67E+14;8,67E+14;9,74E+14;1,07E+14;1,13E+14;1,15E+13;1,25E+14;1,41E+14;1,46E+14;1,50E+14;1,82E+13;1,83E+14;1,83E+14;1,87E+14;;
Cote d'Ivoire;CIV;GDP (current US$);NY.GDP.MKTP.CD;5,46E+14;6,18E+14;6,45E+14;7,61E+14;9,21E+14;9,20E+14;1,02E+14;1,08E+14;1,28E+14;1,36E+14;1,46E+14;1,58E+14;1,85E+14;2,51E+14;3,07E+14;3,89E+14;4,66E+14;6,27E+14;7,90E+14;9,14E+14;1,02E+14;8,43E+14;7,57E+14;6,84E+14;6,84E+13;6,98E+14;9,16E+14;1,01E+14;1,03E+14;9,76E+13;1,08E+13;1,05E+14;1,12E+14;1,10E+14;8,31E+14;1,10E+14;1,81E+14;1,80E+14;1,96E+13;1,89E+13;1,66E+14;1,68E+14;1,81E+14;2,13E+14;2,35E+14;2,40E+14;2,53E+14;2,88E+14;3,41E+14;3,39E+14;3,49E+13;3,67E+14;3,63E+14;4,28E+14;4,88E+14;4,58E+14;4,84E+14;5,25E+12;5,85E+14;6,04E+14;6,30E+14;7,28E+14;7,09E+14;8,08E+14;8,71E+13;;
Cameroon;CMR;GDP (current US$);NY.GDP.MKTP.CD;6,14E+14;6,53E+14;6,94E+12;7,18E+14;7,77E+14;8,14E+14;8,51E+14;9,36E+14;1,05E+14;1,10E+14;1,15E+14;1,24E+14;1,50E+14;1,90E+14;2,16E+14;2,86E+14;2,90E+13;3,39E+14;4,66E+14;5,92E+12;6,67E+13;6,61E+13;6,61E+14;6,87E+14;7,31E+14;8,54E+13;1,19E+14;1,30E+14;1,22E+14;1,10E+14;1,23E+14;1,18E+14;1,21E+14;1,62E+14;8,90E+14;1,09E+14;1,11E+14;1,08E+14;1,13E+14;1,16E+14;1,06E+14;1,10E+14;1,24E+14;1,60E+14;1,88E+14;1,95E+14;2,09E+13;2,39E+14;2,77E+13;2,79E+13;2,75E+14;3,06E+13;3,02E+14;3,37E+14;3,64E+14;3,22E+14;3,38E+14;3,61E+14;4,00E+13;3,97E+14;4,08E+14;4,50E+14;4,43E+14;4,88E+14;5,33E+14;;
Congo, Dem. Rep.;COD;GDP (current US$);NY.GDP.MKTP.CD;3,36E+14;3,09E+14;3,78E+14;6,21E+14;2,88E+14;4,04E+14;4,53E+14;3,38E+14;3,91E+14;5,03E+14;4,88E+14;5,59E+14;6,17E+14;7,87E+14;9,60E+14;1,02E+14;9,65E+14;1,23E+14;1,54E+14;1,51E+14;1,44E+14;1,25E+14;1,37E+14;1,10E+14;7,86E+14;7,20E+13;8,10E+14;7,66E+14;8,86E+14;9,02E+14;9,35E+14;9,63E+14;8,23E+14;1,07E+14;5,82E+14;5,64E+14;5,77E+13;6,09E+14;6,22E+14;4,71E+14;1,91E+14;7,44E+14;8,73E+14;8,94E+14;1,03E+13;1,26E+14;1,55E+14;1,84E+14;2,27E+14;1,86E+14;2,42E+14;2,64E+13;3,00E+14;3,49E+14;3,84E+14;4,02E+14;3,86E+14;3,75E+14;4,67E+14;4,68E+14;4,67E+14;5,91E+14;7,04E+14;6,98E+14;7,10E+14;;
Congo, Rep.;COG;GDP (current US$);NY.GDP.MKTP.CD;1,32E+14;1,52E+14;1,67E+14;1,72E+14;1,86E+14;1,98E+14;2,21E+14;2,37E+13;2,51E+14;2,65E+14;2,75E+14;3,22E+14;4,11E+14;5,42E+14;5,85E+14;7,67E+14;7,55E+14;7,65E+14;8,79E+14;1,20E+14;1,71E+14;1,99E+14;2,16E+14;2,10E+14;2,19E+14;2,16E+14;1,85E+14;2,30E+14;2,21E+14;2,39E+14;2,80E+14;2,72E+14;2,93E+13;2,68E+14;1,77E+14;2,12E+14;2,54E+14;2,32E+13;1,95E+14;2,35E+14;3,23E+14;2,80E+14;3,03E+14;3,50E+14;4,66E+14;6,65E+14;8,07E+14;8,78E+14;1,16E+14;9,72E+14;1,31E+14;1,57E+14;1,77E+14;1,80E+14;1,79E+14;1,24E+14;1,09E+14;1,18E+14;1,48E+14;1,40E+14;1,15E+14;1,48E+14;1,58E+14;1,53E+14;1,57E+14;;
Colombia;COL;GDP (current US$);NY.GDP.MKTP.CD;4,03E+14;4,54E+14;4,96E+14;4,84E+14;5,97E+14;5,76E+13;5,43E+14;5,83E+14;5,96E+14;6,45E+14;7,20E+14;7,82E+14;8,67E+14;1,03E+14;1,24E+14;1,31E+14;1,53E+14;1,95E+14;2,33E+14;2,79E+14;3,34E+14;3,64E+14;3,90E+13;3,87E+14;3,83E+14;3,49E+13;3,49E+14;3,64E+14;3,92E+14;3,95E+14;4,78E+14;4,92E+14;5,84E+14;6,64E+14;8,17E+14;9,25E+14;9,72E+14;1,07E+14;9,84E+14;8,62E+14;9,99E+14;9,82E+14;9,79E+14;9,46E+14;1,17E+14;1,46E+14;1,62E+14;2,06E+14;2,43E+14;2,32E+14;2,86E+14;3,35E+14;3,71E+14;3,82E+14;3,81E+14;2,93E+14;2,83E+14;3,12E+14;3,34E+14;3,23E+13;2,70E+14;3,19E+14;3,46E+14;3,66E+14;4,19E+14;;
Comoros;COM;GDP (current US$);NY.GDP.MKTP.CD;;;;;;;;;;;;;;;;;;;;;2,43E+14;2,13E+14;2,02E+13;1,96E+14;1,89E+14;1,92E+14;2,58E+14;3,13E+14;3,36E+14;3,29E+14;4,02E+14;4,01E+14;4,37E+14;4,28E+13;3,15E+14;3,93E+14;3,92E+14;3,63E+14;3,64E+14;3,72E+14;3,40E+14;3,73E+14;4,27E+14;5,47E+14;6,23E+13;6,55E+14;6,88E+14;7,96E+14;9,16E+14;9,05E+13;9,08E+14;1,02E+14;1,02E+14;1,12E+14;1,15E+14;9,66E+14;1,01E+14;1,08E+14;1,18E+14;1,19E+14;1,22E+14;1,27E+14;1,22E+14;1,33E+14;1,44E+14;;
Cabo Verde;CPV;GDP (current US$);NY.GDP.MKTP.CD;;;;;;;;;;;;;;;;;;;;;1,42E+14;1,39E+14;1,41E+14;1,38E+14;1,32E+14;1,38E+14;1,91E+14;2,35E+13;2,64E+14;2,67E+14;3,07E+14;3,20E+14;3,57E+14;4,90E+14;4,07E+14;4,87E+14;5,02E+14;4,91E+14;5,22E+14;5,92E+14;5,39E+14;5,63E+14;6,21E+14;8,13E+14;9,25E+14;9,72E+14;1,11E+14;1,65E+14;1,96E+14;1,85E+14;1,82E+14;2,05E+14;1,91E+14;2,03E+14;2,04E+14;1,75E+14;1,85E+14;2,00E+14;2,21E+14;2,25E+14;1,82E+14;2,05E+14;2,25E+14;2,50E+14;2,73E+14;;
Costa Rica;CRI;GDP (current US$);NY.GDP.MKTP.CD;5,08E+14;4,90E+14;4,79E+14;5,12E+14;5,43E+14;5,93E+14;6,47E+14;6,99E+14;7,74E+14;8,54E+14;9,85E+14;1,08E+14;1,24E+14;1,53E+14;1,67E+14;1,96E+13;2,41E+14;3,07E+14;3,52E+14;4,04E+14;4,83E+14;2,62E+14;2,61E+14;3,15E+14;3,66E+14;3,92E+14;4,42E+14;4,53E+14;4,61E+14;5,25E+14;5,71E+14;7,22E+14;8,58E+14;9,56E+14;1,05E+14;1,16E+14;1,17E+14;1,26E+14;1,37E+14;1,43E+14;1,50E+14;1,60E+14;1,66E+14;1,73E+14;1,86E+14;2,00E+14;2,27E+14;2,69E+14;3,08E+14;3,07E+14;3,77E+14;4,28E+14;4,72E+14;5,09E+14;5,20E+14;5,64E+14;5,88E+14;6,05E+14;6,24E+14;6,44E+14;6,24E+14;6,50E+14;6,92E+14;8,65E+14;9,54E+14;;
Caribbean small states;CSS;GDP (current US$);NY.GDP.MKTP.CD;1,17E+14;1,27E+14;1,36E+14;1,45E+14;1,55E+13;1,66E+14;1,76E+14;1,93E+14;1,98E+14;2,15E+14;2,27E+14;2,46E+14;2,73E+13;3,17E+14;4,20E+14;4,82E+14;4,94E+14;5,94E+14;6,78E+14;8,41E+13;1,09E+14;1,20E+14;1,33E+14;1,32E+14;1,37E+13;1,38E+14;1,18E+14;1,23E+14;1,27E+14;1,26E+14;1,36E+14;1,39E+14;1,42E+13;1,38E+14;1,48E+14;1,57E+14;1,69E+14;2,01E+13;2,16E+14;2,34E+14;2,56E+14;2,65E+14;2,77E+14;3,06E+14;3,36E+14;3,82E+14;4,43E+14;4,97E+14;5,73E+14;4,79E+14;5,30E+14;5,68E+14;6,04E+14;6,21E+14;6,41E+14;6,25E+14;5,81E+14;5,97E+14;6,13E+14;6,22E+14;5,33E+14;6,27E+14;7,85E+14;7,95E+13;9,03E+14;;
Cuba;CUB;GDP (current US$);NY.GDP.MKTP.CD;;;;;;;;;;;5693005200;6914658400;8,14E+14;9,99E+14;1,14E+14;1,30E+14;1,38E+14;1,42E+14;1,78E+14;1,96E+14;1,99E+14;2,02E+14;2,10E+14;2,22E+14;2,40E+14;2,29E+13;2,42E+14;2,52E+14;2,75E+14;2,70E+14;2,86E+14;2,43E+14;2,21E+14;2,24E+14;2,84E+14;3,04E+14;25017368700;25365908100;25736331200;28364615200;30565400000;31682400000;33590500000;35901200000;38203000000;42643836100;4,88E+14;5,43E+14;5,63E+14;5,75E+14;5,96E+13;68990000000;73141000000;77148000000;80656100000;87132800000;91370407900;96850649700;1,00E+11;1,03E+11;1,07E+11;;;;;;
Curacao;CUW;GDP (current US$);NY.GDP.MKTP.CD;;;;;;;;;;;;;;;;;;;;;;;;;;;;;;;;;;;;;;;;;2,12E+14;2,14E+14;2,16E+14;2,20E+14;2,24E+13;2,34E+14;2,46E+14;2,59E+14;2,83E+13;2,87E+14;2,95E+14;2,93E+14;3,01E+14;3,03E+14;3,06E+14;3,06E+14;3,02E+14;3,03E+14;3,05E+14;3,03E+14;2,53E+14;2,74E+13;3,08E+14;3,28E+14;3,56E+14;;
Cayman Islands;CYM;GDP (current US$);NY.GDP.MKTP.CD;;;;;;;;;;;;;;;;;;;;;;;;;;;;;;;;;;;;;;;;;;;;;;;4,20E+14;4,47E+14;4,59E+14;4,28E+14;4,16E+14;4,19E+14;4,29E+14;4,41E+14;4,56E+14;4,71E+14;4,91E+14;5,17E+14;5,53E+14;5,94E+14;5,66E+14;6,06E+14;6,66E+14;7,24E+14;;;
Cyprus;CYP;GDP (current US$);NY.GDP.MKTP.CD;;;;;;;;;;;;;;;;4,90E+14;5,76E+14;7,35E+14;9,64E+13;1,29E+14;2,15E+14;2,09E+14;2,16E+14;2,16E+14;2,28E+14;2,43E+14;3,09E+14;3,70E+14;4,28E+14;4,56E+13;5,59E+14;5,77E+14;6,91E+14;6,59E+14;7,43E+14;9,93E+14;1,00E+14;9,55E+14;1,02E+14;1,05E+13;9,99E+14;1,04E+14;1,14E+14;1,45E+14;17320551250;1,84E+14;2,01E+14;2,40E+14;2,78E+13;2,60E+14;2,58E+14;2,76E+14;2,50E+14;2,40E+14;2,32E+14;1,99E+14;2,10E+14;2,29E+14;2,58E+14;2,62E+14;2,56E+14;3,04E+14;3,12E+14;3,51E+14;3,76E+14;;
Czechia;CZE;GDP (current US$);NY.GDP.MKTP.CD;;;;;;;;;;;;;;;;;;;;;;;;;;;;;;;4,10E+14;3,01E+14;3,51E+14;4,12E+14;4,82E+14;6,06E+14;6,78E+14;6,25E+14;6,72E+14;6,56E+14;6,22E+14;6,81E+14;8,26E+13;1,00E+14;1,20E+14;1,37E+12;1,56E+14;1,90E+14;2,37E+13;2,07E+14;2,11E+13;2,31E+14;2,10E+14;2,13E+14;2,11E+14;1,89E+14;1,98E+14;2,22E+14;2,52E+14;2,57E+13;2,51E+14;2,91E+14;3,02E+14;3,45E+14;3,47E+14;;
Germany;DEU;GDP (current US$);NY.GDP.MKTP.CD;8,46E+14;9,66E+14;1,06E+14;1,12E+12;1,23E+14;1,35E+14;1,43E+14;1,45E+13;1,57E+14;1,78E+13;2,17E+14;2,51E+14;3,01E+14;4,00E+14;4,47E+14;4,92E+14;5,22E+14;6,03E+14;7,43E+14;8,85E+14;9,54E+14;8,03E+14;7,79E+14;7,74E+14;7,28E+14;7,35E+14;1,05E+13;1,30E+14;1,41E+14;1,40E+14;1,78E+14;1,88E+14;2,14E+14;2,08E+13;2,22E+14;2,59E+14;2,51E+14;2,22E+14;2,25E+14;2,21E+14;1,97E+13;1,97E+14;2,10E+14;2,53E+14;2,85E+14;2,89E+14;3,05E+14;3,48E+14;3,81E+12;3,48E+14;3,47E+14;3,82E+14;3,60E+14;3,81E+14;3,96E+14;3,43E+14;3,54E+12;3,77E+14;4,06E+14;3,96E+14;3,94E+14;4,36E+14;4,20E+14;4,56E+14;4,69E+14;;
Djibouti;DJI;GDP (current US$);NY.GDP.MKTP.CD;;;;;;;;;;;;;;;;;;;;;;;;;;3,41E+14;;3,73E+14;3,96E+14;4,09E+14;4,52E+14;4,62E+14;4,78E+14;4,66E+13;4,92E+14;4,98E+14;4,94E+13;5,03E+14;5,14E+14;5,36E+14;5,51E+14;5,72E+14;5,91E+14;6,22E+14;6,66E+14;7,09E+14;7,69E+14;8,48E+14;9,99E+14;1,05E+14;1,13E+13;1,24E+14;1,35E+13;2,04E+14;2,22E+14;2,42E+14;2,60E+14;2,76E+14;2,91E+14;3,09E+14;3,14E+13;3,39E+14;3,56E+14;3,90E+14;4,15E+14;;
Dominica;DMA;GDP (current US$);NY.GDP.MKTP.CD;;;;;;;;;;;;;;;;;;4,59E+14;5,71E+14;5,50E+14;7,28E+14;8,21E+14;8,95E+14;9,87E+14;1,09E+14;1,19E+14;1,35E+14;1,52E+14;1,71E+14;1,85E+14;2,01E+13;2,20E+14;2,34E+14;2,46E+14;2,64E+14;2,75E+14;2,92E+14;3,03E+14;3,22E+14;3,32E+14;3,33E+13;3,77E+14;375200000;3,73E+14;3,97E+14;3,91E+14;4,17E+14;4,45E+14;4,80E+14;5,16E+14;5,20E+14;5,32E+14;5,20E+14;5,45E+14;5,72E+14;5,83E+14;6,13E+14;5,63E+14;6,28E+14;6,44E+14;5,29E+14;5,63E+14;6,23E+14;6,59E+14;6,89E+14;;
Denmark;DNK;GDP (current US$);NY.GDP.MKTP.CD;6,36E+14;7,06E+14;7,95E+14;8,47E+14;9,68E+14;1,09E+14;1,19E+14;1,31E+14;1,35E+14;1,54E+14;1,71E+14;1,91E+14;2,32E+14;3,07E+14;3,41E+14;4,04E+14;4,45E+14;4,97E+14;6,03E+13;7,04E+13;7,08E+14;6,15E+14;6,01E+14;6,03E+14;5,89E+14;6,25E+14;8,77E+14;1,09E+14;1,16E+14;1,12E+14;1,38E+14;1,39E+14;1,53E+14;1,43E+14;1,56E+14;1,85E+14;1,87E+14;1,73E+14;1,77E+14;1,78E+14;1,64E+13;1,65E+14;1,79E+14;2,18E+14;2,52E+14;2,65E+14;2,83E+14;3,20E+14;3,55E+14;3,23E+14;3,22E+13;3,44E+14;3,27E+14;3,45E+13;3,53E+14;3,02E+14;3,12E+14;3,32E+14;3,55E+14;3,45E+14;3,56E+14;4,06E+14;4,00E+14;4,05E+14;4,25E+14;;
Dominican Republic;DOM;GDP (current US$);NY.GDP.MKTP.CD;672399700;654100200;824100000;940799900;1025599900;888100000;983900000;1034800000;1079100000;1230500000;1485500000;1666500000;1987400000;2344800000;2925700000;3599200000;3951500000;4587100000;4734400000;5498800000;6761300000;7561300000;8267400000;9220600000;11594000000;5,04E+14;6,12E+14;5,83E+14;5,37E+14;6,69E+14;7,07E+14;9,82E+14;11605382504;13081042400;1,46E+14;1,66E+14;1,82E+14;2,00E+14;2,17E+14;2,21E+14;2,43E+14;2,56E+14;2,71E+14;2,14E+14;2,23E+13;3,58E+14;3,79E+14;4,40E+14;4,81E+13;4,82E+14;5,38E+14;5,79E+13;6,06E+14;6,26E+13;6,70E+14;7,10E+14;7,56E+14;7,91E+14;8,50E+14;8,91E+13;7,85E+14;9,49E+14;1,13E+12;1,20E+14;1,24E+14;;
Algeria;DZA;GDP (current US$);NY.GDP.MKTP.CD;2,72E+14;2,43E+14;2,00E+14;2,70E+14;2,91E+13;3,14E+14;3,04E+14;3,37E+14;3,85E+14;4,26E+14;4,86E+14;5,08E+14;6,77E+14;8,71E+14;1,32E+14;1,56E+13;1,77E+14;2,10E+14;2,64E+14;3,32E+14;4,23E+14;4,43E+14;4,52E+14;4,88E+14;5,37E+14;5,79E+14;6,37E+14;6,67E+13;5,91E+14;5,56E+14;6,20E+14;4,57E+14;4,80E+14;4,99E+14;4,25E+14;4,18E+14;4,69E+14;4,82E+14;4,82E+14;4,86E+14;5,48E+14;5,94E+14;6,15E+14;7,35E+14;9,19E+14;1,07E+14;1,23E+13;1,42E+14;1,80E+14;1,50E+14;1,78E+14;2,18E+14;2,27E+14;2,30E+14;2,39E+13;1,87E+14;1,81E+14;1,90E+14;1,95E+14;1,93E+14;1,65E+14;1,86E+14;2,26E+14;2,48E+14;2,69E+14;;
East Asia & Pacific (excluding high income);EAP;GDP (current US$);NY.GDP.MKTP.CD;8,09E+14;7,12E+13;6,50E+14;7,03E+14;8,12E+14;9,46E+14;1,03E+14;1,00E+14;1,02E+14;1,14E+14;1,27E+14;1,37E+14;1,56E+14;1,96E+14;2,22E+14;2,49E+14;2,53E+14;2,92E+14;2,83E+14;3,28E+14;3,78E+14;4,04E+14;4,24E+14;4,44E+14;4,81E+14;5,27E+14;5,25E+14;5,19E+14;5,76E+14;6,23E+14;6,67E+14;7,25E+14;8,13E+14;8,92E+14;1,07E+14;1,33E+14;1,52E+14;1,58E+13;1,44E+14;1,59E+14;1,75E+14;1,86E+13;2,06E+14;2,34E+14;2,71E+14;3,14E+14;3,78E+14;4,79E+14;6,06E+14;6,58E+14;8,01E+14;9,77E+13;1,09E+14;1,20E+14;1,30E+14;1,35E+14;1,38E+14;1,51E+14;1,69E+14;1,75E+14;1,78E+14;2,12E+14;2,16E+14;2,16E+14;2,23E+14;;
Early-demographic dividend;EAR;GDP (current US$);NY.GDP.MKTP.CD;1,45E+14;1,58E+14;1,59E+14;1,76E+14;2,02E+14;2,19E+14;2,17E+14;2,29E+14;2,50E+13;2,79E+13;2,97E+14;3,20E+14;3,53E+14;4,51E+14;6,33E+14;6,77E+14;7,40E+14;8,27E+14;9,45E+14;1,11E+14;1,38E+14;1,53E+14;1,46E+13;1,47E+14;1,49E+14;1,49E+14;1,50E+14;1,52E+14;1,61E+13;1,63E+14;1,92E+14;2,03E+14;2,21E+14;2,38E+14;2,50E+14;2,62E+13;2,84E+14;3,03E+14;2,92E+14;3,09E+14;3,38E+14;3,35E+14;3,26E+14;3,62E+14;4,21E+14;4,90E+14;5,60E+14;6,63E+14;7,46E+14;7,18E+14;8,72E+14;9,83E+14;1,03E+14;1,03E+14;1,05E+14;1,01E+14;1,04E+14;1,13E+14;1,15E+14;1,17E+14;1,08E+14;1,27E+14;1,40E+14;1,49E+14;1,58E+14;;
East Asia & Pacific;EAS;GDP (current US$);NY.GDP.MKTP.CD;1,57E+14;1,59E+14;1,62E+14;1,81E+14;2,08E+14;2,31E+14;2,59E+14;2,81E+14;3,11E+13;3,59E+14;4,13E+14;4,59E+14;5,70E+14;7,52E+14;8,68E+14;9,50E+14;1,04E+14;1,24E+14;1,57E+14;1,71E+12;1,85E+14;2,04E+13;1,99E+14;2,12E+14;2,27E+14;2,39E+14;3,13E+14;3,67E+14;4,42E+14;4,60E+14;4,80E+14;5,43E+14;5,93E+14;6,64E+14;7,43E+14;8,43E+14;8,13E+13;7,77E+14;6,96E+14;7,77E+14;8,41E+14;7,83E+14;7,96E+13;8,75E+14;9,82E+14;1,05E+14;1,11E+14;1,24E+14;1,43E+14;1,48E+14;1,72E+14;2,00E+14;2,14E+14;2,17E+14;2,24E+14;2,23E+14;2,31E+14;2,47E+14;2,69E+14;2,74E+14;2,76E+14;3,17E+14;3,13E+14;3,14E+13;3,20E+13;;
Europe & Central Asia (excluding high income);ECA;GDP (current US$);NY.GDP.MKTP.CD;;;;;;;;;;;;;;;;;;;;;;;;;;;;2,35E+14;2,61E+14;2,96E+13;3,54E+14;3,41E+14;3,28E+14;3,39E+14;2,66E+14;3,74E+14;3,95E+14;4,21E+14;4,21E+14;3,84E+14;3,91E+13;3,36E+14;3,91E+14;4,98E+14;6,41E+14;7,99E+14;9,30E+13;1,17E+14;1,40E+12;1,17E+14;1,39E+14;1,57E+14;1,66E+14;1,81E+14;1,74E+14;1,51E+14;1,45E+13;1,50E+13;1,48E+14;1,51E+14;1,45E+14;1,68E+14;1,82E+14;2,14E+14;2,45E+14;;
Europe & Central Asia;ECS;GDP (current US$);NY.GDP.MKTP.CD;4,27E+14;4,70E+14;5,13E+14;5,61E+14;6,20E+14;6,77E+14;7,32E+14;7,77E+14;8,19E+14;9,08E+13;1,02E+14;1,15E+14;1,38E+14;1,76E+14;1,99E+14;2,32E+14;2,41E+14;2,73E+14;3,34E+14;4,08E+14;4,61E+14;4,11E+14;3,96E+14;3,84E+14;3,69E+14;3,82E+14;5,21E+14;6,43E+14;7,16E+14;7,26E+14;8,87E+14;9,14E+14;9,79E+14;9,00E+14;9,41E+14;1,09E+14;1,12E+14;1,06E+14;1,08E+14;1,07E+14;1,01E+14;1,02E+14;1,12E+14;1,36E+14;1,58E+14;1,68E+14;1,82E+14;2,13E+14;2,35E+14;2,06E+14;2,11E+14;2,34E+14;2,26E+14;2,36E+14;2,39E+13;2,06E+14;2,05E+14;2,18E+14;2,33E+14;2,31E+14;2,23E+14;2,56E+14;2,58E+14;2,77E+14;2,93E+14;;
Ecuador;ECU;GDP (current US$);NY.GDP.MKTP.CD;2,07E+14;1,75E+14;1,52E+14;1,82E+14;2,24E+14;2,39E+14;2,43E+12;2,55E+14;2,58E+14;3,11E+14;2,86E+14;2,75E+14;3,19E+14;3,89E+14;6,60E+14;7,73E+14;9,09E+14;1,10E+14;1,19E+14;1,42E+14;1,79E+14;2,18E+14;1,99E+14;1,72E+14;1,69E+13;1,71E+12;1,53E+14;1,39E+14;1,31E+14;1,39E+14;1,52E+14;1,70E+14;1,81E+14;1,89E+14;2,27E+14;2,44E+14;2,52E+14;2,82E+14;2,80E+14;1,96E+14;1,75E+14;23127055000;27054197000;30965208000;35194947000;40278849000;45690762000;49848725000;61139438000;60094978000;68151329000;78986648000;87735048000;96570334000;1,03E+11;97209558000;97671433000;1,04E+11;1,07E+11;1,08E+11;95865473000;1,07E+11;1,16E+11;1,21E+11;1,25E+11;;
Egypt, Arab Rep.;EGY;GDP (current US$);NY.GDP.MKTP.CD;4,21E+14;4,49E+14;4,04E+14;4,19E+14;4,71E+14;4,95E+14;5,28E+14;5,61E+14;5,93E+14;6,52E+14;8,04E+13;8,61E+14;9,30E+14;1,01E+14;9,23E+14;1,16E+14;1,33E+14;1,44E+14;1,48E+14;1,80E+14;2,17E+14;2,21E+14;2,77E+14;3,10E+14;3,40E+14;3,91E+14;4,13E+14;4,05E+14;3,50E+14;3,98E+14;4,30E+14;3,74E+14;4,19E+14;4,66E+13;5,19E+14;6,02E+14;6,76E+14;7,84E+14;8,48E+14;9,07E+14;9,98E+14;9,67E+14;8,51E+14;8,03E+14;7,88E+14;8,97E+14;1,07E+14;1,30E+14;1,63E+14;1,89E+14;2,19E+14;2,36E+14;2,79E+14;2,88E+14;3,06E+14;3,29E+14;3,32E+14;2,48E+13;2,63E+13;3,19E+14;3,84E+14;4,25E+14;4,77E+14;3,96E+14;3,89E+14;;
Euro area;EMU;GDP (current US$);NY.GDP.MKTP.CD;2,52E+14;2,80E+14;3,10E+14;3,41E+14;3,78E+13;4,13E+14;4,47E+14;4,74E+14;5,10E+14;5,70E+14;6,46E+14;7,32E+14;8,84E+14;1,15E+14;1,30E+13;1,51E+14;1,57E+14;1,79E+13;2,19E+14;2,66E+13;2,97E+14;2,58E+13;2,50E+14;2,44E+14;2,34E+14;2,40E+14;3,38E+14;4,18E+14;4,59E+14;4,69E+14;5,91E+14;6,13E+14;6,75E+14;6,18E+13;6,53E+13;7,54E+14;7,63E+14;6,98E+14;7,17E+14;7,15E+14;6,53E+14;6,63E+14;7,24E+14;8,92E+14;1,02E+14;1,06E+14;1,13E+14;1,30E+14;1,43E+14;1,31E+14;1,28E+14;1,38E+14;1,28E+14;1,34E+14;1,37E+13;1,18E+14;1,21E+14;1,28E+14;1,39E+14;1,36E+14;1,33E+14;1,49E+14;1,45E+14;1,59E+13;1,65E+13;;
Eritrea;ERI;GDP (current US$);NY.GDP.MKTP.CD;;;;;;;;;;;;;;;;;;;;;;;;;;;;;;;;;4,77E+14;4,68E+14;5,32E+14;578015625;6,94E+14;6,86E+14;7,46E+14;6,89E+14;7,06E+14;7,52E+14;7,29E+14;8,70E+14;1,11E+14;1,10E+14;1,21E+13;1,32E+14;1380188800;1,86E+14;1,59E+14;2,07E+14;;;;;;;;;;;;;;;
Spain;ESP;GDP (current US$);NY.GDP.MKTP.CD;1,24E+14;1,42E+14;1,66E+14;1,96E+14;2,20E+14;2,55E+14;2,96E+14;3,26E+14;3,24E+13;3,71E+14;4,10E+14;4,66E+13;5,91E+13;7,86E+14;9,72E+14;1,15E+14;1,18E+14;1,32E+14;1,60E+14;2,14E+14;2,33E+14;2,03E+14;1,96E+14;1,71E+13;1,72E+14;1,81E+14;2,51E+14;3,19E+13;3,76E+14;4,14E+14;5,36E+13;5,77E+14;6,30E+14;5,25E+14;5,30E+14;6,14E+14;6,42E+14;5,90E+14;6,19E+13;6,34E+14;5,98E+13;6,28E+14;7,09E+14;9,08E+14;1,07E+14;1,15E+14;1,26E+14;1,48E+14;1,64E+13;1,50E+14;1,43E+14;1,49E+14;1,33E+14;1,36E+14;1,38E+14;1,21E+14;1,24E+14;1,32E+14;1,43E+14;1,40E+14;1,29E+14;1,46E+14;1,45E+14;1,62E+14;1,73E+14;;
Estonia;EST;GDP (current US$);NY.GDP.MKTP.CD;;;;;;;;;;;;;;;;;;;;;;;;;;;;;;;;;;4,01E+13;4,12E+14;4,50E+14;4,79E+14;5,15E+14;5,67E+14;5,76E+14;5,69E+14;6,25E+14;7,37E+13;9,88E+14;1,21E+14;1,41E+14;1,70E+14;2,25E+14;2,43E+14;1,96E+14;1,95E+13;2,33E+14;2,32E+14;2,55E+14;2,71E+14;2,33E+14;2,46E+14;2,75E+14;3,12E+14;3,19E+14;3,18E+14;3,72E+14;3,82E+12;4,15E+14;4,31E+12;;
Ethiopia;ETH;GDP (current US$);NY.GDP.MKTP.CD;1,61E+14;1,68E+13;1,75E+13;1,83E+14;19841291856;21599985912;2324466416;24617620028;26199488648;2768987372;30453544548;3,22E+14;3,52E+14;4,07E+13;4,58E+14;4,58E+14;4,94E+14;5,65E+14;6,01E+14;6,59E+14;7,01E+14;7,51E+14;7,90E+14;8,78E+14;8,30E+14;9,72E+14;1,01E+14;1,08E+13;1,12E+14;1,18E+14;1,25E+14;1,38E+14;1,08E+14;9,05E+14;7,10E+14;7,86E+14;8,76E+14;8,80E+14;8,01E+14;7,89E+14;8,24E+13;8,23E+14;7,85E+14;8,62E+14;1,01E+14;1,24E+14;1,53E+14;1,97E+14;2,71E+14;3,24E+13;2,99E+14;3,20E+12;4,33E+14;4,76E+14;5,56E+14;6,21E+14;6,85E+13;7,64E+14;8,33E+14;9,18E+13;9,87E+14;1,09E+14;1,23E+11;1,36E+14;1,50E+14;;
European Union;EUU;GDP (current US$);NY.GDP.MKTP.CD;2,85E+14;3,17E+14;3,50E+14;3,85E+14;4,27E+14;4,67E+14;5,06E+14;5,38E+14;5,78E+14;6,44E+14;7,29E+14;8,24E+14;9,94E+14;1,29E+14;1,46E+14;1,69E+14;1,78E+14;2,01E+14;2,45E+14;2,96E+14;3,31E+14;2,89E+14;2,79E+14;2,71E+14;2,61E+12;2,69E+14;3,75E+14;4,64E+14;5,09E+12;5,20E+14;6,51E+14;6,73E+14;7,39E+14;6,75E+14;7,16E+14;8,30E+13;8,43E+13;7,74E+14;7,97E+14;7,94E+14;7,29E+14;7,41E+14;8,10E+14;9,96E+14;1,14E+14;1,20E+13;1,28E+14;1,48E+13;1,64E+14;1,48E+13;1,46E+14;1,59E+14;1,47E+14;1,54E+14;1,58E+14;1,37E+14;1,40E+14;1,49E+14;1,61E+14;1,58E+14;1,55E+14;1,75E+14;1,70E+14;1,87E+14;1,95E+14;;
Fragile and conflict affected situations;FCS;GDP (current US$);NY.GDP.MKTP.CD;3,40E+14;3,55E+14;3,93E+13;4,49E+14;4,06E+14;4,46E+14;4,76E+14;4,70E+14;5,19E+14;5,82E+14;6,93E+14;7,14E+14;8,27E+14;1,02E+14;1,54E+14;1,69E+14;2,01E+13;2,21E+14;2,43E+13;3,06E+14;3,88E+14;5,10E+14;4,87E+14;4,20E+14;3,78E+14;3,84E+14;3,54E+14;3,56E+14;3,87E+14;3,83E+14;5,46E+13;3,86E+14;3,44E+14;3,51E+14;3,53E+14;4,31E+14;4,66E+14;5,21E+14;5,35E+13;3,99E+14;4,67E+14;4,57E+14;4,46E+12;4,70E+14;5,96E+14;7,56E+14;9,47E+14;1,16E+14;1,48E+13;1,34E+14;1,60E+14;1,67E+14;1,86E+14;1,83E+14;1,79E+14;1,48E+14;1,36E+14;1,44E+14;1,56E+13;1,81E+13;1,61E+14;1,74E+14;1,92E+14;1,78E+13;1,65E+14;;
Finland;FIN;GDP (current US$);NY.GDP.MKTP.CD;5,28E+14;5,98E+14;6,41E+14;6,96E+14;7,85E+14;8,68E+14;9,31E+14;9,47E+14;8,92E+14;1,02E+14;1,14E+14;1,25E+14;1,47E+14;1,95E+14;2,49E+14;2,95E+14;3,19E+14;3,35E+13;3,63E+14;4,45E+14;5,37E+13;5,24E+14;5,28E+14;5,10E+14;5,29E+14;5,59E+14;7,35E+14;9,16E+14;1,09E+14;1,19E+14;1,41E+14;1,28E+14;1,13E+14;8,91E+14;1,03E+14;1,34E+13;1,32E+14;1,27E+14;1,34E+14;1,35E+14;1,26E+14;1,30E+14;1,40E+14;1,72E+14;1,97E+14;2,05E+14;2,17E+14;2,56E+14;2,86E+14;2,53E+14;2,49E+14;2,75E+14;2,57E+14;2,70E+14;2,73E+14;2,33E+13;2,39E+14;2,54E+11;2,74E+14;2,67E+14;2,70E+14;2,94E+14;2,80E+13;2,95E+13;2,99E+14;;
Fiji;FJI;GDP (current US$);NY.GDP.MKTP.CD;1,12E+14;1,17E+14;1,23E+14;1,29E+14;1,40E+14;1,47E+14;1,51E+14;1,63E+14;1,67E+14;1,82E+14;2,20E+14;2,48E+14;3,17E+14;4,26E+14;5,59E+14;6,84E+14;6,95E+14;7,20E+14;8,29E+14;1,02E+14;1,20E+14;1,24E+14;1,19E+14;1,12E+14;1,18E+14;1,14E+14;1,29E+14;1,18E+14;1,11E+14;1,18E+14;1,34E+14;1,38E+12;1,53E+14;1,64E+13;1,83E+14;1,97E+14;2,13E+14;2,09E+14;1,65E+14;1,94E+14;1,68E+14;1,65E+14;1,83E+14;2,30E+14;2,71E+14;2,98E+14;3,08E+14;3,38E+14;3,52E+14;2,87E+14;3,14E+14;3,78E+14;3,97E+14;4,19E+14;4,86E+14;4,68E+14;4,93E+14;5,35E+14;5,58E+14;5,34E+14;4,23E+13;4,16E+14;4,98E+14;5,48E+14;5,97E+14;;
France;FRA;GDP (current US$);NY.GDP.MKTP.CD;6,20E+14;6,72E+14;7,52E+14;8,42E+14;9,34E+14;1,01E+13;1,09E+14;1,18E+14;1,29E+14;1,41E+13;1,47E+14;1,65E+14;2,02E+14;2,62E+14;2,83E+14;3,57E+14;3,68E+14;4,06E+14;5,02E+14;6,08E+14;6,95E+13;6,09E+14;5,78E+14;5,53E+14;5,25E+14;6,17E+14;7,65E+14;9,26E+14;1,01E+14;1,02E+14;1,26E+14;1,26E+14;1,39E+14;1,31E+14;1,39E+14;1,60E+14;1,60E+14;1,45E+14;1,50E+14;1,49E+14;1,36E+14;1,37E+14;1,49E+14;1,84E+14;2,11E+14;2,19E+14;2,32E+14;2,66E+14;2,93E+14;2,70E+14;2,65E+14;2,87E+14;2,68E+14;2,82E+14;2,86E+14;2,44E+13;2,47E+14;2,59E+14;2,78E+14;2,72E+14;2,65E+14;2,97E+14;2,79E+14;3,06E+14;3,16E+14;;
Faroe Islands;FRO;GDP (current US$);NY.GDP.MKTP.CD;;;;;;5,80E+14;6,44E+14;6,62E+14;6,52E+14;7,01E+14;8,49E+14;9,92E+14;1,19E+14;1,61E+14;1,97E+14;2,27E+14;2,70E+14;3,48E+14;3,98E+14;4,49E+14;4,93E+14;4,56E+14;4,44E+14;4,87E+14;4,26E+14;4,59E+14;6,89E+14;8,87E+14;9,69E+14;8,72E+14;9,61E+14;9,09E+13;9,13E+14;7,61E+14;7,59E+14;9,01E+14;9,90E+14;9,34E+14;1,10E+14;1,13E+14;1,07E+14;1,16E+14;1,28E+14;1,50E+14;1,72E+14;1,76E+14;2,02E+14;2,34E+14;2,49E+14;2,30E+14;2,33E+14;2,51E+14;2,43E+14;2,69E+14;2,91E+14;2,57E+14;2,81E+14;2,98E+14;3,19E+14;3,27E+14;3,27E+13;3,70E+14;3,62E+14;3,94E+13;4,05E+14;;
Micronesia, Fed. Sts.;FSM;GDP (current US$);NY.GDP.MKTP.CD;;;;;;;;;;;19885926;21783158;25100928;34821467;46095175;46119184;46813193;47305560;53656834;60270778;64186644;76472529;80055706;84110353;84676118;101931941;112210000;116700000;124700000;135200000;147200000;166200000;178100000;198400000;202500000;2,20E+14;2,17E+14;2,04E+14;2,17E+14;2,17E+14;2,30E+14;2,36E+14;2,38E+14;2,41E+14;2,36E+14;2,46E+14;2,49E+14;2,52E+14;2,58E+14;2,75E+14;2,91E+14;3,07E+14;3,23E+14;3,13E+14;3,14E+14;3,10E+14;325000000;359000000;392000000;394000000;372902700;391601900;415956900;441469400;4,71E+14;;
Gabon;GAB;GDP (current US$);NY.GDP.MKTP.CD;1,41E+14;1,68E+14;1,83E+14;1,54E+14;2,16E+14;2,26E+14;2,46E+14;2,72E+14;2,94E+14;3,18E+14;3,24E+14;3,82E+14;4,31E+14;7,23E+14;1,54E+14;2,16E+14;3,01E+14;2,81E+14;2,39E+14;3,03E+14;4,28E+14;3,86E+14;3,62E+14;3,39E+14;3,56E+14;3,34E+14;3,40E+14;3,28E+14;3,83E+14;4,19E+14;5,95E+14;5,40E+14;5,59E+14;4,38E+14;4,19E+14;4,96E+14;5,69E+14;5,33E+14;4,48E+14;4,66E+13;5,08E+14;5,02E+13;5,34E+14;6,51E+14;7,77E+14;9,58E+14;1,03E+14;1,25E+14;1,56E+14;1,21E+14;1,44E+14;1,82E+14;1,72E+14;1,76E+14;1,82E+14;1,44E+14;1,40E+14;1,49E+14;1,69E+14;1,69E+13;1,53E+14;1,94E+14;2,04E+14;1,94E+14;2,09E+14;;
United Kingdom;GBR;GDP (current US$);NY.GDP.MKTP.CD;7,32E+14;7,77E+14;8,12E+14;8,66E+14;9,44E+14;1,02E+14;1,09E+14;1,13E+14;1,08E+14;1,16E+14;1,31E+12;1,48E+13;1,70E+14;1,93E+14;2,06E+14;2,42E+14;2,33E+14;2,63E+14;3,36E+14;4,39E+14;5,65E+14;5,41E+14;5,15E+13;4,90E+14;4,61E+14;4,89E+14;6,01E+14;7,45E+14;9,10E+14;9,27E+14;1,09E+14;1,14E+14;1,18E+14;1,06E+14;1,14E+14;1,35E+14;1,43E+14;1,57E+14;1,66E+14;1,69E+13;1,67E+14;1,66E+14;1,79E+14;2,06E+14;2,43E+14;2,55E+14;2,72E+14;3,10E+14;2,95E+14;2,43E+14;2,50E+14;2,68E+14;2,72E+14;2,80E+14;3,09E+14;2,95E+14;2,71E+14;2,70E+13;2,90E+14;2,88E+13;2,72E+14;3,19E+14;3,18E+14;3,42E+14;3,69E+14;;
Georgia;GEO;GDP (current US$);NY.GDP.MKTP.CD;;;;;;;;;;;;;;;;;;;;;;;;;;;;7,32E+13;8,83E+14;8,90E+14;7,74E+14;6,32E+14;3,69E+14;2,70E+14;2,51E+14;2,69E+14;3,09E+13;3,51E+14;3,61E+14;2,80E+14;3,06E+14;3,22E+13;3,40E+14;3,99E+14;5,13E+14;6,41E+14;7,75E+14;1,02E+14;1,28E+14;1,08E+14;1,24E+14;1,55E+14;1,69E+14;1,75E+14;1,80E+14;1,52E+14;1,54E+14;1,65E+14;1,79E+14;1,76E+14;1,60E+12;1,89E+14;2,50E+13;3,08E+14;3,42E+14;;
Ghana;GHA;GDP (current US$);NY.GDP.MKTP.CD;1,22E+14;1,30E+14;1,38E+14;1,54E+14;1,73E+14;2,05E+13;2,13E+14;1,75E+13;1,67E+14;1,96E+13;2,22E+14;2,42E+14;2,11E+14;3,01E+14;2,89E+13;2,81E+14;2,77E+14;3,19E+14;3,66E+14;4,02E+14;4,45E+14;4,22E+14;4,04E+13;4,06E+14;4,41E+14;4,50E+14;5,74E+14;5,07E+14;5,20E+14;5,25E+12;5,89E+14;6,60E+14;6,42E+14;5,97E+14;5,45E+14;6,46E+14;6,93E+14;6,89E+14;7,48E+14;7,72E+14;4,98E+14;5,31E+13;6,17E+14;7,63E+14;8,88E+14;1,07E+14;2,09E+14;2,48E+14;2,87E+14;2,60E+14;3,22E+14;3,93E+13;4,13E+13;6,28E+13;5,47E+14;4,94E+14;5,61E+14;6,04E+14;6,73E+14;6,84E+14;7,00E+14;7,95E+14;7,39E+14;8,05E+14;8,23E+14;;
Gibraltar;GIB;GDP (current US$);NY.GDP.MKTP.CD;;;;;;;;;;;;;;;;;;;;;;;;;;;;;;;;;;;;;;;;;;;;;;;;;;;;;;;;;;;;;;;;;;;
Guinea;GIN;GDP (current US$);NY.GDP.MKTP.CD;;;;;;;;;;;3,22E+14;3,59E+14;4,20E+14;5,15E+14;5,69E+14;6,10E+14;6,76E+13;6,91E+14;8,09E+13;8,88E+14;9,75E+14;9,65E+14;1,19E+14;1,51E+14;1,84E+14;2,28E+14;2,91E+12;2,98E+14;3,48E+14;3,55E+14;3,89E+14;4,40E+13;4,79E+14;4,78E+14;4,93E+14;5,39E+14;5,64E+14;5,52E+13;5,23E+13;5,05E+14;4,37E+14;4,13E+14;4,30E+14;5,03E+14;5,30E+14;4,28E+14;4,22E+14;6,28E+14;6,96E+14;6,72E+14;6,85E+14;6,79E+14;7,64E+14;8,38E+14;8,78E+14;8,79E+14;8,60E+14;1,03E+14;1,19E+14;1,34E+14;1,41E+14;1,71E+14;1,99E+14;2,24E+14;2,50E+14;;
Gambia, The;GMB;GDP (current US$);NY.GDP.MKTP.CD;;;;;;;4,42E+14;4,67E+14;4,12E+14;4,52E+14;5,23E+14;5,57E+13;5,92E+14;7,52E+14;9,58E+14;1,15E+14;1,12E+14;1,38E+13;1,72E+14;2,07E+14;2,41E+14;2,19E+14;2,16E+14;2,13E+14;1,77E+14;2,26E+14;1,86E+14;2,21E+14;2,67E+14;2,84E+14;3,17E+14;6,90E+14;7,14E+14;7,55E+14;7,46E+14;7,86E+14;8,48E+13;8,04E+14;8,40E+14;8,15E+14;7,83E+13;6,87E+14;5,78E+14;4,87E+14;9,62E+14;1,03E+14;1,05E+14;1,28E+13;1,56E+14;1,45E+14;1,54E+14;1,41E+14;1,42E+14;1,38E+14;1,23E+14;1,38E+14;1,48E+14;1,50E+14;1,67E+14;1,81E+14;1,81E+14;2,01E+14;2,20E+14;2,38E+14;2,40E+14;;
Guinea-Bissau;GNB;GDP (current US$);NY.GDP.MKTP.CD;;;;;;;;;;;2,05E+13;2,04E+14;2,28E+13;2,32E+14;2,57E+14;2,83E+13;2,92E+14;2,99E+14;3,19E+14;3,08E+14;2,88E+14;4,02E+14;4,30E+14;4,25E+14;3,60E+14;3,74E+14;3,39E+14;4,52E+13;4,28E+14;5,54E+14;6,34E+14;6,68E+14;5,88E+13;6,16E+14;6,13E+14;6,60E+14;7,03E+14;6,98E+14;5,91E+14;5,79E+14;3,91E+14;4,13E+14;4,67E+14;5,54E+14;5,82E+14;6,40E+14;6,35E+14;7,53E+14;9,53E+14;8,90E+14;9,40E+14;1,16E+14;1,05E+14;1,11E+14;1,14E+13;1,15E+14;1,25E+14;1,47E+14;1,55E+14;1,60E+14;1,71E+14;1,91E+14;1,86E+14;2,13E+14;2,22E+14;;
Equatorial Guinea;GNQ;GDP (current US$);NY.GDP.MKTP.CD;;;3,73E+14;4,43E+14;51915000;6,47E+14;69110000;7,23E+14;6,75E+14;6,72E+14;6,63E+14;6,49E+13;6,54E+13;8,12E+14;9,42E+14;1,04E+14;1,04E+13;1,04E+14;;;5,06E+14;3,67E+14;4,43E+13;4,44E+12;5,03E+14;6,21E+14;7,64E+14;9,33E+12;1,01E+14;8,83E+13;1,12E+14;1,11E+14;1,35E+13;1,36E+14;1,01E+14;1,42E+14;2,32E+14;4,42E+13;3,71E+14;6,21E+14;1,05E+14;1,46E+14;1,81E+14;2,48E+14;4,41E+14;8,22E+14;1,01E+14;1,31E+14;1,97E+14;1,50E+14;1,63E+14;2,14E+14;2,24E+14;2,19E+14;2,18E+14;1,32E+14;1,12E+14;1,22E+14;1,31E+14;1,14E+14;9,89E+13;1,22E+14;1,37E+14;1,23E+13;1,28E+14;;
Greece;GRC;GDP (current US$);NY.GDP.MKTP.CD;4,27E+14;4,89E+14;5,14E+14;5,81E+14;6,58E+14;7,58E+14;8,47E+14;9,15E+12;9,95E+14;1,15E+14;1,30E+14;1,44E+14;1,67E+14;2,20E+14;2,50E+14;2,81E+12;3,07E+13;3,57E+14;4,37E+14;5,37E+14;5,60E+14;5,16E+14;5,39E+14;4,87E+14;4,74E+13;4,72E+14;5,56E+14;6,47E+14;7,52E+14;7,81E+14;9,65E+14;1,04E+14;1,15E+14;1,07E+13;1,15E+14;1,35E+14;1,43E+13;1,39E+14;1,40E+14;1,37E+14;1,26E+14;1,32E+13;1,50E+14;1,97E+14;2,35E+14;2,42E+14;2,69E+14;3,14E+14;3,51E+14;3,27E+14;2,96E+14;2,83E+14;2,39E+14;2,37E+14;2,34E+14;1,95E+14;1,93E+13;2,00E+14;2,13E+14;2,07E+14;1,91E+14;2,18E+14;2,18E+13;2,43E+14;2,56E+14;;
Grenada;GRD;GDP (current US$);NY.GDP.MKTP.CD;;;;;;;;;;;;;;;;;;7,15E+14;8,83E+14;1,02E+14;1,11E+14;1,16E+14;125435590;1,32E+14;1,46E+14;1,68E+14;1,88E+14;2,15E+13;2,36E+14;2,67E+14;2,78E+14;3,01E+14;3,10E+14;3,10E+14;3,25E+14;3,42E+14;3,67E+14;3,92E+14;4,46E+14;4,82E+13;5,20E+13;5,20E+14;5,40E+14;5,91E+14;5,99E+14;6,96E+14;6,99E+14;7,59E+14;8,26E+14;7,71E+14;7,71E+14;7,79E+14;8,00E+14;8,43E+14;9,11E+14;9,97E+14;1,06E+14;1,13E+14;1,17E+14;1,21E+14;1,04E+14;1,12E+14;1,22E+14;1,34E+14;1,37E+14;;
Greenland;GRL;GDP (current US$);NY.GDP.MKTP.CD;;;;;;;;;;;6,95E+14;8,85E+14;1,06E+14;1,40E+14;1,70E+14;2,11E+14;2,41E+12;2,82E+14;3,56E+13;4,21E+14;4,76E+14;4,36E+14;4,02E+14;4,16E+14;3,79E+14;4,13E+14;6,03E+14;7,87E+14;8,99E+14;9,30E+14;1,02E+14;1,02E+14;1,04E+14;9,27E+13;1,01E+14;1,21E+14;1,20E+14;1,07E+14;1,15E+14;1,13E+14;1,07E+14;1,09E+13;1,17E+14;1,56E+14;1,82E+14;1,85E+14;2,01E+14;2,25E+13;2,50E+14;2,53E+14;2,50E+14;2,68E+14;2,61E+14;2,68E+14;2,84E+14;2,50E+14;2,71E+14;2,85E+14;3,06E+14;3,00E+14;3,09E+14;3,29E+14;3,15E+14;3,33E+14;;;
Guatemala;GTM;GDP (current US$);NY.GDP.MKTP.CD;1043599900;1076699900;1143600000;1262800000;1299099900;1331399900;1390700000;1453500000;1610500000;1715399900;1904000000;1984800000;2101300000;2569200100;3161499900;3645900000;4365300200;5480500200;6070600200;6902600200;7878700000;8607500300;8716999700;9050000400;9470000100;9,72E+14;7,23E+14;7084399840;7,84E+14;8,41E+14;7,65E+14;9,41E+14;1,04E+14;1,14E+14;1,30E+14;1,47E+14;1,57E+14;1,78E+14;1,94E+14;1,83E+14;1,93E+14;1,84E+14;2,04E+13;2,16E+14;2,36E+14;2,68E+13;2,97E+14;3,36E+14;3,85E+14;3,71E+14;4,07E+14;4,69E+14;4,96E+14;5,30E+14;5,79E+14;6,22E+14;6,61E+14;7,17E+14;7,33E+14;7,72E+14;7,77E+14;8,65E+14;9,56E+14;1,04E+14;1,13E+14;;
Guam;GUM;GDP (current US$);NY.GDP.MKTP.CD;;;;;;;;;;;;;;;;;;;;;;;;;;;;;;;;;;;;;;;;;;;3394000000;3569000000;3869000000;4213000000;4238000000;4397000000;4658000000;4828000000;4949000000;4984000000;5265000000;5399000000;5610000000;5799000000;5901000000;6013000000;6051000000;6355000000;5916000000;6234000000;6910000000;;;;
Guyana;GUY;GDP (current US$);NY.GDP.MKTP.CD;1,70E+14;1,86E+14;1,95E+14;1,76E+14;1,95E+14;2,13E+14;2,29E+14;2,50E+14;229750000;249300000;267800000;282050000;2,85E+14;3,07E+14;4,34E+14;4,95E+14;454440000;449880000;507080000;530440000;603200000;5,70E+14;482000000;4,89E+14;4,38E+14;4,53E+14;5,05E+14;3,55E+14;413799990;3,80E+14;3,97E+14;3,49E+14;3,74E+14;4,54E+14;5,41E+14;6,22E+14;7,05E+14;7,49E+13;7,18E+14;6,95E+14;7,13E+14;7,12E+14;7,26E+14;7,43E+14;7,88E+14;8,25E+14;2,38E+13;2,73E+14;3,03E+14;3,17E+14;3,43E+14;3,69E+14;4,06E+14;4,17E+14;4,13E+13;4,28E+13;4,48E+14;4,75E+14;4,79E+14;5,17E+14;5,47E+14;8,04E+14;1,47E+14;1,69E+14;2,47E+14;;
High income;HIC;GDP (current US$);NY.GDP.MKTP.CD;1,09E+14;1,17E+14;1,26E+14;1,36E+14;1,48E+14;1,61E+14;1,76E+14;1,88E+14;2,04E+14;2,25E+13;2,47E+14;2,75E+14;3,19E+13;3,87E+14;4,38E+14;4,88E+14;5,32E+14;6,02E+13;7,23E+14;8,36E+14;9,33E+14;9,47E+14;9,38E+14;9,69E+14;1,01E+14;1,06E+14;1,29E+14;1,49E+14;1,68E+14;1,75E+13;1,96E+14;2,07E+14;2,21E+14;2,23E+14;2,39E+14;2,65E+14;2,67E+14;2,63E+14;2,62E+14;2,75E+14;2,81E+14;2,79E+13;2,91E+14;3,27E+14;3,65E+14;3,87E+14;4,11E+14;4,53E+13;4,85E+14;4,51E+14;4,75E+13;5,18E+14;5,19E+14;5,27E+13;5,36E+14;5,00E+14;5,09E+14;5,35E+14;5,69E+14;5,75E+14;5,59E+14;6,27E+14;6,51E+14;6,84E+14;7,13E+14;;
Hong Kong SAR, China;HKG;GDP (current US$);NY.GDP.MKTP.CD;1,32E+14;1,38E+14;1,61E+14;1,94E+14;2,21E+14;2,44E+14;2,49E+14;2,69E+14;2,72E+14;3,19E+14;3,80E+14;4,48E+14;5,71E+14;8,03E+14;9,39E+14;1,00E+14;1,29E+14;1,57E+14;1,83E+14;2,25E+12;2,89E+14;3,11E+14;3,23E+14;2,99E+13;3,35E+14;3,57E+14;4,11E+14;5,06E+14;5,97E+14;6,88E+14;7,69E+14;8,90E+14;1,04E+14;1,20E+11;1,36E+13;1,45E+14;1,60E+14;1,77E+14;1,69E+14;1,66E+14;1,72E+14;1,69E+14;1,66E+14;1,61E+14;1,69E+14;1,82E+14;1,94E+14;2,12E+12;2,19E+14;2,14E+14;2,29E+14;2,49E+14;2,63E+14;2,76E+14;2,91E+14;3,09E+14;3,21E+14;3,41E+14;3,62E+14;3,63E+14;3,45E+14;3,69E+14;3,59E+14;3,81E+14;4,07E+14;;
Honduras;HND;GDP (current US$);NY.GDP.MKTP.CD;475650000;503300000;532450000;553500000;591100000;651050000;692150000;750950000;815450000;844400000;904400000;958450000;1,03E+14;1,13E+14;1243000000;1330050000;1589300000;1900700000;2393650000;2778900000;3184400000;3501800000;3619500000;3840550000;4029900000;4328300000;4706100000;5024800000;4,89E+14;4,38E+14;3,73E+14;3,70E+14;4,12E+14;4,19E+14;4,11E+14;4,67E+14;4,80E+14;5,57E+14;6,16E+14;6,39E+14;7,19E+14;7,65E+13;7,86E+14;8,23E+14;8,87E+13;9,76E+14;1,09E+14;1,24E+14;1,39E+14;1,46E+14;1,58E+14;1,77E+14;1,85E+14;1,85E+13;1,98E+14;2,10E+13;2,17E+14;2,31E+14;2,41E+13;2,49E+14;2,34E+13;2,81E+14;3,14E+14;3,44E+14;3,71E+14;;
Heavily indebted poor countries (HIPC);HPC;GDP (current US$);NY.GDP.MKTP.CD;2,19E+13;2,26E+14;2,46E+14;2,89E+14;2,69E+14;3,04E+14;3,30E+14;3,25E+14;3,50E+14;3,85E+13;3,72E+14;4,01E+14;4,46E+14;5,46E+14;6,43E+14;7,24E+13;7,76E+12;8,99E+14;1,05E+14;1,15E+14;1,27E+14;1,28E+13;1,29E+13;1,28E+14;1,31E+14;1,37E+14;1,26E+14;1,35E+14;1,42E+14;1,44E+14;1,65E+14;1,80E+14;1,37E+14;1,42E+14;1,22E+14;1,41E+14;1,55E+14;1,62E+14;1,68E+14;1,68E+14;1,82E+14;1,76E+14;1,91E+12;2,17E+14;2,50E+14;2,89E+13;3,39E+13;4,04E+14;4,82E+14;4,75E+14;5,19E+14;5,74E+14;5,95E+14;6,67E+14;7,05E+13;6,75E+14;6,77E+14;7,35E+14;7,90E+13;8,11E+14;8,16E+14;9,24E+12;1,00E+13;1,06E+14;1,15E+14;;
Croatia;HRV;GDP (current US$);NY.GDP.MKTP.CD;;;;;;;;;;;;;;;;;;;;;;;;;;;;;;;2,57E+14;1,88E+14;1,06E+14;1,13E+14;1,51E+14;2,28E+14;2,42E+14;2,42E+14;2,59E+14;2,38E+14;2,21E+13;2,31E+14;2,68E+14;3,52E+14;4,18E+14;4,50E+13;4,96E+14;5,93E+14;6,85E+14;6,23E+14;5,90E+14;6,29E+14;5,75E+13;5,98E+14;5,96E+14;5,10E+14;5,27E+14;5,62E+14;6,17E+14;6,15E+14;5,80E+14;6,90E+14;7,12E+14;8,56E+14;9,30E+14;;
Haiti;HTI;GDP (current US$);NY.GDP.MKTP.CD;273187200;271066000;281896800;294883400;325281200;353251800;368948600;369124200;367968800;391820400;331200000;362800000;3,72E+14;4,67E+14;5,65E+14;681400000;879000000;947000000;974200000;1080600000;1383800000;1479400000;1474200000;1623600000;1816200000;2009400000;2318000000;2047200000;2613926800;2736243800;3096289800;3,47E+14;2,26E+14;1,88E+14;2,17E+14;2,81E+14;2,91E+14;3,34E+14;3,72E+14;4,15E+14;6,81E+13;6,33E+14;6,21E+13;5,07E+14;6,09E+13;7,03E+14;7,64E+14;9,23E+14;1,04E+14;1,16E+14;1,19E+14;1,30E+14;1,37E+14;1,49E+14;1,51E+14;1,48E+14;1,41E+14;1,51E+14;1,64E+14;1,50E+14;1,45E+14;2,09E+14;2,03E+14;1,99E+14;2,52E+14;;
Hungary;HUN;GDP (current US$);NY.GDP.MKTP.CD;;;;;;;;;4,89E+14;5,43E+14;5,78E+14;6,29E+14;7,38E+14;9,14E+13;1,00E+14;1,14E+14;1,32E+14;1,48E+13;1,73E+13;2,00E+13;2,31E+14;2,37E+14;2,41E+14;2,19E+14;2,12E+14;2,15E+13;2,48E+14;2,72E+14;2,98E+14;3,04E+13;3,45E+13;3,49E+13;3,89E+14;4,03E+14;4,33E+14;4,66E+14;4,68E+14;4,74E+14;4,88E+14;4,92E+14;4,73E+14;5,38E+14;6,76E+14;8,52E+13;1,04E+14;1,13E+14;1,16E+14;1,40E+14;1,58E+14;1,31E+13;1,32E+14;1,42E+14;1,28E+14;1,36E+14;1,41E+14;1,25E+14;1,29E+14;1,43E+14;1,61E+14;1,65E+14;1,58E+14;1,83E+14;1,77E+14;2,13E+14;2,23E+14;;
IBRD only;IBD;GDP (current US$);NY.GDP.MKTP.CD;3,06E+14;3,10E+14;3,14E+14;3,46E+14;3,93E+14;4,30E+13;4,45E+13;4,57E+14;4,84E+14;5,41E+13;5,89E+14;6,42E+14;7,24E+14;9,38E+13;1,19E+14;1,28E+14;1,39E+14;1,58E+14;1,74E+14;2,04E+14;2,42E+13;2,60E+14;2,56E+14;2,53E+13;2,62E+14;2,72E+14;2,82E+14;2,91E+14;3,11E+14;3,24E+14;3,65E+14;3,53E+14;3,69E+14;3,93E+14;4,34E+14;4,99E+14;5,44E+14;5,78E+14;5,55E+14;5,41E+12;5,89E+14;5,97E+14;6,07E+14;6,81E+13;8,12E+14;9,69E+14;1,15E+14;1,43E+14;1,71E+14;1,66E+14;2,02E+14;2,40E+14;2,55E+14;2,68E+14;2,75E+14;2,59E+14;2,61E+14;2,88E+13;3,07E+14;3,14E+14;3,02E+14;3,59E+14;3,79E+14;3,92E+14;4,09E+14;;
IDA & IBRD total;IBT;GDP (current US$);NY.GDP.MKTP.CD;3,52E+14;3,58E+14;3,66E+14;4,04E+14;4,49E+14;4,93E+14;5,13E+14;5,27E+14;5,58E+14;6,23E+14;6,81E+14;7,34E+14;8,21E+13;1,05E+14;1,33E+14;1,46E+13;1,57E+14;1,77E+14;1,97E+14;2,29E+14;2,72E+14;3,05E+14;2,99E+12;2,89E+14;2,95E+14;3,07E+14;3,13E+13;3,23E+14;3,44E+14;3,58E+14;4,02E+14;3,94E+14;4,06E+14;4,31E+14;4,73E+14;5,47E+14;6,00E+14;6,36E+14;6,15E+13;5,86E+14;6,41E+14;6,48E+14;6,62E+14;7,44E+13;8,85E+14;1,05E+14;1,25E+14;1,55E+14;1,86E+14;1,80E+14;2,18E+14;2,58E+14;2,74E+14;2,89E+14;2,98E+14;2,81E+13;2,83E+14;3,11E+14;3,31E+14;3,41E+14;3,28E+14;3,87E+14;4,10E+14;4,22E+13;4,38E+14;;
IDA total;IDA;GDP (current US$);NY.GDP.MKTP.CD;4,34E+14;4,59E+14;4,94E+14;5,46E+14;5,39E+14;6,04E+14;6,52E+14;6,62E+14;7,01E+14;7,87E+13;8,75E+14;8,85E+14;9,47E+14;1,10E+14;1,44E+14;1,70E+14;1,77E+14;1,93E+14;2,19E+14;2,50E+14;2,99E+14;4,23E+14;4,03E+14;3,48E+14;3,28E+14;3,38E+14;3,06E+14;3,17E+14;3,34E+14;3,36E+14;3,79E+14;4,09E+14;3,65E+14;3,83E+12;3,96E+14;4,82E+14;5,56E+14;5,82E+14;6,06E+14;4,52E+14;5,19E+14;5,13E+14;5,54E+14;6,25E+14;7,30E+14;8,50E+14;1,02E+14;1,19E+14;1,42E+14;1,38E+14;1,60E+14;1,80E+14;1,90E+14;2,07E+14;2,23E+14;2,17E+14;2,15E+14;2,27E+14;2,41E+14;2,70E+14;2,62E+14;2,86E+14;3,08E+14;2,93E+14;2,89E+13;;
IDA blend;IDB;GDP (current US$);NY.GDP.MKTP.CD;1,24E+14;1,33E+14;1,42E+14;1,51E+14;1,66E+14;1,80E+14;1,96E+14;1,98E+14;2,10E+14;2,40E+14;3,24E+14;3,04E+13;3,42E+14;3,71E+14;5,28E+14;6,10E+14;7,34E+12;7,90E+14;8,71E+14;1,06E+14;1,34E+14;2,45E+14;2,24E+14;1,72E+14;1,49E+14;1,49E+14;1,38E+14;1,42E+14;1,48E+14;1,44E+14;1,59E+14;1,70E+14;1,65E+14;1,75E+14;1,91E+14;2,67E+14;3,28E+14;3,44E+13;3,61E+14;2,04E+13;2,44E+14;2,44E+14;2,68E+14;3,03E+14;3,65E+14;4,28E+14;5,27E+14;6,10E+14;7,15E+14;6,69E+14;7,81E+14;8,89E+14;9,83E+14;1,07E+14;1,16E+14;1,10E+14;1,04E+13;1,06E+14;1,13E+14;1,35E+14;1,26E+14;1,37E+14;1,46E+14;1,27E+14;1,12E+14;;
Indonesia;IDN;GDP (current US$);NY.GDP.MKTP.CD;;;;;;;;5,67E+14;7,08E+14;8,34E+14;9,15E+14;9,33E+14;1,10E+14;1,63E+14;2,58E+14;3,05E+14;3,73E+13;4,58E+14;5,15E+14;5,14E+14;7,25E+14;8,55E+14;9,02E+14;8,11E+14;8,49E+13;8,53E+14;8,00E+14;7,59E+14;8,43E+14;9,45E+14;1,06E+14;1,17E+14;1,28E+14;1,58E+14;1,77E+14;2,02E+14;2,27E+14;2,16E+14;9,54E+13;1,40E+14;1,65E+13;1,60E+14;1,96E+14;2,35E+14;2,57E+14;2,86E+14;3,65E+14;4,32E+14;5,10E+14;5,40E+14;7,55E+14;8,93E+14;9,18E+14;9,13E+14;8,91E+14;8,61E+14;9,32E+14;1,02E+14;1,04E+14;1,12E+13;1,06E+14;1,19E+14;1,32E+14;1,37E+14;1,40E+14;;
IDA only;IDX;GDP (current US$);NY.GDP.MKTP.CD;3,22E+14;3,38E+14;3,65E+14;4,10E+14;3,85E+13;4,39E+14;4,72E+14;4,80E+14;5,07E+14;5,65E+14;5,58E+14;5,92E+13;6,14E+14;7,42E+14;9,28E+14;1,10E+14;1,05E+14;1,15E+14;1,32E+14;1,45E+14;1,64E+14;1,71E+13;1,74E+14;1,74E+14;1,78E+14;1,88E+14;1,68E+14;1,74E+14;1,86E+14;1,92E+14;2,21E+14;2,40E+14;2,00E+14;2,08E+14;2,06E+14;2,13E+14;2,25E+14;2,36E+13;2,43E+14;2,50E+14;2,76E+14;2,70E+14;2,86E+14;3,22E+14;3,65E+13;4,21E+14;4,88E+14;5,81E+14;7,05E+14;7,15E+14;8,18E+14;9,16E+14;9,21E+14;1,00E+15;1,07E+14;1,06E+14;1,12E+14;1,20E+14;1,29E+14;1,35E+14;1,36E+14;1,49E+14;1,62E+13;1,66E+14;1,78E+14;;
Isle of Man;IMN;GDP (current US$);NY.GDP.MKTP.CD;;;;;;;;;;;;;;;;;;;;;;;;;2,51E+14;2,56E+14;3,56E+14;4,60E+14;5,85E+14;6,18E+14;7,62E+14;8,22E+14;8,55E+13;7,66E+14;8,33E+14;9,22E+14;1,01E+14;1,18E+14;1,39E+14;1,57E+14;1,60E+14;1,67E+14;1,89E+14;2,25E+14;2,80E+14;3,03E+14;3,42E+13;4,47E+14;5,93E+14;5,49E+14;5,92E+14;6,57E+14;6,69E+14;7,00E+14;7,71E+14;7,08E+14;6,85E+14;6,98E+14;7,49E+14;7,31E+14;6,68E+14;7,93E+14;7,43E+14;;;;
India;IND;GDP (current US$);NY.GDP.MKTP.CD;3,70E+14;3,92E+14;4,22E+14;4,84E+14;5,65E+14;5,96E+14;4,56E+13;50134942204;5,31E+14;5,84E+14;6,24E+14;6,74E+13;7,15E+14;8,55E+14;9,95E+14;9,85E+14;1,03E+13;1,21E+14;1,37E+14;1,53E+14;1,86E+14;1,93E+14;2,01E+14;2,18E+14;2,12E+14;2,33E+14;2,49E+13;2,79E+14;2,97E+14;2,96E+13;3,21E+14;2,70E+14;2,88E+14;2,79E+14;3,27E+14;3,60E+14;3,93E+14;4,16E+14;4,21E+14;4,59E+13;4,68E+14;4,85E+14;5,15E+14;6,08E+14;7,09E+14;8,20E+14;9,40E+14;1,22E+14;1,20E+14;1,34E+13;1,68E+14;1,82E+14;1,83E+14;1,86E+14;2,04E+14;2,10E+14;2,29E+14;2,65E+14;2,70E+14;2,84E+14;2,67E+14;3,17E+14;3,35E+14;3,64E+14;3,91E+14;;
Not classified;INX;GDP (current US$);NY.GDP.MKTP.CD;;;;;;;;;;;;;;;;;;;;;;;;;;;;;;;;;;;;;;;;;;;;;;;;;;;;;;;;;;;;;;;;;;;
Ireland;IRL;GDP (current US$);NY.GDP.MKTP.CD;2,00E+14;2,15E+14;2,33E+14;2,51E+14;2,85E+14;3,04E+13;3,20E+14;3,45E+14;3,38E+14;3,90E+14;4,40E+14;5,10E+14;6,32E+14;7,48E+14;7,90E+14;9,48E+14;9,45E+14;1,12E+14;1,46E+14;1,83E+14;2,17E+14;2,07E+14;2,15E+14;2,08E+14;2,01E+14;2,13E+14;2,87E+14;3,39E+14;3,78E+14;3,92E+14;4,93E+14;4,98E+14;5,59E+14;5,24E+13;5,71E+12;6,91E+14;7,58E+14;8,29E+14;9,02E+14;9,89E+14;1,00E+14;1,09E+14;1,29E+14;1,65E+14;1,94E+14;2,12E+14;2,32E+14;2,70E+12;2,75E+14;2,36E+14;2,22E+14;2,41E+14;2,27E+14;2,43E+14;2,66E+14;3,02E+14;3,05E+14;3,48E+14;3,96E+14;4,07E+14;4,36E+14;5,30E+14;5,48E+13;5,67E+14;6,09E+14;;
Iran, Islamic Rep.;IRN;GDP (current US$);NY.GDP.MKTP.CD;4,20E+13;4,43E+13;4,69E+14;4,93E+14;5,38E+14;6,20E+14;6,79E+14;7,56E+11;8,62E+14;9,74E+14;1,10E+14;1,37E+14;1,72E+14;2,71E+14;4,62E+14;5,18E+14;6,81E+14;8,06E+14;7,80E+14;9,04E+14;9,44E+14;1,00E+14;1,26E+14;1,56E+14;1,62E+14;1,80E+14;2,09E+13;1,34E+14;1,23E+14;1,20E+14;1,25E+14;1,32E+14;1,20E+14;6,37E+13;7,18E+14;9,64E+14;1,20E+14;1,14E+14;1,10E+14;1,14E+14;1,10E+14;1,27E+14;1,29E+13;1,52E+14;1,88E+14;2,25E+13;2,66E+14;3,50E+14;4,06E+14;4,14E+14;4,87E+14;6,29E+14;6,44E+13;5,00E+14;4,62E+14;4,09E+14;4,79E+14;5,10E+14;4,12E+14;3,48E+14;2,81E+14;4,07E+14;4,23E+14;4,58E+14;4,75E+14;;
Iraq;IRQ;GDP (current US$);NY.GDP.MKTP.CD;1,54E+14;1,67E+14;1,78E+14;1,81E+13;2,14E+14;2,34E+13;2,53E+14;2,55E+14;2,90E+14;3,01E+14;3,28E+14;3,87E+14;4,11E+14;5,13E+13;1,15E+14;1,35E+14;1,78E+14;1,98E+14;2,38E+14;3,78E+14;52569000000;37823000000;4,24E+14;4,07E+14;4,69E+14;4,84E+14;4,73E+14;5,68E+14;6,27E+14;6,58E+13;1,80E+14;4,08E+14;5,54E+14;1,03E+14;3,99E+14;1,29E+14;1,04E+14;2,08E+14;2,06E+14;3,69E+14;4,84E+14;3,62E+14;3,29E+14;2,19E+14;3,66E+14;5,01E+14;6,51E+14;8,88E+14;1,32E+14;1,12E+14;1,39E+14;1,86E+14;2,18E+14;2,35E+14;2,28E+14;1,67E+14;1,67E+14;1,87E+14;2,27E+14;2,34E+14;1,81E+14;2,10E+14;2,87E+14;2,69E+14;2,80E+14;;
Iceland;ISL;GDP (current US$);NY.GDP.MKTP.CD;2,61E+14;2,67E+14;2,99E+14;3,57E+14;4,56E+14;5,50E+14;6,61E+14;6,53E+14;4,98E+14;4,36E+14;5,45E+14;6,94E+14;8,69E+14;1,19E+14;1,57E+14;1,46E+14;1,73E+14;2,29E+14;2,60E+14;2,95E+14;3,50E+14;3,62E+13;3,32E+13;2,86E+14;2,96E+14;3,09E+14;4,13E+14;5,71E+14;6,32E+14;5,87E+14;6,69E+14;7,15E+14;7,33E+14;6,44E+14;6,61E+14;7,37E+14;7,69E+14;7,72E+14;8,64E+14;9,11E+14;9,14E+14;8,32E+14;9,42E+14;1,16E+14;1,40E+14;1,71E+14;1,77E+14;2,20E+14;1,82E+14;1,32E+14;1,39E+14;1,54E+13;1,49E+14;1,62E+14;1,81E+14;1,77E+14;2,11E+13;2,51E+14;2,67E+14;2,50E+14;2,20E+14;2,62E+13;2,92E+14;3,17E+14;3,33E+14;;
Israel;ISR;GDP (current US$);NY.GDP.MKTP.CD;3,07E+14;3,71E+14;2,97E+14;3,54E+14;4,02E+14;4,33E+14;4,70E+13;4,76E+13;5,46E+13;6,30E+14;7,41E+13;7,05E+14;9,22E+14;1,19E+14;1,72E+13;1,61E+14;1,60E+14;1,83E+14;1,77E+14;2,26E+13;2,54E+14;2,69E+14;2,93E+14;3,27E+14;3,06E+14;2,89E+14;3,58E+14;4,30E+14;5,27E+14;5,24E+13;6,20E+14;7,10E+14;7,95E+13;7,99E+14;9,07E+14;1,05E+14;1,15E+14;1,19E+14;1,21E+14;1,21E+14;1,37E+14;1,35E+14;1,25E+14;1,31E+14;1,40E+14;1,48E+14;1,59E+14;1,85E+13;2,21E+14;2,13E+13;2,40E+14;2,68E+14;2,64E+14;2,98E+14;3,15E+14;3,03E+14;3,22E+14;3,58E+14;3,76E+14;4,01E+14;4,11E+14;4,90E+14;5,25E+13;5,12E+14;5,40E+14;;
Italy;ITA;GDP (current US$);NY.GDP.MKTP.CD;4,20E+14;4,66E+14;5,24E+14;6,00E+14;6,57E+14;7,07E+14;7,66E+14;8,44E+14;9,15E+12;1,01E+14;1,14E+13;1,25E+14;1,46E+14;1,76E+14;2,00E+14;2,28E+14;2,25E+14;2,58E+14;3,16E+13;3,95E+12;4,78E+14;4,32E+14;4,28E+14;4,44E+14;4,39E+14;4,53E+14;6,42E+13;8,08E+13;8,94E+14;9,31E+14;1,18E+14;1,25E+14;1,32E+13;1,07E+14;1,10E+14;1,18E+14;1,31E+14;1,24E+14;1,27E+14;1,26E+14;1,15E+14;1,17E+14;1,28E+14;1,58E+14;1,81E+14;1,86E+14;1,96E+14;2,22E+14;2,42E+14;2,21E+14;2,14E+12;2,31E+14;2,10E+14;2,15E+14;2,17E+14;1,85E+13;1,89E+14;1,97E+14;2,10E+14;2,02E+14;1,91E+14;2,18E+14;2,10E+14;2,32E+14;2,38E+14;;
Jamaica;JAM;GDP (current US$);NY.GDP.MKTP.CD;6,99E+14;7,48E+12;7,78E+14;8,27E+14;8,98E+12;9,72E+14;1,10E+14;1,15E+13;1,08E+14;1,19E+14;1,40E+14;1,54E+14;1,88E+13;1,91E+14;2,38E+14;2,86E+14;2,97E+14;3,25E+14;2,64E+14;2,43E+14;2,68E+14;2,98E+14;3,29E+14;3,62E+14;2,37E+13;2,10E+14;2,75E+14;3,29E+14;3,83E+13;4,40E+14;4,59E+14;4,11E+14;3,54E+14;5,44E+14;5,45E+14;6,58E+14;7,39E+14;8,40E+14;8,79E+14;8,89E+14;9,01E+14;9,19E+14;9,72E+14;9,43E+14;1,02E+14;1,12E+14;1,19E+14;1,28E+14;1,37E+14;1,21E+14;1,32E+14;1,44E+14;1,48E+14;1,43E+14;1,39E+14;1,50E+14;1,49E+14;1,58E+13;1,69E+14;1,70E+14;1,50E+14;1,60E+14;1,88E+13;2,14E+14;2,20E+14;;
Jordan;JOR;GDP (current US$);NY.GDP.MKTP.CD;;;;;;6,00E+14;6,58E+14;6,32E+14;5,61E+13;6,99E+14;6,40E+14;6,78E+14;7,88E+14;9,44E+14;1,20E+14;1,36E+14;1,71E+14;2,10E+14;2,60E+14;3,27E+14;3,91E+14;4,38E+14;4,68E+14;4,92E+14;4,97E+14;4,99E+14;6,40E+14;6,76E+14;6,28E+14;4,22E+14;4,16E+14;4,34E+14;5,31E+14;5,61E+14;6,24E+14;6,73E+14;6,93E+14;7,25E+14;7,91E+14;8,15E+14;8,46E+13;8,98E+13;9,58E+14;1,02E+14;1,14E+13;1,26E+14;1,51E+14;1,71E+13;2,27E+14;2,45E+13;2,71E+14;2,95E+14;3,16E+14;3,45E+14;3,68E+14;3,86E+14;3,99E+14;4,16E+13;4,34E+14;4,45E+14;4,37E+14;4,63E+14;4,88E+14;5,11E+14;5,34E+14;;
Japan;JPN;GDP (current US$);NY.GDP.MKTP.CD;4,74E+14;5,73E+14;6,50E+14;7,44E+14;8,75E+14;9,73E+14;1,13E+14;1,32E+14;1,57E+14;1,84E+14;2,17E+14;2,45E+14;3,25E+14;4,41E+14;4,90E+14;5,33E+14;5,99E+14;7,37E+14;1,04E+14;1,08E+14;1,13E+14;1,25E+14;1,16E+14;1,27E+13;1,35E+14;1,43E+14;2,12E+14;2,58E+14;3,13E+14;3,11E+14;3,19E+14;3,65E+14;3,98E+14;4,54E+14;5,00E+14;5,55E+13;4,92E+14;4,49E+14;4,10E+14;4,64E+14;4,97E+14;4,37E+14;4,18E+14;4,52E+14;4,89E+14;4,83E+13;4,60E+14;4,58E+14;5,11E+13;5,29E+14;5,76E+14;6,23E+14;6,27E+14;5,21E+14;4,90E+14;4,44E+14;5,00E+14;4,93E+14;5,04E+14;5,12E+14;5,05E+14;5,04E+14;4,26E+14;4,21E+14;4,03E+14;;
Kazakhstan;KAZ;GDP (current US$);NY.GDP.MKTP.CD;;;;;;;;;;;;;;;;;;;;;;;;;;;;;;;2,69E+14;2,49E+14;2,49E+14;2,34E+14;2,13E+14;2,04E+14;2,10E+14;2,22E+13;2,21E+14;1,69E+14;1,83E+14;2,22E+14;2,46E+14;3,08E+14;4,32E+14;5,71E+14;8,10E+13;1,05E+14;1,33E+14;1,15E+13;1,48E+14;1,93E+14;2,08E+14;2,37E+14;2,21E+14;1,84E+14;1,37E+14;1,67E+14;1,79E+14;1,82E+14;1,71E+14;1,97E+14;2,25E+14;2,62E+14;2,91E+14;;
Kenya;KEN;GDP (current US$);NY.GDP.MKTP.CD;7,91E+14;7,93E+14;8,68E+13;9,27E+13;9,99E+14;9,98E+14;1,16E+14;1,23E+13;1,35E+14;1,46E+14;1,60E+14;1,78E+14;2,11E+14;2,51E+14;2,97E+14;3,26E+14;3,47E+14;4,49E+14;5,30E+14;6,23E+14;7,27E+14;6,85E+14;6,43E+14;5,98E+14;6,19E+14;6,14E+14;7,24E+14;7,97E+13;8,36E+14;8,28E+14;8,57E+14;8,15E+14;8,21E+14;5,75E+14;7,15E+14;9,05E+14;1,20E+14;1,31E+14;1,41E+14;1,29E+14;1,27E+14;1,30E+14;1,31E+14;1,49E+14;1,61E+14;1,87E+14;2,58E+14;3,20E+14;3,59E+14;4,23E+14;4,54E+14;4,69E+12;5,64E+14;6,17E+14;6,83E+14;7,01E+14;7,48E+14;8,20E+14;9,22E+14;1,00E+14;1,01E+14;1,10E+14;1,14E+14;1,08E+14;1,20E+14;;
Kyrgyz Republic;KGZ;GDP (current US$);NY.GDP.MKTP.CD;;;;;;;;;;;;;;;;;;;;;;;;;;;;;;;2,66E+14;2,54E+14;2,32E+12;2,03E+14;1,68E+14;1,66E+14;1,83E+14;1,77E+14;1,65E+14;1,25E+14;1,37E+14;1,53E+14;1,61E+14;1,92E+14;2,21E+13;2,46E+14;2,83E+14;3,80E+14;5,14E+14;4,69E+14;4,79E+14;6,20E+14;6,61E+14;7,34E+14;7,47E+14;6,68E+14;6,81E+13;7,70E+14;8,27E+14;9,37E+14;8,27E+14;9,25E+14;1,21E+14;1,52E+14;1,75E+14;;
Cambodia;KHM;GDP (current US$);NY.GDP.MKTP.CD;;;;;;;;;;;;;;;;7,49E+14;7,90E+14;7,16E+14;7,67E+14;7,24E+13;7,44E+14;8,15E+14;8,66E+14;9,39E+14;1,02E+14;1,10E+14;1,17E+13;1,04E+11;1,66E+14;1,35E+14;1,40E+13;2,05E+13;2,49E+14;2,53E+14;2,79E+14;3,44E+13;3,51E+14;3,44E+14;3,12E+14;3,52E+13;3,69E+14;4,15E+14;4,50E+14;5,05E+14;5,88E+14;7,07E+13;8,35E+14;1,01E+14;1,22E+14;1,25E+14;1,38E+14;1,60E+14;1,78E+14;1,98E+14;2,20E+14;2,42E+14;2,66E+14;2,94E+14;3,31E+14;3,67E+14;3,48E+14;3,68E+14;4,00E+14;4,23E+14;4,64E+14;;
Kiribati;KIR;GDP (current US$);NY.GDP.MKTP.CD;;;;;;;;;;;1,16E+14;1,24E+14;1,53E+14;2,56E+14;6,93E+14;4,45E+14;3,32E+14;3,13E+14;3,66E+14;3,45E+14;3,32E+14;3,53E+14;3,27E+14;3,10E+14;3,44E+14;2,61E+14;2,60E+14;2,96E+14;3,83E+14;3,76E+14;3,65E+14;4,12E+14;6,15E+13;5,90E+14;6,71E+14;6,86E+14;8,15E+14;8,02E+14;7,49E+14;7,73E+14;7,49E+14;6,49E+14;7,47E+14;9,61E+14;1,04E+14;1,14E+14;1,12E+14;1,38E+14;1,47E+13;1,40E+14;1,65E+14;1,96E+14;2,07E+14;2,02E+14;2,00E+13;1,92E+14;2,06E+14;2,23E+14;2,34E+14;2,17E+14;2,21E+14;2,85E+14;2,70E+14;2,89E+14;3,08E+14;;
St. Kitts and Nevis;KNA;GDP (current US$);NY.GDP.MKTP.CD;1,24E+14;1,25E+13;1,25E+14;1,28E+14;1,34E+14;1,36E+14;1,45E+14;1,67E+14;14600000;15850000;16300000;1,96E+14;2,29E+14;2,42E+14;3,15E+14;3,34E+14;3,01E+14;4,45E+14;4,94E+14;5,88E+14;6,85E+14;8,09E+14;8,60E+14;8,69E+14;9,86E+14;1,11E+14;1,31E+14;1,48E+14;1,73E+14;1,93E+14;2,17E+14;2,21E+14;2,42E+14;2,64E+14;2,95E+14;3,13E+14;3,34E+14;3,75E+14;3,83E+13;4,07E+14;4,22E+14;4,59E+14;4,81E+14;4,70E+13;506900000;5,47E+14;6,44E+14;6,89E+14;7,78E+14;7,74E+14;7,79E+14;8,36E+14;8,25E+14;8,75E+14;9,52E+14;9,57E+14;1,01E+14;1,06E+14;1,08E+14;1,11E+14;8,84E+14;8,59E+14;9,81E+13;1,06E+14;1,12E+14;;
Korea, Rep.;KOR;GDP (current US$);NY.GDP.MKTP.CD;3,97E+14;2,43E+14;2,83E+14;4,01E+14;3,48E+14;3,14E+14;3,96E+14;4,90E+13;6,17E+14;7,74E+14;9,09E+14;1,00E+14;1,10E+14;1,41E+14;1,99E+13;2,21E+14;3,04E+14;3,91E+14;5,28E+14;6,81E+14;6,65E+14;7,43E+14;7,99E+14;8,96E+14;9,97E+14;1,04E+13;1,20E+13;1,52E+14;2,05E+14;2,54E+14;2,92E+14;3,41E+14;3,67E+14;4,06E+14;4,79E+14;5,86E+14;6,31E+14;5,89E+14;3,97E+13;5,16E+14;5,97E+14;5,68E+14;6,50E+13;7,29E+14;8,23E+14;9,72E+14;1,10E+14;1,22E+14;1,09E+14;9,83E+13;1,19E+14;1,31E+13;1,34E+14;1,43E+14;1,56E+14;1,54E+14;1,58E+14;1,71E+14;1,82E+14;1,75E+14;1,74E+14;1,94E+13;1,80E+14;1,84E+14;1,88E+13;;
Kuwait;KWT;GDP (current US$);NY.GDP.MKTP.CD;;;1,83E+14;1,90E+14;2,07E+14;2,10E+14;2,39E+14;2,44E+14;2,66E+14;2,77E+14;2,87E+14;3,88E+14;4,45E+14;5,41E+13;1,30E+14;1,20E+14;1,31E+14;1,41E+14;1,55E+14;2,47E+14;2,86E+14;2,51E+14;2,16E+14;2,09E+14;2,17E+14;2,14E+14;1,79E+13;2,24E+14;2,07E+14;2,43E+14;1,84E+14;1,10E+14;1,99E+14;2,39E+14;2,48E+14;2,72E+14;3,15E+14;3,04E+14;2,59E+14;3,01E+14;3,77E+14;3,49E+14;3,81E+14;4,79E+13;5,94E+14;8,08E+14;1,02E+14;1,15E+14;1,47E+14;1,06E+14;1,15E+14;1,54E+14;1,74E+14;1,74E+14;1,63E+14;1,15E+14;1,09E+14;1,21E+14;1,39E+14;1,41E+14;1,11E+14;1,48E+14;1,84E+14;1,65E+14;1,60E+14;;
Latin America & Caribbean (excluding high income);LAC;GDP (current US$);NY.GDP.MKTP.CD;6,19E+14;6,85E+14;7,08E+14;7,79E+14;8,93E+14;9,68E+14;1,07E+13;1,09E+14;1,17E+14;1,31E+14;1,43E+14;1,58E+14;1,80E+13;2,40E+14;3,16E+14;3,41E+14;3,71E+14;4,02E+14;4,87E+14;5,36E+14;6,47E+14;7,44E+14;6,86E+14;5,92E+14;6,35E+14;6,25E+13;6,33E+14;6,94E+14;7,54E+14;8,58E+14;9,56E+14;1,02E+14;1,11E+14;1,34E+14;1,58E+14;1,69E+14;1,84E+14;2,01E+13;2,02E+14;1,80E+14;1,99E+14;1,94E+14;1,74E+14;1,78E+14;2,03E+14;2,45E+14;2,86E+14;3,37E+14;3,90E+14;3,61E+14;4,52E+14;5,28E+14;5,25E+14;5,39E+14;5,41E+14;4,58E+14;4,44E+14;4,96E+14;4,82E+14;4,75E+14;3,99E+14;4,64E+14;5,34E+14;6,01E+14;6,17E+14;;
Lao PDR;LAO;GDP (current US$);NY.GDP.MKTP.CD;;;;;;;;;;;;;;;;;;;;;;;;;1,76E+14;2,37E+14;1,78E+14;1,09E+14;5,99E+14;7,14E+14;8,66E+14;1,03E+14;1,13E+14;1,33E+14;1,54E+14;1,76E+14;1,87E+14;1,75E+14;1,28E+14;1,45E+14;1,73E+14;1,77E+14;1,76E+14;2,02E+14;2,37E+14;2,74E+13;3,46E+13;4,22E+14;5,45E+14;5,84E+14;7,13E+14;8,75E+14;1,02E+14;1,20E+14;1,33E+14;1,44E+14;1,59E+14;1,71E+14;1,81E+14;1,87E+14;1,90E+14;1,88E+14;1,55E+14;1,58E+14;1,65E+14;;
Lebanon;LBN;GDP (current US$);NY.GDP.MKTP.CD;;;;;;;;;;;;;;;;;;;;;;;;;;;;;3,31E+14;2,72E+14;2,84E+14;4,69E+14;5,84E+14;7,94E+14;9,60E+14;1,17E+14;1,37E+14;1,58E+14;1,72E+14;1,74E+14;1,73E+14;1,76E+14;1,92E+14;2,01E+14;2,12E+14;2,15E+14;2,20E+14;2,48E+14;2,91E+14;3,54E+14;3,84E+14;3,99E+14;4,40E+14;4,69E+13;4,81E+14;4,99E+14;5,11E+14;5,30E+14;5,49E+14;5,16E+14;3,17E+14;2,31E+14;2,10E+14;2,01E+14;;;
Liberia;LBR;GDP (current US$);NY.GDP.MKTP.CD;190495600;183920900;191861800;200229600;218929100;229260800;244459500;261024300;276820700;306961800;323099700;341543100;368098000;386968300;486955000;577549300;596675700;673010600;717240400;814067900;854711500;846514500;863933200;823374900;848478300;851296100;840964400;972800000;1038300000;786300000;384400000;348000000;223500000;160400000;132200000;134800000;159400000;295900000;359600000;441800000;874000000;906000000;927000000;748000000;897000000;949000000;1119000000;1373000000;1726000000;1768000000;1998000000;2398000000;2791614000;3177198100;3225652000;3227075700;3398419600;3390703400;3422754800;3319596500;3176126300;3513049500;4001047000;4390000000;4779300900;;
Libya;LBY;GDP (current US$);NY.GDP.MKTP.CD;4,02E+12;4,44E+14;6,20E+14;8,92E+14;1,34E+14;1,80E+14;2,31E+14;2,73E+14;3,85E+14;4,38E+14;4,60E+14;5,26E+14;6,30E+14;8,63E+14;1,51E+14;1,47E+14;1,91E+14;2,24E+14;2,21E+14;3,05E+14;4,10E+14;3,64E+14;3,38E+14;3,32E+14;2,95E+14;3,15E+13;2,42E+14;2,67E+14;2,43E+13;2,52E+14;2,89E+14;3,20E+14;3,39E+14;3,07E+14;2,86E+14;2,55E+14;2,79E+14;3,07E+14;2,73E+14;3,60E+14;3,83E+14;3,41E+13;2,05E+14;26265625000;3,31E+14;4,73E+14;6,01E+13;6,80E+14;8,67E+14;6,08E+14;7,54E+14;4,82E+14;9,25E+14;7,54E+14;5,74E+13;4,87E+14;4,99E+13;6,72E+14;7,67E+14;6,93E+14;4,69E+13;3,52E+14;4,32E+14;4,40E+13;4,85E+13;;
St. Lucia;LCA;GDP (current US$);NY.GDP.MKTP.CD;;;;;;;;;;;;;;;;;;;;;1,70E+13;1,94E+14;1,83E+14;1,97E+14;2,51E+14;2,84E+14;340000000;3,76E+14;4,30E+13;4,87E+14;5,80E+13;6,14E+14;6,74E+14;6,85E+14;7,14E+14;7,63E+14;7,89E+14;8,06E+14;8,77E+14;9,22E+14;9,33E+14;8,93E+14;900000000;9,87E+14;1,07E+14;1,14E+14;1,27E+14;1,34E+14;1,44E+14;1,40E+14;1,48E+14;1,57E+14;1,60E+14;1,66E+14;1,75E+14;1,81E+14;1,87E+14;2,00E+13;2,06E+14;2,10E+14;1,50E+14;1,87E+14;2,34E+14;2,43E+14;2,55E+14;;
Latin America & Caribbean;LCN;GDP (current US$);NY.GDP.MKTP.CD;7,92E+14;8,77E+14;9,21E+14;1,00E+14;1,11E+14;1,20E+13;1,32E+14;1,34E+14;1,44E+14;1,61E+14;1,76E+13;1,96E+14;2,20E+13;2,93E+14;3,80E+13;3,98E+14;4,37E+14;4,80E+14;5,74E+14;6,44E+14;7,83E+13;8,95E+14;8,23E+14;7,26E+14;7,64E+14;7,56E+14;7,65E+13;8,21E+14;9,01E+14;9,95E+14;1,11E+14;1,19E+14;1,30E+14;1,54E+14;1,80E+14;1,94E+14;2,10E+14;2,30E+14;2,33E+14;2,11E+14;2,33E+14;2,28E+14;2,05E+14;2,09E+14;2,41E+14;2,90E+14;3,40E+14;4,00E+14;4,64E+14;4,36E+14;5,40E+14;6,14E+14;6,20E+14;6,25E+14;6,22E+14;5,29E+14;5,15E+14;5,72E+14;5,58E+14;5,47E+14;4,63E+14;5,38E+14;6,15E+14;6,91E+14;7,11E+14;;
Least developed countries: UN classification;LDC;GDP (current US$);NY.GDP.MKTP.CD;2,81E+14;2,94E+14;3,18E+14;3,65E+14;3,32E+14;3,73E+13;4,06E+14;4,13E+14;4,41E+14;4,88E+14;4,72E+14;4,96E+14;5,13E+14;6,24E+14;7,78E+14;9,36E+14;8,63E+14;9,49E+14;1,12E+14;1,22E+14;1,36E+14;1,39E+14;1,40E+14;1,38E+14;1,41E+14;1,54E+14;1,34E+14;1,42E+14;1,56E+13;1,68E+14;1,93E+14;2,09E+13;1,65E+14;1,71E+13;1,68E+13;1,72E+14;1,82E+14;1,89E+14;1,92E+14;1,98E+14;2,25E+14;2,17E+14;2,39E+14;2,71E+14;3,12E+13;3,71E+14;4,31E+14;5,17E+14;6,36E+14;6,28E+14;7,11E+14;8,10E+13;8,50E+14;9,25E+14;9,93E+14;9,46E+14;9,53E+14;1,04E+14;1,12E+13;1,17E+14;1,18E+14;1,30E+14;1,47E+14;1,46E+14;1,54E+14;;
Low income;LIC;GDP (current US$);NY.GDP.MKTP.CD;;;;;;;;1,72E+14;1,86E+14;2,17E+14;2,21E+14;2,47E+14;2,76E+14;3,30E+14;4,13E+14;4,89E+14;5,14E+14;5,95E+14;6,93E+14;7,34E+12;8,22E+14;8,36E+14;8,37E+13;7,99E+14;7,86E+14;7,38E+14;7,77E+14;8,17E+14;8,86E+14;9,59E+14;1,20E+14;1,34E+14;9,27E+14;1,02E+14;9,71E+14;8,88E+14;8,48E+14;9,09E+14;9,31E+14;9,38E+13;1,17E+13;1,10E+14;1,22E+14;1,37E+14;1,60E+14;1,93E+14;2,25E+14;2,72E+14;3,24E+12;3,14E+14;3,55E+14;3,84E+14;3,51E+14;3,59E+14;3,79E+14;3,62E+14;3,18E+14;3,27E+14;3,42E+14;3,52E+14;3,39E+14;3,75E+13;4,34E+14;4,34E+14;4,69E+14;;
Liechtenstein;LIE;GDP (current US$);NY.GDP.MKTP.CD;;;;;;;;;;;9,01E+14;1,05E+14;1,25E+13;1,66E+13;1,94E+14;2,46E+14;2,72E+14;3,03E+14;4,37E+14;5,03E+14;5,35E+14;5,12E+14;5,22E+14;5,24E+13;5,03E+14;5,29E+14;7,79E+13;1,05E+14;1,16E+14;1,12E+14;1,42E+14;1,48E+14;1,63E+14;1,67E+13;1,95E+14;2,43E+14;2,50E+14;2,30E+14;2,48E+14;2,66E+14;2,48E+14;2,49E+14;2,69E+14;3,07E+14;3,45E+14;3,66E+14;4,00E+14;4,60E+14;5,08E+14;4,50E+14;5,08E+14;5,74E+14;5,46E+14;6,39E+14;6,66E+14;6,27E+14;6,24E+14;6,47E+14;6,69E+14;6,44E+14;6,41E+14;7,91E+14;7,43E+13;8,24E+14;;;
Sri Lanka;LKA;GDP (current US$);NY.GDP.MKTP.CD;1,41E+14;1,44E+14;1,43E+14;1,24E+14;1,31E+14;1,70E+14;1,75E+14;1,86E+14;1,80E+14;1,97E+14;2,30E+14;2,37E+14;2,55E+14;2875625000;3,57E+14;3,79E+14;3,59E+14;4,10E+14;2,73E+14;3,36E+14;4,02E+14;4,42E+14;4,77E+14;5,17E+14;6,04E+14;5,98E+14;6,41E+14;6,68E+14;6,98E+14;6,99E+14;8,03E+14;9,00E+14;9,70E+14;1,03E+14;1,17E+14;1,30E+14;1,39E+14;1,51E+14;1,58E+14;1,57E+14;1,66E+14;1,57E+14;1,65E+14;1,89E+14;2,07E+14;2,44E+14;2,83E+14;3,24E+14;4,07E+14;4,21E+14;5,86E+14;6,78E+14;7,04E+14;7,70E+14;8,25E+14;8,51E+14;8,80E+14;9,44E+14;9,45E+14;8,90E+14;8,43E+14;8,86E+14;7,41E+14;8,37E+14;9,90E+14;;
Lower middle income;LMC;GDP (current US$);NY.GDP.MKTP.CD;8,57E+12;9,14E+14;9,28E+14;1,03E+14;1,15E+14;1,24E+14;1,13E+14;1,20E+14;1,28E+14;1,41E+14;1,53E+14;1,60E+14;1,70E+14;2,00E+14;2,48E+14;2,71E+13;2,87E+14;3,22E+14;3,63E+14;4,21E+14;5,14E+14;6,38E+14;6,34E+14;6,01E+14;5,76E+14;6,15E+14;6,18E+14;6,74E+14;6,95E+14;6,81E+13;7,40E+14;7,09E+14;7,40E+13;7,49E+14;8,42E+14;1,00E+14;1,14E+14;1,20E+14;1,22E+14;1,13E+14;1,19E+14;1,20E+14;1,27E+14;1,44E+13;1,66E+14;1,91E+14;2,24E+14;2,74E+14;3,03E+14;3,16E+14;3,80E+14;4,24E+14;4,49E+14;4,74E+14;5,12E+14;5,11E+14;5,32E+14;5,77E+12;6,02E+14;6,53E+14;6,30E+14;7,12E+14;7,59E+14;7,68E+13;7,94E+14;;
Low & middle income;LMY;GDP (current US$);NY.GDP.MKTP.CD;2,66E+14;2,69E+14;2,74E+14;3,04E+14;3,40E+14;3,76E+14;3,90E+14;4,00E+14;4,24E+14;4,75E+14;5,18E+14;5,57E+14;6,25E+14;7,97E+14;1,02E+14;1,12E+14;1,21E+14;1,36E+14;1,51E+14;1,75E+14;2,06E+14;2,31E+14;2,28E+14;2,21E+14;2,27E+14;2,35E+14;2,40E+14;2,48E+14;2,65E+14;2,84E+14;3,26E+14;3,17E+14;3,33E+14;3,60E+14;4,04E+14;4,68E+12;5,19E+14;5,51E+14;5,42E+14;5,21E+14;5,67E+14;5,68E+14;5,80E+14;6,49E+14;7,62E+14;9,00E+14;1,06E+14;1,30E+14;1,55E+14;1,55E+14;1,88E+14;2,22E+14;2,36E+14;2,51E+14;2,62E+14;2,55E+14;2,57E+14;2,81E+14;2,99E+14;3,09E+14;2,99E+14;3,52E+13;3,70E+14;3,81E+13;3,94E+14;;
Lesotho;LSO;GDP (current US$);NY.GDP.MKTP.CD;3,46E+14;3,57E+14;4,19E+14;4,70E+14;5,19E+14;5,49E+14;5,67E+14;5,93E+14;6,14E+14;6,60E+14;6,87E+13;7,65E+14;8,09E+14;1,21E+14;1,51E+13;1,50E+14;1,48E+14;1,93E+14;2,67E+14;2,90E+14;4,32E+14;4,34E+14;3,49E+14;3,87E+14;3,33E+14;2,69E+14;3,19E+14;4,03E+14;4,70E+14;4,95E+14;5,96E+14;7,04E+14;8,31E+14;8,36E+14;8,78E+14;1,00E+14;9,46E+14;9,98E+14;9,28E+14;9,13E+14;8,87E+14;8,26E+14;7,76E+13;1,16E+14;1,51E+14;1,68E+14;1,80E+14;1,68E+14;1,77E+14;1,74E+14;2,23E+14;2,58E+14;2,48E+14;2,37E+12;2,44E+14;2,36E+14;2,11E+13;2,31E+14;2,56E+14;2,39E+14;2,05E+14;2,41E+14;2,35E+14;2,12E+14;2,27E+14;;
Late-demographic dividend;LTE;GDP (current US$);NY.GDP.MKTP.CD;1,84E+14;1,71E+13;1,74E+14;1,90E+14;2,08E+14;2,33E+14;2,60E+14;2,61E+14;2,66E+14;2,96E+14;3,37E+14;3,75E+14;4,31E+14;5,60E+14;6,73E+14;7,43E+14;8,01E+14;9,30E+14;9,68E+14;1,15E+14;1,32E+13;1,39E+14;1,40E+14;1,29E+14;1,35E+14;1,46E+14;1,55E+14;1,64E+14;1,79E+14;1,91E+14;1,97E+14;1,98E+13;2,02E+14;2,10E+14;2,44E+14;3,03E+13;3,34E+14;3,50E+14;3,37E+14;3,12E+14;3,43E+14;3,55E+14;3,76E+14;4,29E+14;5,15E+14;6,21E+14;7,50E+14;9,45E+14;1,18E+14;1,14E+14;1,37E+14;1,67E+14;1,78E+13;1,92E+14;2,00E+14;1,88E+14;1,88E+13;2,09E+14;2,29E+14;2,34E+14;2,29E+13;2,73E+14;2,86E+14;2,89E+14;3,00E+14;;
Lithuania;LTU;GDP (current US$);NY.GDP.MKTP.CD;;;;;;;;;;;;;;;;;;;;;;;;;;;;;;;;;;;;7,92E+14;8,43E+14;1,02E+14;1,13E+14;1,10E+13;1,16E+14;1,23E+14;1,43E+14;1,88E+14;2,27E+14;2,61E+14;3,01E+14;3,97E+14;4,78E+14;3,75E+14;3,66E+14;4,32E+14;4,27E+14;4,63E+14;4,83E+14;4,15E+14;4,30E+14;4,78E+13;5,43E+14;5,51E+13;5,74E+14;6,70E+14;7,10E+14;7,98E+14;8,49E+14;;
Luxembourg;LUX;GDP (current US$);NY.GDP.MKTP.CD;7,10E+14;7,10E+14;7,48E+14;7,98E+14;9,11E+14;9,29E+14;9,77E+14;9,83E+14;1,08E+14;1,25E+14;1,46E+14;1,52E+14;1,90E+14;2,61E+14;3,18E+14;3,12E+14;3,42E+14;3,79E+14;4,72E+14;5,52E+14;6,02E+14;5,05E+14;4,60E+14;4,52E+14;4,44E+14;4,58E+14;6,69E+14;8,32E+14;9,42E+14;1,00E+13;1,28E+14;1,38E+13;1,55E+14;1,59E+14;1,77E+14;2,09E+14;2,09E+14;1,96E+14;2,02E+14;2,19E+14;2,12E+14;2,14E+14;2,36E+14;2,97E+14;3,51E+14;3,77E+14;4,29E+14;5,16E+14;5,88E+14;5,45E+14;5,62E+14;6,17E+14;5,98E+14;6,52E+14;6,88E+14;6,01E+14;6,22E+14;6,57E+14;7,11E+14;6,99E+14;7,37E+14;8,64E+14;8,08E+14;8,88E+14;9,33E+14;;
Latvia;LVA;GDP (current US$);NY.GDP.MKTP.CD;;;;;;;;;;;;;;;;;;;;;;;;;;;;;;;;;;;;5,61E+13;5,80E+14;6,35E+14;6,97E+14;7,32E+14;7,76E+14;8,19E+13;9,25E+14;1,12E+14;1,38E+14;1,63E+14;2,04E+14;2,94E+14;3,41E+14;2,57E+13;2,35E+14;2,66E+14;2,71E+14;2,92E+14;3,03E+14;2,63E+14;2,71E+14;2,94E+14;3,32E+14;3,31E+13;3,34E+14;3,82E+14;3,80E+14;4,28E+13;4,37E+14;;
Macao SAR, China;MAC;GDP (current US$);NY.GDP.MKTP.CD;;;;;;;;;;;;;;;;;;;;;;;1,14E+14;1,13E+14;1,30E+14;1,36E+14;1,53E+14;1,96E+14;2,29E+14;2,71E+14;3,25E+14;3,77E+14;4,91E+14;5,67E+14;6,31E+14;7,05E+14;7,18E+14;7,27E+14;6,80E+13;6,55E+14;6,77E+13;6,86E+14;7,37E+14;8,25E+14;1,06E+13;1,22E+14;1,49E+14;1,84E+14;2,10E+14;2,16E+14;2,82E+14;3,68E+14;4,32E+14;5,16E+13;5,49E+14;4,49E+14;4,50E+14;5,03E+14;5,51E+13;5,50E+13;2,53E+14;3,06E+14;2,49E+14;4,56E+13;4,95E+14;;
St. Martin (French part);MAF;GDP (current US$);NY.GDP.MKTP.CD;;;;;;;;;;;;;;;;;;;;;;;;;;;;;;;;;;;;;;;;;;;;;;;;;;;;7,76E+14;;;7,73E+14;;;;;6,52E+14;;6,49E+14;;;;;
Morocco;MAR;GDP (current US$);NY.GDP.MKTP.CD;2,04E+14;2,03E+14;2,38E+14;2,66E+14;2,80E+14;2,95E+14;2,88E+14;3,05E+14;3,27E+14;3,65E+14;3,96E+14;4,36E+14;5,07E+14;6,24E+14;7,68E+14;8,98E+14;9,58E+14;1,10E+14;1,32E+14;1,59E+14;2,17E+14;1,78E+13;1,77E+13;1,63E+14;1,48E+14;1,50E+14;1,95E+14;2,18E+13;2,57E+14;2,63E+14;3,02E+14;3,23E+14;3,37E+12;3,17E+14;3,56E+14;3,90E+14;4,32E+14;3,91E+14;4,65E+14;4,63E+14;4,30E+14;4,38E+14;4,71E+14;5,80E+14;6,61E+14;6,89E+14;7,59E+14;8,69E+13;1,02E+14;1,01E+14;1,01E+13;1,10E+14;1,07E+14;1,16E+13;1,19E+14;1,10E+14;1,12E+14;1,19E+14;1,27E+14;1,29E+14;1,21E+14;1,42E+14;1,31E+14;1,46E+14;1,61E+14;;
Monaco;MCO;GDP (current US$);NY.GDP.MKTP.CD;;;;;;;;;;;2,93E+14;3,28E+14;4,02E+14;5,24E+14;5,64E+14;7,12E+14;7,35E+14;8,11E+14;1,00E+14;1,21E+14;1,38E+14;1,21E+14;1,14E+14;1,09E+14;1,04E+14;1,08E+14;1,52E+14;1,84E+14;2,00E+14;2,01E+13;2,48E+14;2,48E+14;2,74E+14;2,57E+14;2,72E+14;3,13E+14;3,14E+14;2,84E+14;2,93E+14;2,91E+14;2,65E+14;2,67E+14;2,92E+14;3,60E+14;4,04E+14;4,20E+14;4,59E+14;5,88E+13;6,50E+14;5,47E+14;5,37E+14;6,09E+14;5,74E+14;6,56E+14;7,07E+14;6,26E+14;6,47E+14;6,43E+14;7,18E+14;7,38E+14;6,73E+14;8,62E+14;8,80E+14;1,00E+14;1,11E+14;;
Moldova;MDA;GDP (current US$);NY.GDP.MKTP.CD;;;;;;;;;;;;;;;;;;;;;;;;;;;;;;;3,59E+14;3,09E+14;2,32E+14;2,37E+14;1,70E+14;1,75E+14;1,70E+14;1,93E+14;1,70E+14;1,17E+14;1,29E+14;1,48E+14;1,66E+13;1,98E+14;2,60E+14;2,99E+14;3,41E+13;4,40E+14;6,05E+14;5,44E+14;6,97E+14;8,41E+14;8,71E+14;9,50E+14;9,40E+13;7,80E+14;7,98E+13;9,51E+14;1,13E+14;1,17E+14;1,15E+14;1,37E+14;1,45E+14;1,67E+14;1,82E+14;;
Madagascar;MDG;GDP (current US$);NY.GDP.MKTP.CD;6,73E+14;6,99E+14;7,39E+14;7,59E+14;8,02E+14;8,34E+12;9,00E+14;9,56E+14;1,03E+14;1,06E+14;1,11E+14;1,20E+14;1,34E+14;1,65E+14;1,92E+14;2,28E+14;2,18E+13;2,36E+13;2,67E+14;3,46E+14;5,20E+14;4,76E+14;4,78E+14;4,69E+13;3,91E+14;3,80E+13;4,35E+14;3,21E+13;3,19E+13;3,18E+14;3,93E+14;3,25E+14;3,71E+14;4,06E+13;3,52E+14;3,84E+14;4,93E+14;4,26E+14;4,40E+14;4,28E+14;4,63E+14;5,44E+14;5,35E+14;6,37E+14;5,06E+14;5,86E+14;6,40E+14;8,52E+14;1,07E+14;9,62E+14;9,98E+14;1,16E+13;1,16E+14;1,24E+14;1,25E+14;1,13E+14;1,18E+13;1,32E+14;1,38E+14;1,41E+14;1,31E+14;1,44E+14;1,53E+14;1,59E+14;1,74E+14;;
Maldives;MDV;GDP (current US$);NY.GDP.MKTP.CD;;;;;;;;;;;1,93E+14;2,16E+14;2,52E+14;3,09E+12;3,91E+14;2,45E+14;2,24E+14;2,09E+14;2,44E+14;3,85E+14;4,25E+14;4,48E+14;4,79E+14;5,78E+14;1,10E+14;1,27E+14;1,42E+14;1,41E+14;1,69E+14;1,90E+11;2,15E+14;2,44E+13;2,85E+14;3,22E+14;3,56E+14;3,99E+14;4,50E+14;5,08E+14;5,40E+14;5,89E+14;6,24E+14;8,70E+14;897031250;1,05E+13;12268295625;11633624375;1,58E+12;1,87E+13;22716461875;2345294875;2,59E+13;2,77E+14;2,89E+14;3,30E+14;3,70E+14;4,13E+14;4,41E+14;4,82E+14;5,40E+14;5,73E+14;3,71E+14;5,25E+14;6,18E+14;6,62E+14;7,06E+14;;
Middle East, North Africa, Afghanistan & Pakistan;MEA;GDP (current US$);NY.GDP.MKTP.CD;2,90E+14;3,10E+12;3,08E+14;3,40E+14;3,79E+14;4,17E+14;4,48E+14;4,87E+14;5,54E+14;6,14E+14;6,95E+14;7,92E+14;9,33E+14;1,21E+14;2,21E+14;2,43E+14;3,01E+14;3,50E+14;3,72E+14;4,83E+14;6,21E+14;6,40E+14;6,42E+14;6,49E+14;6,56E+14;6,68E+14;6,77E+13;6,32E+14;6,32E+14;6,51E+13;8,37E+14;6,74E+14;7,11E+12;6,67E+14;7,03E+14;7,79E+14;8,63E+14;9,01E+14;8,82E+14;9,55E+14;1,10E+14;1,09E+13;1,08E+14;1,21E+14;1,43E+14;1,70E+13;1,98E+14;2,34E+14;2,89E+14;2,61E+14;3,04E+14;3,66E+14;3,95E+13;3,92E+14;3,96E+14;3,56E+14;3,62E+14;3,80E+14;4,05E+14;4,02E+13;3,59E+14;4,31E+14;5,03E+14;4,91E+14;5,09E+14;;
Mexico;MEX;GDP (current US$);NY.GDP.MKTP.CD;13040000000;14160000000;15200000000;16960000000;20080000000;21840000000;24320000000;26560000000;29360000000;32480000000;35520000000;39200000000;45200000000;55280000000;72000000000;88000000000;8,89E+13;8,19E+14;1,03E+14;1,35E+14;2,06E+14;2,64E+14;1,85E+14;1,56E+14;1,84E+14;1,95E+14;1,35E+14;1,48E+14;1,82E+14;2,21E+13;2,61E+14;3,13E+14;3,63E+14;5,30E+14;5,54E+13;3,80E+14;4,32E+14;5,23E+14;5,57E+14;6,31E+14;7,42E+14;7,96E+14;8,11E+14;7,66E+14;8,19E+14;9,18E+14;1,02E+14;1,10E+14;1,16E+13;9,43E+14;1,11E+14;1,23E+14;1,26E+14;1,33E+14;1,36E+14;1,21E+14;1,11E+13;1,19E+12;1,26E+14;1,30E+14;1,12E+14;1,32E+14;1,47E+14;1,80E+14;1,86E+14;;
Marshall Islands;MHL;GDP (current US$);NY.GDP.MKTP.CD;;;;;;;;;;;8408486;9116810;9973652;11607366;15217532;16691301;18153647;20210069;22209370;25545346;26710653;31020000;34918000;41749000;45144000;43879000;55989000;62983000;70688000;72798000;78476000;82507000;91063000;99461000;108071000;120230000;110858000;109884700;112070100;113352100;114838500;122406100;131960000;131128500;132900000;138000000;143200000;150500000;146600000;151200000;161100000;172300000;180700000;186400000;186000000;183700000;201800000;213700000;220000000;232900000;241800000;2,61E+14;2,59E+14;2,64E+14;2,90E+14;;
Middle income;MIC;GDP (current US$);NY.GDP.MKTP.CD;2,54E+14;2,58E+14;2,61E+13;2,87E+14;3,27E+14;3,60E+14;3,73E+14;3,84E+14;4,07E+14;4,55E+13;4,97E+14;5,34E+14;6,00E+14;7,67E+14;9,77E+14;1,08E+14;1,16E+14;1,30E+14;1,44E+14;1,68E+14;1,99E+14;2,23E+14;2,20E+14;2,13E+14;2,19E+13;2,28E+14;2,33E+13;2,40E+13;2,56E+14;2,75E+13;3,15E+14;3,04E+13;3,24E+14;3,50E+14;3,94E+14;4,59E+14;5,11E+14;5,42E+14;5,32E+14;5,12E+14;5,56E+14;5,57E+14;5,68E+14;6,36E+14;7,46E+13;8,81E+14;1,04E+14;1,27E+14;1,51E+14;1,52E+14;1,85E+14;2,18E+14;2,33E+14;2,47E+14;2,59E+14;2,51E+14;2,54E+14;2,78E+14;2,96E+14;3,05E+13;2,95E+14;3,49E+14;3,65E+14;3,76E+14;3,89E+14;;
North Macedonia;MKD;GDP (current US$);NY.GDP.MKTP.CD;;;;;;;;;;;;;;;;;;;;;;;;;;;;;;;4,70E+14;4,94E+14;2,44E+14;2,68E+14;3,56E+14;4,71E+14;4,64E+14;3,91E+14;3,77E+13;3,86E+14;3,77E+14;3,71E+14;4,02E+14;4,95E+14;5,68E+14;6,26E+14;6,86E+14;8,34E+14;9,91E+14;9,40E+14;9,41E+14;1,05E+14;9,75E+14;1,08E+14;1,14E+13;1,01E+14;1,07E+14;1,13E+14;1,27E+14;1,26E+13;1,24E+14;1,40E+14;1,39E+14;1,59E+14;1,70E+14;;
Mali;MLI;GDP (current US$);NY.GDP.MKTP.CD;;;;;;;;2,75E+14;3,44E+14;3,40E+14;3,60E+14;3,95E+14;4,87E+14;5,64E+14;5,39E+14;8,31E+14;9,39E+13;1,05E+14;1,22E+14;1,60E+14;2,70E+14;2,23E+14;1,68E+14;1,50E+14;1,39E+14;1,59E+14;2,13E+13;2,44E+14;2,71E+14;2,82E+14;3,25E+14;3,58E+14;3,68E+14;3,63E+14;2,66E+14;3,37E+14;3,74E+14;3,41E+14;3,89E+14;4,09E+14;3,52E+14;4,12E+14;4,65E+13;5,61E+14;6,49E+14;7,43E+14;8,21E+14;9,70E+14;1,15E+14;1,22E+14;1,27E+14;1,55E+14;1,48E+14;1,57E+14;1,71E+14;1,56E+14;1,67E+14;1,83E+14;2,04E+14;2,05E+14;2,07E+14;2,30E+14;2,25E+14;2,48E+14;2,68E+14;;
Malta;MLT;GDP (current US$);NY.GDP.MKTP.CD;;;;;;;;;;;2,51E+14;2,65E+14;2,95E+14;3,46E+14;3,76E+14;4,75E+14;5,28E+14;6,26E+13;7,94E+14;1,00E+14;1,25E+14;1,24E+14;1,23E+14;1,17E+13;1,10E+14;1,12E+14;1,44E+14;1,75E+14;2,02E+14;2,12E+14;2,55E+14;2,75E+14;3,02E+14;2,71E+14;3,00E+14;3,71E+14;3,82E+14;3,79E+14;4,01E+14;4,11E+14;4,04E+14;4,07E+14;4,46E+14;5,42E+14;6,10E+13;6,39E+14;6,75E+14;7,91E+14;9,14E+14;8,73E+14;9,10E+14;9,79E+14;9,61E+14;1,08E+14;1,19E+14;1,13E+14;1,20E+14;1,42E+14;1,62E+14;1,63E+14;1,64E+14;1,97E+14;1,89E+14;2,26E+14;2,50E+14;;
Myanmar;MMR;GDP (current US$);NY.GDP.MKTP.CD;5,45E+14;6,06E+14;6,35E+13;5,99E+14;4,11E+14;3,67E+14;2,93E+14;4,20E+14;5,60E+14;5,72E+14;5,64E+14;5,87E+14;6,62E+14;7,20E+14;1,23E+14;1,06E+14;1,20E+14;8,74E+14;9,35E+14;9,52E+14;1,04E+14;1,11E+14;1,48E+14;1,38E+13;1,30E+14;1,48E+14;1,58E+14;1,56E+14;1,54E+14;2,01E+14;2,12E+14;2,07E+14;2,41E+14;3,16E+14;4,43E+13;5,29E+14;6,12E+14;4,72E+14;6,46E+14;8,49E+14;8,91E+14;6,48E+14;6,78E+13;1,05E+14;1,06E+14;1,20E+14;1,45E+14;2,02E+14;3,19E+14;3,69E+14;4,95E+14;6,00E+14;5,99E+14;6,03E+13;6,55E+14;5,96E+14;6,33E+14;6,61E+14;6,79E+14;7,51E+14;7,90E+14;6,63E+14;6,23E+12;66757619000;7,41E+14;;
Middle East, North Africa, Afghanistan & Pakistan (excluding high income);MNA;GDP (current US$);NY.GDP.MKTP.CD;2,20E+14;2,29E+14;2,33E+14;2,57E+14;2,87E+13;3,18E+14;3,40E+14;3,73E+14;4,19E+14;4,66E+14;5,23E+14;5,92E+14;6,73E+14;8,29E+14;1,28E+14;1,47E+14;1,81E+14;2,09E+14;2,24E+14;2,79E+14;3,38E+14;3,30E+14;3,69E+14;4,04E+14;4,22E+14;4,54E+14;4,88E+14;4,27E+14;4,14E+14;4,16E+14;5,62E+14;3,81E+13;3,90E+14;3,44E+14;3,62E+14;4,03E+14;4,47E+14;4,66E+14;4,76E+14;5,15E+14;5,78E+14;5,80E+14;5,65E+14;6,25E+14;7,40E+14;8,57E+14;9,96E+14;1,21E+14;1,47E+14;1,42E+14;1,63E+14;1,91E+14;2,05E+14;1,93E+14;1,92E+14;1,78E+13;1,85E+14;1,88E+14;1,88E+14;1,83E+14;1,67E+14;1,94E+14;2,16E+14;2,09E+14;2,20E+14;;
Montenegro;MNE;GDP (current US$);NY.GDP.MKTP.CD;;;;;;;;;;;;;;;;;;;;;;;;;;;;;;;;;;;;;;8,38E+14;8,54E+14;8,29E+14;9,84E+14;1,16E+14;1,28E+14;1,71E+14;2,07E+14;2,26E+14;2,72E+14;3,68E+14;4,54E+14;4,14E+14;4,14E+14;4,51E+14;4,07E+14;4,42E+13;4,58E+14;4,01E+14;4,36E+14;4,80E+14;5,43E+14;5,48E+13;4,72E+14;5,82E+14;6,25E+14;7,64E+14;8,27E+14;;
Mongolia;MNG;GDP (current US$);NY.GDP.MKTP.CD;;;;;;;;;;;;;;;;;;;;;2101394100;2310099100;2,55E+14;2,73E+14;2098734600;2186505475;2,90E+14;3020611600;3,20E+14;3576966800;2560785660;2,38E+14;1,32E+14;7,68E+14;9,26E+14;1,45E+13;1,35E+14;1,18E+14;1,12E+14;1,06E+14;1,14E+14;1,27E+13;1,40E+14;1,60E+14;1,99E+14;2,52E+14;3,41E+14;4,24E+14;5,62E+14;4,58E+14;7,19E+14;1,04E+14;1,23E+13;1,26E+14;1,22E+14;1,16E+14;1,12E+14;1,15E+13;1,32E+14;1,42E+14;1,33E+14;1,53E+14;1,71E+13;2,03E+14;2,38E+14;;
Northern Mariana Islands;MNP;GDP (current US$);NY.GDP.MKTP.CD;;;;;;;;;;;;;;;;;;;;;;;;;;;;;;;;;;;;;;;;;;;1284000000;1239000000;1210000000;1061000000;990000000;938000000;939000000;795000000;799000000;729000000;746000000;772000000;832000000;910000000;1230000000;1560000000;1301000000;1179000000;866000000;914000000;1096000000;;;;
Mozambique;MOZ;GDP (current US$);NY.GDP.MKTP.CD;;;;;;;;;;;;;;;;;;;;;;;;;;;;;;;;3,85E+14;2,80E+14;2,88E+14;2,96E+14;3,06E+14;4,03E+13;4,87E+14;5,55E+14;6,29E+14;5,93E+14;5,65E+14;5,95E+14;6,58E+14;7,94E+14;8,87E+14;9,51E+14;1,08E+14;1,29E+14;1,23E+14;1,14E+13;1,46E+13;1,67E+14;1,72E+14;1,80E+14;1,62E+13;1,21E+14;1,33E+14;1,50E+14;1,55E+13;1,42E+14;1,62E+14;1,89E+14;2,09E+14;2,27E+14;;
Mauritania;MRT;GDP (current US$);NY.GDP.MKTP.CD;;1,59E+14;1,64E+14;1,68E+14;2,24E+14;2,55E+14;2,67E+14;2,83E+14;3,11E+14;2,95E+14;3,09E+13;3,36E+14;3,92E+14;4,93E+14;6,13E+14;7,03E+14;7,75E+14;7,99E+14;8,05E+14;9,52E+14;1,05E+14;1,11E+14;1,11E+14;1,17E+14;1,07E+14;1,01E+14;1,19E+13;1,34E+14;1,41E+14;1,45E+14;1,51E+14;2,13E+14;2,16E+14;1,85E+13;1,94E+14;2,09E+14;2,13E+14;2,07E+14;2,03E+14;1,99E+14;1,78E+14;1,75E+14;1,78E+14;2,05E+14;2,36E+14;2,94E+14;3,92E+14;4,35E+14;5,21E+14;4,71E+14;5,63E+14;6,76E+13;6,73E+14;7,22E+14;6,59E+14;6,17E+14;6,40E+14;6,80E+14;7,47E+14;7,89E+14;8,26E+14;9,22E+14;9,56E+14;1,07E+14;1,09E+14;;
Mauritius;MUS;GDP (current US$);NY.GDP.MKTP.CD;1,62E+14;1,92E+14;1,98E+14;2,54E+14;2,19E+14;2,30E+14;2,28E+14;2,38E+14;2,07E+14;2,22E+14;2,24E+14;2,51E+14;3,19E+14;4,04E+14;6,70E+14;6,73E+14;7,14E+14;8,35E+14;1,03E+14;1,23E+14;1,15E+14;1,16E+14;1,09E+14;1,10E+14;1,05E+14;1,09E+13;1,48E+14;1,91E+14;2,16E+14;2,21E+14;2,69E+14;2,90E+14;3,27E+14;3,31E+14;3,61E+13;4,09E+14;4,48E+14;4,24E+14;4,23E+14;4,40E+14;4,73E+14;4,68E+14;4,91E+14;5,89E+14;6,67E+14;6,58E+14;7,14E+14;8,28E+14;1,01E+14;9,26E+14;1,01E+14;1,17E+14;1,18E+14;1,24E+14;1,32E+14;1,22E+14;1,28E+14;1,39E+14;1,50E+14;1,46E+14;1,16E+14;1,16E+14;1,29E+14;1,41E+14;1,49E+12;;
Malawi;MWI;GDP (current US$);NY.GDP.MKTP.CD;;;;;;;;;;;;;;;;;;;;;1,80E+14;1,80E+14;1,72E+14;1,78E+14;1,76E+14;1,65E+14;1,72E+12;1,72E+14;2,01E+14;2,31E+14;2,74E+14;3,21E+14;2,62E+14;3,01E+14;1,72E+14;2,03E+14;3,32E+13;3,88E+14;2,55E+14;2,58E+14;2,54E+14;2,50E+13;5,09E+13;4,67E+14;5,06E+14;5,32E+14;5,82E+14;6,45E+14;7,74E+14;9,01E+14;1,01E+14;1,16E+14;8,77E+14;8,03E+14;8,80E+14;9,22E+14;7,91E+14;8,94E+13;9,88E+14;1,11E+14;1,18E+14;1,24E+14;1,24E+13;1,34E+14;1,13E+14;;
Malaysia;MYS;GDP (current US$);NY.GDP.MKTP.CD;1,92E+14;1,90E+14;2,00E+14;2,51E+14;2,67E+14;2,96E+14;3,14E+14;3,19E+14;3,33E+14;3,66E+14;3,86E+14;4,24E+14;5,04E+14;7,66E+13;9,50E+14;9,30E+14;1,11E+14;1,31E+14;1,64E+14;2,12E+14;2,45E+14;2,50E+14;2,68E+14;3,03E+14;3,39E+14;3,12E+14;2,77E+14;3,22E+14;3,53E+14;3,88E+14;4,40E+14;4,91E+14;5,92E+13;6,69E+14;7,45E+14;8,87E+14;1,01E+14;1,00E+14;7,22E+14;7,91E+14;9,38E+14;9,28E+14;1,01E+14;1,10E+14;1,25E+14;1,44E+14;1,63E+14;1,94E+14;2,31E+14;2,02E+14;2,55E+13;2,98E+14;3,14E+14;3,23E+14;3,38E+14;3,01E+14;3,01E+14;3,19E+14;3,59E+13;3,65E+14;3,37E+14;3,74E+14;4,08E+14;4,00E+14;4,22E+14;;
North America;NAC;GDP (current US$);NY.GDP.MKTP.CD;5,83E+14;6,03E+14;6,46E+13;6,82E+14;7,34E+14;7,97E+14;8,74E+14;9,26E+14;1,01E+14;1,10E+14;1,16E+14;1,26E+14;1,39E+14;1,56E+14;1,71E+14;1,86E+14;2,08E+14;2,29E+14;2,57E+14;2,87E+14;3,13E+14;3,52E+14;3,66E+14;3,98E+14;4,40E+14;4,71E+14;4,96E+14;5,29E+14;5,75E+14;6,21E+14;6,56E+14;6,77E+14;7,12E+14;7,44E+13;7,87E+14;8,25E+14;8,71E+14;9,24E+14;9,70E+12;1,03E+14;1,10E+14;1,13E+14;1,17E+13;1,24E+14;1,32E+14;1,42E+14;1,51E+13;1,59E+14;1,63E+14;1,59E+14;1,67E+14;1,74E+14;1,81E+14;1,87E+13;1,94E+14;1,98E+14;2,02E+14;2,11E+14;2,23E+13;2,31E+14;2,27E+14;2,53E+14;2,78E+14;2,95E+14;3,10E+13;;
Namibia;NAM;GDP (current US$);NY.GDP.MKTP.CD;;;;;;;;;;;;;;;;;;;;;2,42E+14;2,25E+14;2,12E+14;2,30E+14;1,95E+14;1,61E+14;1,81E+14;2,30E+14;2,50E+14;2,54E+14;2,79E+14;3,00E+14;3,43E+13;3,25E+14;3,67E+14;3,98E+14;3,99E+14;4,15E+14;3,87E+14;3,87E+14;3,92E+14;3,56E+14;3,35E+14;4,93E+14;6,61E+14;7,25E+14;8,00E+14;8,84E+14;8,61E+14;8,94E+14;1,14E+14;1,25E+14;1,30E+14;1,20E+14;1,24E+14;1,13E+14;1,07E+14;1,29E+14;1,37E+14;1,25E+12;1,06E+14;1,24E+14;1,26E+14;1,24E+14;1,34E+13;;
New Caledonia;NCL;GDP (current US$);NY.GDP.MKTP.CD;;;;;;1,60E+14;1,64E+14;1,80E+14;2,16E+13;2,63E+14;3,59E+14;4,14E+14;5,07E+14;5,42E+14;6,37E+14;8,17E+14;7,98E+14;8,38E+14;8,46E+14;1,05E+14;1,18E+14;9,73E+14;9,05E+14;8,24E+14;7,96E+14;8,55E+14;1,20E+14;1,49E+14;2,07E+14;2,19E+14;2,53E+14;2,65E+14;2,92E+14;2,82E+14;3,04E+14;3,63E+14;3,61E+14;3,29E+14;3,56E+14;3,65E+14;3,42E+14;3,30E+14;3,74E+14;4,92E+14;5,90E+13;6,24E+14;6,98E+14;8,82E+14;9,07E+14;8,70E+14;9,36E+14;1,04E+14;9,66E+14;1,02E+14;1,06E+14;8,74E+13;8,72E+14;9,17E+14;9,90E+14;9,48E+14;9,45E+14;1,01E+14;9,62E+14;9,77E+14;8,55E+14;;
Niger;NER;GDP (current US$);NY.GDP.MKTP.CD;4,50E+13;4,86E+14;5,32E+14;5,86E+14;5,83E+14;6,73E+14;7,02E+14;6,66E+14;6,41E+14;6,26E+14;6,50E+14;6,94E+14;7,43E+14;9,46E+14;1,03E+14;1,05E+14;1,06E+14;1,29E+14;1,77E+14;2,11E+14;2,51E+14;2,17E+13;2,02E+14;1,80E+14;1,46E+14;1,44E+14;1,90E+14;2,23E+14;2,28E+14;2,18E+14;3,51E+14;3,29E+14;3,39E+14;3,05E+14;1,94E+14;2,30E+14;2,41E+13;2,29E+14;2,64E+14;2,54E+14;2,24E+14;2,45E+14;2,78E+14;3,39E+14;3,76E+14;4,38E+14;4,76E+14;5,73E+14;7,30E+14;7,35E+14;7,85E+14;8,77E+14;9,43E+14;1,02E+14;1,09E+14;9,68E+14;1,04E+14;1,12E+14;1,28E+14;1,29E+14;1,37E+13;1,49E+13;1,54E+14;1,67E+12;1,99E+14;;
Nigeria;NGA;GDP (current US$);NY.GDP.MKTP.CD;4,20E+13;4,47E+14;4,91E+14;5,17E+13;5,55E+14;5,87E+14;6,37E+14;5,20E+14;5,20E+14;6,63E+14;1,25E+13;9,18E+14;1,23E+14;1,52E+14;2,48E+14;2,78E+14;3,63E+13;3,60E+14;3,65E+14;4,73E+14;6,42E+14;1,64E+14;1,43E+14;9,71E+14;7,35E+14;7,37E+14;5,48E+14;5,27E+14;4,96E+14;4,40E+14;5,40E+14;5,95E+14;5,21E+14;5,67E+14;8,04E+14;1,41E+14;1,86E+11;2,01E+14;2,18E+14;5,91E+14;6,92E+14;7,36E+13;9,51E+14;1,05E+14;1,36E+14;1,76E+14;2,38E+13;2,78E+14;3,39E+14;2,95E+14;3,67E+13;4,14E+13;4,64E+14;5,20E+14;5,74E+14;4,93E+13;4,05E+13;3,76E+14;4,22E+13;6,68E+14;5,99E+14;6,09E+14;6,47E+14;4,87E+14;2,52E+14;;
Nicaragua;NIC;GDP (current US$);NY.GDP.MKTP.CD;2,27E+14;2,44E+13;2,69E+14;2,97E+14;3,47E+14;5,64E+14;6,07E+14;6,57E+14;6,93E+14;7,50E+14;7,79E+14;8,29E+12;8,79E+14;1,09E+14;1,52E+14;1,58E+13;1,84E+14;2,23E+14;2,13E+14;1,57E+14;2,14E+14;2,47E+14;2,45E+14;2,75E+14;3,12E+14;2,68E+14;2,89E+14;3,85E+14;2,63E+14;1,01E+14;1,01E+14;1,49E+14;1792800000;1,76E+14;3,86E+14;4140470000;4,31E+14;4,39E+14;4,64E+13;4,86E+14;5,11E+14;5,35E+13;5,22E+14;5,32E+14;5,79E+14;6,32E+14;6,76E+14;7,42E+14;8,50E+14;8,30E+13;8,76E+14;9,77E+14;1,05E+14;1,10E+14;1,19E+14;1,28E+14;1,33E+14;1,38E+14;1,30E+13;1,27E+13;1,27E+14;1,42E+14;1,56E+14;1,78E+14;1,97E+14;;
Netherlands;NLD;GDP (current US$);NY.GDP.MKTP.CD;1,33E+13;1,46E+13;1,58E+14;1,72E+14;2,02E+14;2,27E+14;2,47E+14;2,71E+14;3,01E+13;3,41E+14;3,82E+14;4,46E+14;5,48E+14;7,19E+14;8,74E+14;1,00E+13;1,09E+14;1,27E+14;1,56E+14;1,80E+14;1,95E+14;1,64E+14;1,59E+14;1,54E+14;1,44E+14;1,44E+14;2,01E+14;2,45E+14;2,62E+14;2,59E+14;3,19E+14;3,28E+13;3,63E+14;3,54E+14;3,80E+14;4,53E+14;4,51E+14;4,18E+14;4,39E+14;4,48E+14;4,18E+14;4,33E+14;4,76E+14;5,82E+13;6,61E+14;6,88E+14;7,38E+14;8,53E+14;9,58E+14;8,79E+14;8,52E+14;9,13E+14;8,46E+14;8,84E+14;9,02E+14;7,76E+14;7,97E+14;8,48E+14;9,30E+14;9,29E+14;9,33E+13;1,05E+13;1,05E+14;1,14E+12;1,21E+14;;
Norway;NOR;GDP (current US$);NY.GDP.MKTP.CD;5,20E+14;5,67E+13;6,11E+14;6,55E+14;7,21E+14;8,11E+14;8,75E+14;9,58E+14;1,02E+14;1,11E+14;1,28E+14;1,46E+14;1,74E+13;2,25E+14;2,71E+14;3,29E+13;3,59E+14;4,15E+14;4,65E+14;5,31E+14;6,44E+14;6,36E+14;6,26E+14;6,16E+14;6,21E+14;6,54E+14;7,87E+14;9,42E+14;1,02E+14;1,03E+14;1,20E+14;1,22E+14;1,31E+14;1,21E+14;1,27E+14;1,52E+14;1,64E+14;1,61E+14;1,54E+14;1,62E+13;1,71E+14;1,74E+14;1,96E+14;2,29E+14;2,65E+14;3,10E+14;3,47E+14;4,03E+14;4,65E+14;3,88E+14;4,31E+14;5,01E+14;5,13E+14;5,26E+14;5,02E+14;3,88E+13;3,71E+14;4,02E+14;4,40E+12;4,09E+14;3,68E+14;5,03E+14;5,96E+14;4,83E+14;4,84E+14;;
Nepal;NPL;GDP (current US$);NY.GDP.MKTP.CD;5,08E+14;5,32E+13;5,74E+14;4,97E+14;4,96E+14;7,35E+14;9,07E+14;8,42E+14;7,72E+14;7,89E+14;8,66E+14;8,83E+14;1,02E+14;9,72E+14;1,22E+14;1,58E+14;1,45E+14;1382400000;1,60E+14;1,85E+14;1,95E+14;2,28E+14;2,40E+14;2,45E+14;2,58E+14;2,62E+14;2,85E+14;2,96E+14;3,49E+14;3,53E+14;3,63E+14;3,92E+14;3,40E+14;3,66E+14;4,07E+14;4,40E+14;4,52E+14;4,92E+14;4,86E+14;5,03E+14;5,49E+14;6,01E+14;6,05E+14;6,33E+14;7,27E+14;8,13E+14;9,04E+13;1,03E+13;1,25E+14;1,29E+14;1,60E+14;2,16E+14;2,17E+14;2,22E+14;2,27E+14;2,44E+14;2,45E+14;2,90E+13;3,31E+13;3,42E+14;3,34E+14;3,69E+14;4,12E+14;4,10E+14;4,29E+14;;
Nauru;NRU;GDP (current US$);NY.GDP.MKTP.CD;;;;;;;;;;;1,76E+14;1,90E+14;2,17E+14;2,65E+14;3,60E+13;4,01E+14;4,03E+14;4,04E+14;4,18E+14;4,44E+14;4,69E+14;5,17E+14;5,29E+13;4,84E+14;4,74E+14;4,15E+14;3,99E+14;4,01E+14;4,59E+14;5,37E+14;5,56E+14;5,25E+14;5,11E+14;4,35E+14;3,97E+14;4,00E+13;3,75E+14;3,73E+14;2,97E+14;2,73E+14;2,69E+14;2,26E+14;2,10E+14;2,48E+14;3,06E+14;3,01E+14;2,92E+14;2,28E+14;3,76E+14;4,42E+14;4,76E+14;6,51E+14;1,01E+13;9,44E+14;9,91E+14;8,49E+14;9,75E+14;1,09E+14;1,31E+13;1,25E+14;1,25E+14;1,75E+13;1,52E+14;1,51E+14;1,63E+14;;
New Zealand;NZL;GDP (current US$);NY.GDP.MKTP.CD;5,54E+14;5,72E+14;6,13E+14;6,70E+14;7,34E+14;5,71E+14;5,92E+14;6,02E+14;5,23E+14;5,81E+14;6,50E+14;7,91E+14;9,57E+14;1,28E+14;1,39E+14;1,29E+14;1,36E+14;1,54E+14;1,85E+14;2,07E+14;2,32E+14;2,44E+14;2,42E+14;2,43E+14;2,17E+14;2,47E+14;3,06E+14;4,04E+14;4,52E+14;4,39E+14;4,55E+14;4,27E+13;4,16E+14;4,68E+14;5,53E+14;6,39E+14;7,01E+14;6,61E+14;5,62E+14;5,88E+14;5,26E+14;5,39E+14;6,66E+14;8,83E+14;1,04E+14;1,15E+14;1,12E+14;1,37E+14;1,33E+14;1,22E+14;1,47E+14;1,68E+14;1,77E+14;1,91E+14;2,02E+13;1,78E+13;1,89E+13;2,07E+14;2,12E+14;2,13E+14;2,13E+14;2,54E+14;2,50E+14;2,55E+14;2,60E+14;;
OECD members;OED;GDP (current US$);NY.GDP.MKTP.CD;1,06E+14;1,13E+13;1,22E+14;1,32E+14;1,44E+14;1,57E+14;1,71E+14;1,83E+14;1,99E+14;2,19E+14;2,40E+14;2,66E+14;3,09E+14;3,74E+14;4,19E+14;4,70E+14;5,09E+14;5,74E+14;6,91E+13;7,98E+14;8,87E+14;9,03E+14;8,89E+14;9,19E+14;9,60E+14;1,01E+14;1,23E+14;1,42E+13;1,60E+14;1,67E+14;1,89E+14;2,00E+14;2,15E+14;2,18E+13;2,33E+14;2,58E+14;2,60E+14;2,56E+14;2,58E+13;2,71E+14;2,77E+14;2,75E+13;2,86E+14;3,20E+14;3,57E+14;3,77E+14;3,98E+14;4,36E+14;4,63E+14;4,33E+14;4,55E+14;4,89E+14;4,88E+14;4,95E+14;5,05E+14;4,76E+14;4,86E+14;5,07E+14;5,37E+13;5,42E+13;5,29E+14;5,90E+14;6,06E+14;6,46E+14;6,75E+14;;
Oman;OMN;GDP (current US$);NY.GDP.MKTP.CD;4,42E+14;4,56E+14;5,63E+14;5,99E+14;6,19E+14;6,33E+14;6,78E+14;1,07E+14;1,89E+14;2,40E+14;2,56E+14;3,01E+14;3,67E+14;4,83E+14;1,65E+14;2,10E+14;2,56E+14;2,74E+14;2,74E+14;3,73E+14;5,98E+14;7,26E+14;7,55E+14;7,93E+14;8,82E+14;1,00E+14;7,32E+14;7,81E+14;8,39E+14;9,37E+14;1,33E+14;1,29E+14;1,42E+14;1,42E+14;1,47E+14;1,57E+14;1,74E+14;1,80E+14;1,60E+14;1,78E+14;2,23E+14;2,22E+13;2,31E+14;2,47E+14;2,84E+13;3,55E+14;4,26E+13;4,83E+14;6,98E+14;5,55E+14;6,50E+14;7,75E+14;8,74E+14;8,99E+14;9,27E+14;7,87E+14;7,51E+14;8,09E+14;9,15E+14;8,81E+14;7,59E+14;8,73E+14;1,10E+14;1,06E+13;1,07E+14;;
Other small states;OSS;GDP (current US$);NY.GDP.MKTP.CD;;;;;;;;;;;;;;;;7,54E+14;8,76E+14;1,08E+14;1,25E+14;1,64E+14;2,45E+14;2,28E+14;2,19E+14;2,01E+14;1,98E+14;1,93E+14;1,93E+14;2,41E+14;2,60E+14;2,66E+14;3,20E+14;3,36E+14;3,63E+14;3,48E+14;3,69E+14;4,38E+14;4,50E+14;4,50E+14;4,52E+14;4,71E+14;4,74E+14;4,76E+13;5,21E+14;6,48E+14;7,69E+14;8,63E+14;9,59E+14;1,15E+13;1,25E+14;1,08E+14;1,13E+14;1,29E+14;1,26E+14;1,31E+14;1,35E+14;1,21E+14;1,28E+14;1,43E+14;1,58E+13;1,59E+14;1,46E+14;1,72E+14;1,82E+14;1,97E+13;2,08E+13;;
Pakistan;PAK;GDP (current US$);NY.GDP.MKTP.CD;3,75E+14;4,12E+14;4,31E+14;4,63E+14;5,20E+14;5,93E+14;6,56E+14;7,46E+13;8,04E+13;8,68E+14;1,00E+13;1,07E+14;9,42E+14;6,38E+14;8,90E+14;1,12E+14;1,32E+14;1,51E+14;1,78E+14;1,97E+14;2,37E+14;2,81E+14;3,07E+13;2,87E+14;3,12E+14;3,11E+14;3,19E+14;3,34E+14;3,85E+14;4,02E+14;4,00E+14;4,56E+14;4,89E+14;5,18E+14;5,23E+14;6,06E+14;6,33E+14;6,24E+14;6,22E+14;6,30E+14;9,95E+14;9,71E+14;9,79E+14;1,12E+14;1,32E+14;1,45E+14;1,62E+13;1,84E+13;2,02E+14;1,87E+14;1,97E+14;2,31E+14;2,50E+14;2,59E+14;2,71E+14;3,00E+14;3,14E+14;3,39E+12;3,56E+14;3,21E+14;3,00E+14;3,49E+14;3,75E+14;3,37E+14;3,72E+14;;
Panama;PAN;GDP (current US$);NY.GDP.MKTP.CD;537147100;599026300;652120900;722784500;776137500;852485300;928833000;1034376400;1112791100;1221305700;1351006400;1523917200;1673411700;1913793400;2188307600;2435304100;2588106000;2738261900;3244558600;3704551600;4614086400;5222421500;5769767900;5923755900;6183387100;6541517100;6797834200;6827665300;5902783400;5918469800;6433967000;7074675500;8042337700;8782585400;9365289800;9573813700;9,20E+14;1,01E+14;1,10E+14;1,17E+14;1,20E+14;1,23E+14;1,28E+14;1,36E+14;1,51E+13;1,66E+14;1,87E+14;2,17E+14;2,57E+14;2,78E+14;3,02E+14;3,57E+14;4,16E+14;4,69E+14;5,14E+14;5,58E+14;5,98E+14;6,43E+14;6,73E+14;6,98E+14;5,71E+14;6,74E+14;7,65E+14;8,38E+14;8,65E+14;;
Peru;PER;GDP (current US$);NY.GDP.MKTP.CD;2,57E+14;2,90E+14;3,28E+14;3,60E+13;4,35E+14;5,16E+14;6,11E+14;6,19E+13;5,74E+14;6,42E+11;7,43E+14;8,29E+14;9,19E+14;1,10E+14;1,39E+14;1,69E+14;1,61E+14;1,45E+14;1,25E+14;1,60E+14;1,81E+13;2,16E+14;2,18E+13;1,73E+14;1,76E+14;1,51E+13;2,19E+13;3,69E+14;1,54E+11;2,25E+14;2,64E+14;3,43E+14;3,60E+13;3,48E+14;4,49E+14;5,33E+14;5,53E+14;5,81E+14;5,55E+13;5,02E+13;5,17E+13;5,20E+14;5,48E+14;5,87E+14;6,68E+14;7,61E+14;8,86E+13;1,02E+14;1,21E+14;1,21E+14;1,48E+14;1,72E+14;1,93E+14;2,01E+14;2,01E+14;1,90E+14;1,92E+14;2,11E+14;2,23E+14;2,28E+14;2,01E+14;2,26E+14;2,46E+14;2,67E+14;2,89E+14;;
Philippines;PHL;GDP (current US$);NY.GDP.MKTP.CD;7,52E+14;8,17E+14;4,95E+14;5,51E+14;5,95E+14;6,52E+14;7,19E+14;7,72E+14;8,63E+14;9,57E+13;7,56E+14;8,38E+13;9,07E+13;1,14E+14;1,56E+14;1,69E+14;1,94E+14;2,23E+14;2,58E+14;3,12E+14;3,68E+14;4,05E+14;4,22E+14;3,78E+14;3,57E+14;3,50E+14;3,40E+14;3,78E+14;4,32E+14;4,85E+13;5,05E+14;5,18E+13;6,04E+14;6,20E+14;7,32E+14;8,46E+14;9,46E+14;9,41E+14;7,45E+14;8,56E+14;8,37E+14;7,89E+14;8,43E+13;8,70E+14;9,50E+14;1,07E+14;1,28E+14;1,56E+14;1,82E+14;1,76E+14;2,08E+14;2,34E+13;2,62E+13;2,84E+14;2,97E+14;3,06E+14;3,19E+14;3,28E+13;3,47E+14;3,77E+14;3,62E+14;3,94E+13;4,04E+14;4,37E+14;4,62E+14;;
Palau;PLW;GDP (current US$);NY.GDP.MKTP.CD;;;;;;;;;;;11563041;12706874;13956474;15331889;16848759;18521112;20364420;22308104;24530015;27004251;29728054;32726594;36027583;39661530;44814259;51030637;58109314;66169905;75348615;85800543;97702303;106555300;104771300;96455700;106138500;121018500;137494600;143860800;149079600;144206500;1,50E+14;1,59E+14;1,63E+14;1,55E+14;1,66E+14;1,91E+14;1,94E+14;2,01E+14;2,01E+14;1,90E+14;1,88E+14;1,99E+14;2,16E+14;2,24E+14;2,46E+14;2,87E+14;3,05E+14;2,92E+14;2,88E+14;2,82E+14;2,62E+14;2,31E+14;2,44E+14;2,77E+14;;;
Papua New Guinea;PNG;GDP (current US$);NY.GDP.MKTP.CD;2,30E+14;2,45E+14;2,61E+14;2,76E+14;3,05E+14;3,44E+14;3,91E+13;4,42E+14;4,85E+13;5,51E+14;6,46E+14;7,18E+14;8,59E+13;1,30E+14;1,47E+14;1,36E+14;1,51E+14;1,64E+14;1,95E+14;2,29E+13;2,55E+14;2,50E+14;2,37E+14;2,56E+14;2,55E+14;2,42E+14;2,65E+14;3,14E+14;3,66E+14;3,55E+14;3,22E+14;3,79E+14;4,38E+14;4,97E+14;5,50E+14;4,64E+14;5,16E+14;4,94E+14;3,79E+14;3,48E+14;3,52E+14;3,08E+14;3,00E+14;3,54E+13;3,93E+14;4,87E+14;8,35E+14;9,55E+14;1,17E+14;1,16E+13;1,43E+14;1,80E+14;2,13E+14;2,13E+14;2,32E+13;2,17E+14;2,08E+14;2,27E+13;2,41E+14;2,48E+14;2,38E+14;2,61E+14;3,17E+13;3,08E+14;3,18E+14;;
Poland;POL;GDP (current US$);NY.GDP.MKTP.CD;;;;;;;;;;;;;;;;;;;;;;;;;;;;;;;6,60E+14;8,55E+14;9,43E+14;9,60E+13;1,11E+14;1,43E+14;1,61E+14;1,60E+14;1,75E+14;1,71E+14;1,73E+14;1,92E+14;2,00E+14;2,19E+13;2,56E+14;3,07E+14;3,46E+14;4,30E+14;5,36E+14;4,41E+14;4,78E+14;5,28E+14;4,98E+13;5,18E+13;5,42E+14;4,80E+14;4,73E+14;5,28E+14;5,95E+14;6,03E+13;6,06E+14;6,89E+13;6,96E+14;8,12E+14;9,18E+14;;
Pre-demographic dividend;PRE;GDP (current US$);NY.GDP.MKTP.CD;2,44E+14;2,53E+13;2,77E+14;3,20E+14;3,03E+14;3,34E+14;3,65E+14;3,47E+14;3,74E+14;4,21E+14;4,74E+14;4,69E+14;5,51E+14;6,79E+14;9,36E+14;1,07E+14;1,25E+14;1,38E+14;1,56E+14;1,93E+14;2,38E+14;3,25E+14;3,08E+13;2,56E+13;2,39E+14;2,48E+14;2,15E+14;2,31E+14;2,42E+13;2,45E+14;3,97E+14;2,25E+14;1,75E+14;1,83E+14;1,91E+14;2,80E+14;3,40E+14;3,72E+14;3,94E+14;2,45E+14;2,83E+14;2,70E+14;3,12E+14;3,40E+13;4,24E+14;5,31E+14;6,69E+14;8,08E+14;1,01E+14;9,15E+14;1,07E+14;1,24E+14;1,35E+14;1,48E+14;1,56E+14;1,33E+14;1,18E+13;1,23E+13;1,37E+14;1,63E+14;1,49E+14;1,63E+14;1,86E+14;1,68E+14;1,51E+14;;
Puerto Rico (US);PRI;GDP (current US$);NY.GDP.MKTP.CD;1691900000;1865100000;2094400000;2333600000;2570500000;2881500000;3170500000;3532700000;3941700000;4460700000;5034700000;5646800000;6328900000;7002400000;7684800000;8198300000;8968600000;9910900000;11165000000;12750000000;14436100000;15955700000;16764200000;17276600000;19162600000;20289200000;22009300000;24025800000;26385800000;28161200000;30603919000;32287031000;34630430000;36922456000;39690630000;42647331000;45340835000;48187039000;54086400000;57841000000;61701800000;69208400000;71623500000;74827400000;80322313000;83914521300;87276164400;89524131600;93639300000;96385600000;98381300000;1,00E+11;1,02E+11;1,02E+11;1,02E+11;1,03E+11;1,04E+11;1,03E+11;1,01E+11;1,05E+11;1,03E+11;1,06E+11;1,14E+11;1,18E+14;1,26E+14;;
Korea, Dem. People's Rep.;PRK;GDP (current US$);NY.GDP.MKTP.CD;;;;;;;;;;;;;;;;;;;;;;;;;;;;;;;;;;;;;;;;;;;;;;;;;;;;;;;;;;;;;;;;;;;
Portugal;PRT;GDP (current US$);NY.GDP.MKTP.CD;3,34E+14;3,57E+14;3,84E+14;4,08E+14;4,43E+14;4,90E+14;5,37E+14;6,00E+14;6,64E+14;7,29E+14;8,11E+14;9,20E+14;1,12E+14;1,51E+14;1,75E+14;1,93E+14;2,03E+14;2,14E+14;2,35E+14;2,66E+14;3,29E+14;3,20E+14;3,05E+14;2,72E+14;2,52E+14;2,71E+14;3,87E+14;4,82E+14;5,63E+14;6,06E+14;7,87E+14;8,92E+14;1,08E+14;9,50E+14;9,97E+14;1,18E+14;1,23E+13;1,17E+13;1,24E+14;1,27E+14;1,19E+14;1,22E+14;1,35E+14;1,65E+14;1,89E+14;1,97E+14;2,09E+14;2,40E+14;2,63E+14;2,45E+14;2,38E+14;2,45E+14;2,17E+14;2,27E+14;2,30E+14;1,99E+14;2,06E+14;2,21E+14;2,42E+14;2,40E+14;2,30E+14;2,56E+14;2,57E+14;2,92E+14;3,13E+14;;
Paraguay;PRY;GDP (current US$);NY.GDP.MKTP.CD;2,89E+14;3,22E+13;3,61E+14;3,84E+14;4,08E+14;4,44E+14;4,66E+14;4,93E+14;5,18E+14;5,56E+14;5,95E+14;6,65E+14;7,69E+14;9,96E+14;1,33E+13;1,51E+14;1,70E+14;2,09E+14;2,56E+14;3,42E+14;4,45E+13;5,62E+14;5,42E+14;5,67E+14;4,50E+14;3,28E+14;3,72E+14;3,97E+13;4,26E+14;4,76E+14;5,81E+14;6,98E+14;7,16E+14;7,25E+14;7,87E+13;9,06E+14;9,79E+14;9,97E+14;9,26E+14;8,84E+14;8,86E+14;8,50E+14;7,20E+14;7,69E+14;9,62E+14;1,07E+14;1,34E+13;1,79E+14;2,46E+14;2,24E+14;2,73E+14;3,38E+14;3,33E+14;3,85E+14;4,04E+14;3,62E+14;3,61E+14;3,90E+14;4,02E+14;3,79E+13;3,54E+14;4,00E+14;4,20E+14;4,31E+14;4,45E+14;;
West Bank and Gaza;PSE;GDP (current US$);NY.GDP.MKTP.CD;;;;;;;;;;;;;;;;;;;;;;;;;;;;;;;;;;;2843300000;3282800000;3409600000;3759800000;4067800000;4271200000;4313600000;4003700000;3555800000;3968000000;4603100000;5125700000;5348300000;5815700000;7310400000;8085700000;9681500000;11186100000;12208400000;13515500000;13989700000;13972400000;15405400000;16128000000;16276600000;17133500000;15531700000;18109000000;19165500000;17847900000;13711100000;;
Pacific island small states;PSS;GDP (current US$);NY.GDP.MKTP.CD;;;;;;;;;;;4,24E+14;4,77E+13;5,66E+14;7,57E+14;1,03E+14;1,14E+14;1,14E+14;1,20E+13;1,37E+14;1,65E+14;1,89E+14;1,96E+14;1,93E+14;1,84E+14;1,94E+14;1,86E+14;2,03E+14;1,99E+14;2,05E+14;2,13E+14;2,39E+14;2,53E+14;2,78E+14;2,92E+14;3,41E+14;3,70E+14;3,97E+14;3,98E+14;3,43E+14;3,74E+14;3,44E+14;3,39E+14;3,55E+14;4,24E+14;4,87E+14;5,41E+14;5,68E+14;6,25E+14;6,70E+13;6,04E+14;6,64E+14;7,75E+14;8,22E+14;8,54E+14;9,29E+14;9,11E+14;9,56E+14;1,03E+14;1,08E+14;1,06E+14;9,32E+14;9,45E+13;1,04E+14;1,12E+14;1,21E+14;;
Post-demographic dividend;PST;GDP (current US$);NY.GDP.MKTP.CD;1,04E+14;1,10E+14;1,19E+14;1,29E+13;1,40E+14;1,53E+14;1,67E+14;1,79E+13;1,94E+14;2,13E+14;2,34E+14;2,60E+14;3,02E+14;3,65E+14;4,08E+14;4,57E+14;4,96E+14;5,60E+14;6,75E+14;7,75E+13;8,58E+14;8,68E+14;8,64E+14;8,97E+14;9,37E+14;9,86E+14;1,21E+13;1,40E+14;1,57E+14;1,64E+14;1,85E+14;1,95E+14;2,09E+13;2,10E+14;2,25E+14;2,50E+14;2,51E+14;2,46E+14;2,47E+14;2,60E+14;2,64E+13;2,62E+14;2,73E+14;3,06E+14;3,40E+14;3,58E+14;3,77E+14;4,12E+14;4,36E+14;4,11E+14;4,28E+14;4,60E+14;4,59E+14;4,64E+14;4,74E+14;4,48E+14;4,58E+14;4,77E+14;5,06E+14;5,11E+14;5,00E+14;5,57E+14;5,70E+14;6,03E+14;6,28E+14;;
French Polynesia;PYF;GDP (current US$);NY.GDP.MKTP.CD;;;;;;1,77E+14;2,16E+14;2,21E+14;2,60E+14;2,43E+14;2,54E+14;2,97E+14;3,26E+14;4,31E+14;5,55E+14;6,90E+14;7,32E+14;7,93E+14;1,01E+14;1,22E+14;1,32E+14;1,23E+14;1,24E+14;1,28E+14;1,33E+14;1,45E+14;2,21E+14;2,68E+13;2,72E+13;2,73E+14;3,32E+14;3,41E+14;3,71E+14;3,54E+14;3,68E+13;4,19E+14;4,17E+14;3,76E+14;3,90E+14;3,91E+14;3,60E+14;3,57E+14;3,97E+13;4,93E+13;5,56E+13;5,71E+14;5,88E+14;6,63E+14;7,14E+14;6,58E+13;6,09E+14;6,20E+14;5,69E+14;6,03E+14;6,15E+14;5,33E+14;5,50E+13;5,83E+13;6,14E+14;6,02E+14;5,57E+14;5,99E+14;5,62E+14;6,14E+14;6,32E+14;;
Qatar;QAT;GDP (current US$);NY.GDP.MKTP.CD;;;;;;;;;;;3,02E+14;3,88E+14;5,10E+12;7,94E+14;2,40E+14;2,51E+14;3,28E+14;3,62E+14;4,05E+14;5,63E+14;7,83E+14;8,66E+14;7,60E+14;6,47E+14;6,70E+14;6,15E+14;5,05E+14;5,45E+14;6,04E+14;6,49E+14;7,36E+14;6,88E+14;7,65E+14;7,16E+14;7,37E+14;8,14E+14;9,06E+14;1,13E+14;1,03E+14;1,24E+14;1,78E+14;1,75E+14;1,94E+14;2,35E+14;3,17E+14;4,45E+14;6,09E+14;7,97E+14;1,15E+14;9,78E+14;1,24E+14;1,68E+14;1,87E+14;1,99E+14;2,06E+14;1,62E+14;1,52E+14;1,61E+14;1,83E+14;1,76E+14;1,44E+14;1,80E+14;2,36E+14;2,17E+14;2,19E+14;;
Romania;ROU;GDP (current US$);NY.GDP.MKTP.CD;;;;;;;;;;;;;;;;;;;;;;;;;;;;3,81E+14;4,04E+14;4,15E+14;3,82E+14;2,89E+13;2,51E+14;2,64E+14;3,01E+14;3,74E+14;3,69E+14;3,56E+14;4,17E+14;3,60E+13;3,73E+14;4,04E+14;4,61E+14;5,78E+13;7,50E+14;9,85E+14;1,22E+14;1,75E+14;2,14E+14;1,74E+14;1,70E+14;1,93E+14;1,79E+14;1,90E+14;2,00E+14;1,78E+14;1,85E+14;2,10E+14;2,42E+14;2,50E+14;2,51E+14;2,85E+14;2,95E+14;3,48E+14;3,83E+14;;
Russian Federation;RUS;GDP (current US$);NY.GDP.MKTP.CD;;;;;;;;;;;;;;;;;;;;;;;;;;;;;5,55E+14;5,07E+14;5,17E+14;5,18E+14;4,60E+14;4,35E+14;3,95E+14;3,96E+14;3,92E+14;4,05E+14;2,71E+14;1,96E+14;2,60E+14;3,07E+12;3,45E+14;4,30E+14;5,91E+14;7,64E+13;9,90E+14;1,30E+14;1,66E+14;1,22E+13;1,52E+14;2,05E+14;2,21E+14;2,29E+14;2,06E+14;1,36E+14;1,28E+14;1,57E+12;1,66E+14;1,69E+14;1,49E+14;1,83E+13;2,29E+14;2,07E+14;2,17E+14;;
Rwanda;RWA;GDP (current US$);NY.GDP.MKTP.CD;119000024;122000016;125000008;128000000;129999994;148799980;1,25E+14;159560018;172200018;188700037;219900006;2,23E+13;2,46E+14;2,91E+14;3,08E+14;5,72E+14;6,38E+13;7,47E+14;9,06E+13;1,11E+14;1,25E+14;1,41E+14;1,41E+13;1,48E+14;1,59E+13;1,72E+14;1,94E+14;2,16E+14;2,40E+14;2,41E+14;2,55E+14;1,91E+14;2,03E+14;1,97E+14;7,54E+14;1,29E+14;1,38E+14;1,85E+14;1,99E+14;2,16E+14;2,07E+14;1,97E+14;1,97E+14;2,14E+14;2,38E+14;2,93E+14;3,32E+14;4,07E+14;5,18E+14;5,67E+14;6,12E+14;6,88E+14;7,65E+14;7,82E+14;8,24E+14;8,54E+14;8,70E+14;9,25E+14;9,64E+14;1,03E+14;1,02E+14;1,11E+14;1,33E+14;1,43E+14;1,43E+14;;
South Asia;SAS;GDP (current US$);NY.GDP.MKTP.CD;4,33E+14;4,61E+14;4,93E+14;5,55E+13;6,37E+14;6,80E+14;5,47E+14;6,02E+14;6,32E+14;6,97E+13;7,47E+13;7,94E+14;8,14E+14;9,76E+14;1,17E+14;1,23E+14;1,18E+14;1,37E+14;1,55E+14;1,74E+14;2,11E+14;2,21E+14;2,27E+14;2,44E+14;2,40E+14;2,64E+14;2,80E+14;3,13E+14;3,34E+14;3,36E+13;3,65E+14;3,14E+14;3,34E+14;3,27E+14;3,77E+14;4,16E+14;4,59E+14;4,85E+14;4,93E+14;5,32E+14;5,45E+14;5,63E+13;5,94E+14;6,95E+14;8,04E+14;9,24E+14;1,05E+14;1,34E+14;1,35E+13;1,50E+14;1,87E+14;2,05E+14;2,06E+14;2,11E+14;2,32E+13;2,41E+14;2,68E+14;3,08E+14;3,16E+14;3,32E+14;3,17E+14;3,72E+14;3,93E+14;4,21E+14;4,51E+14;;
Saudi Arabia;SAU;GDP (current US$);NY.GDP.MKTP.CD;1,75E+14;1,92E+14;2,13E+14;2,21E+14;2,37E+14;2,65E+14;2,92E+14;3,26E+14;4,19E+14;4,49E+14;5,38E+14;7,18E+14;9,66E+14;1,49E+13;4,54E+14;4,68E+14;6,40E+14;7,42E+14;8,03E+14;1,12E+14;1,65E+14;1,84E+13;1,53E+14;1,29E+14;1,20E+14;1,04E+13;8,70E+14;8,57E+14;8,83E+14;9,53E+14;1,18E+14;1,32E+14;1,37E+13;1,33E+14;1,35E+14;1,43E+14;1,59E+14;1,66E+14;1,47E+14;1,62E+14;1,90E+14;1,84E+11;1,90E+14;2,16E+14;2,59E+14;3,28E+14;3,77E+14;4,16E+14;5,20E+11;4,29E+14;5,28E+14;6,81E+11;7,52E+14;7,70E+14;7,87E+14;6,93E+11;6,89E+14;7,41E+14;8,87E+11;8,89E+14;7,68E+11;9,83E+14;1,24E+12;1,22E+14;1,24E+14;;
Sudan;SDN;GDP (current US$);NY.GDP.MKTP.CD;1,13E+13;1,22E+14;1,33E+14;1,35E+14;1,39E+13;1,45E+14;1,48E+14;1,61E+14;1,68E+14;1,85E+14;2,10E+14;2,29E+14;2,48E+14;3,08E+14;3,96E+14;4,82E+14;6,01E+14;7,50E+14;8,13E+13;8,42E+14;8951800000;1,08E+14;8,73E+14;8,23E+14;1,04E+14;8,08E+13;10092200000;1,21E+14;1,44E+14;2,14E+14;3,36E+14;4,42E+14;7,03E+14;8,88E+14;1,28E+13;1,38E+14;9,02E+14;1,17E+14;1,13E+14;1,07E+14;1,23E+14;1,57E+14;1,81E+14;2,14E+14;2,66E+14;3,52E+13;4,53E+14;5,94E+14;6,48E+14;5,16E+14;5,90E+14;5,50E+14;3,76E+14;4,30E+14;4,95E+14;5,17E+14;42630376000;4,13E+14;3,23E+14;3,23E+14;27034593750;3,42E+14;5,17E+14;3,99E+14;4,97E+14;;
Senegal;SEN;GDP (current US$);NY.GDP.MKTP.CD;1,00E+14;1,06E+14;1,09E+14;1,12E+14;1,19E+14;1,21E+14;1,25E+14;1,25E+14;1,31E+14;1,25E+14;1,30E+14;1,34E+14;1,62E+14;1,86E+13;2,10E+14;2,83E+13;2,87E+14;2,94E+13;3,28E+13;4,08E+14;4,51E+14;4,10E+14;4,01E+14;3,57E+14;3,49E+14;3,82E+14;5,39E+14;6,49E+14;6,42E+14;6,37E+14;7,39E+14;7,26E+14;7,77E+14;7,37E+14;5,03E+14;6,33E+13;6,56E+14;6,04E+14;6,51E+14;6,59E+14;6,01E+14;6,51E+14;7,01E+14;8,77E+14;1,01E+14;1,10E+13;1,17E+14;1,40E+14;1,69E+13;1,61E+14;1,61E+14;1,78E+14;1,77E+14;1,89E+14;1,98E+14;1,78E+14;1,90E+14;2,10E+14;2,31E+14;2,34E+14;2,45E+14;2,75E+14;2,78E+14;3,07E+14;3,28E+14;;
Singapore;SGP;GDP (current US$);NY.GDP.MKTP.CD;7,05E+14;7,65E+14;8,26E+14;9,18E+14;8,94E+14;9,75E+14;1,10E+14;1,24E+14;1,43E+13;1,66E+14;1,92E+14;2,26E+14;2,72E+14;3,70E+14;5,22E+14;5,63E+14;6,33E+14;6,62E+14;7,52E+14;9,30E+14;1,19E+14;1,42E+14;1,61E+13;1,78E+14;1,97E+13;1,92E+14;1,86E+14;2,09E+14;2,54E+14;3,05E+14;3,61E+14;4,55E+14;5,21E+14;6,06E+14;7,37E+14;8,78E+14;9,63E+14;1,00E+14;8,57E+14;8,63E+14;9,61E+14;8,98E+14;9,25E+14;9,76E+14;1,15E+14;1,28E+14;1,49E+14;1,81E+13;1,94E+14;1,94E+14;2,40E+13;2,79E+14;2,95E+14;3,08E+14;3,15E+14;3,08E+14;3,20E+14;3,44E+13;3,77E+14;3,76E+14;3,49E+14;4,37E+14;5,09E+14;5,05E+14;5,47E+14;;
Solomon Islands;SLB;GDP (current US$);NY.GDP.MKTP.CD;;;;;;;;2,52E+14;2,81E+14;2,86E+13;;5,01E+14;4,06E+13;5,53E+14;8,45E+13;7,46E+14;8,31E+13;9,31E+14;1,11E+14;1,51E+14;1,83E+14;1,94E+14;1,93E+14;1,81E+14;1,82E+14;1,66E+14;1,48E+14;1,55E+14;1,76E+14;1,73E+14;2,15E+14;2,28E+14;2,69E+14;3,01E+14;4,03E+14;4,69E+14;5,11E+14;5,27E+14;4,58E+14;4,88E+14;4,20E+14;4,10E+14;3,46E+14;4,18E+14;4,68E+14;5,53E+14;6,17E+14;6,95E+14;7,76E+14;8,06E+14;8,98E+14;1,06E+14;1,19E+14;1,29E+14;1,34E+14;1,31E+14;1,38E+14;1,47E+13;1,62E+14;1,62E+14;1,54E+14;1,56E+14;1,47E+14;1,51E+14;1,58E+14;;
Sierra Leone;SLE;GDP (current US$);NY.GDP.MKTP.CD;3,22E+14;3,28E+14;3,43E+14;3,49E+14;3,72E+14;3,59E+14;3,75E+13;3,49E+14;3,30E+14;4,09E+14;4,34E+13;4,20E+13;4,65E+14;5,75E+14;6,49E+14;6,79E+14;5,95E+14;6,92E+14;9,61E+13;1,11E+14;1,10E+14;1,11E+14;1,30E+14;9,95E+14;1,09E+14;8,57E+14;4,90E+13;6,60E+14;1,06E+14;9,33E+14;6,50E+14;7,80E+13;6,80E+14;7,69E+14;9,12E+14;8,71E+14;9,42E+14;8,50E+14;6,72E+14;6,69E+14;6,36E+14;1,68E+14;1,93E+14;2,14E+14;2,24E+14;2,55E+14;3,26E+14;3,63E+14;4,16E+14;3,95E+14;4,26E+14;4,86E+14;6,14E+14;7,50E+14;7,69E+14;6,79E+14;6,08E+14;5,75E+14;6,39E+14;6,52E+14;6,69E+13;7,17E+14;7,12E+14;6,42E+14;6,97E+13;;
El Salvador;SLV;GDP (current US$);NY.GDP.MKTP.CD;;;;;;877720000;929520000;976200000;1009760100;1049400000;1132920000;1186120000;1263720000;1442320000;1665880000;1884120100;2328280100;2941640100;3127960000;3463639900;3573959900;3437200200;3399189100;3506347800;3661683400;3800368600;3771663200;3958045800;4189880000;4372215300;4817542204;5252342400;5813399300;6680269200;7679384000;8921947100;9586327800;10221705900;10936669900;11284197000;11784927700;12282533600;12664190300;13243892200;13724810900;14698000000;15999890000;17011750000;17986890000;17601620000;18447920000;20283780000;21386150000;21990960000;22593470000;23438240000;24191430000;24979190000;26020850000;26881140000;24921190000;29043140000;31870120000;33853940000;35364960000;;
San Marino;SMR;GDP (current US$);NY.GDP.MKTP.CD;;;;;;;;;;;;;;;;;;;;;;;;;;;;;;;;;;;;;;9,77E+14;1,05E+14;1,11E+14;1,01E+14;1,06E+14;1,15E+14;1,46E+14;1,72E+12;1,79E+14;1,91E+14;2,19E+14;2,40E+14;2,06E+14;1,88E+14;1,81E+14;1,60E+14;1,68E+14;1,67E+14;1,42E+14;1,47E+14;1,53E+14;1,66E+14;1,62E+14;1,54E+14;1,86E+14;1,83E+13;2,03E+12;;;
Somalia, Fed. Rep.;SOM;GDP (current US$);NY.GDP.MKTP.CD;1,80E+14;1,92E+14;2,04E+14;2,16E+14;2,30E+14;2,44E+14;2,57E+14;2,72E+14;2,87E+14;3,06E+14;3,48E+14;3,47E+14;4,48E+14;4,84E+14;5,73E+14;7,57E+14;8,71E+14;4,99E+14;5,65E+13;5,90E+14;6,03E+14;6,99E+14;7,75E+13;7,35E+14;7,87E+14;8,76E+14;9,17E+14;1,02E+13;1,05E+13;1,18E+14;1,03E+14;7,18E+14;7092975785;1,26E+14;1,48E+14;1,53E+14;1,79E+14;2,19E+14;2,96E+14;3,05E+14;3,41E+14;2,25E+14;2,19E+14;2,84E+13;3,86E+14;4,68E+14;5,03E+14;5,43E+14;5,91E+14;2,95E+14;2,69E+14;2,91E+14;4,36E+14;5,06E+14;5,73E+14;6,15E+14;6,61E+14;7,62E+13;7873000000;8656000000;8628000000;9483000000;10203000000;10958000000;11967000000;;
Serbia;SRB;GDP (current US$);NY.GDP.MKTP.CD;;;;;;;;;;;;;;;;;;;;;;;;;;;;;;;;;;;;1,79E+14;2,33E+14;2,72E+14;2,10E+14;2,09E+14;7,33E+14;1,36E+14;1,79E+14;2,36E+14;2,68E+14;2,83E+14;3,33E+14;4,49E+14;5,42E+14;4,70E+14;4,35E+14;5,13E+14;4,51E+14;5,05E+14;4,91E+14;4,13E+14;4,22E+14;4,60E+14;5,28E+14;5,39E+14;5,59E+13;6,62E+14;6,68E+14;8,13E+14;9,01E+14;;
Sub-Saharan Africa (excluding high income);SSA;GDP (current US$);NY.GDP.MKTP.CD;3,43E+14;3,58E+14;3,87E+14;4,43E+14;4,38E+14;4,83E+13;5,24E+14;5,23E+14;5,60E+14;6,34E+14;7,09E+14;7,28E+13;8,21E+14;1,05E+14;1,34E+14;1,48E+14;1,60E+14;1,75E+14;1,96E+14;2,32E+14;2,93E+14;3,97E+14;3,68E+14;3,29E+13;2,93E+13;2,78E+14;2,60E+14;2,92E+14;3,07E+14;3,12E+13;3,67E+14;3,92E+12;3,55E+14;3,60E+14;3,71E+14;4,73E+14;5,28E+14;5,56E+14;5,58E+14;3,96E+14;4,20E+14;4,02E+13;4,41E+14;5,57E+14;6,92E+14;8,24E+14;9,73E+14;1,12E+14;1,27E+14;1,21E+14;1,44E+14;1,62E+13;1,67E+14;1,78E+14;1,85E+14;1,62E+14;1,46E+14;1,59E+12;1,71E+14;1,95E+14;1,80E+14;2,03E+14;2,17E+14;1,98E+14;1,83E+14;;
South Sudan;SSD;GDP (current US$);NY.GDP.MKTP.CD;;;;;;;;;;;;;;;;;;;;;;;;;;;;;;;;;;;;;;;;;;;;;;;;;1,46E+14;1,22E+14;1,46E+14;1,49E+14;1,19E+14;1,84E+14;1,40E+14;1,20E+14;;;;;;;;;;;
Sub-Saharan Africa;SSF;GDP (current US$);NY.GDP.MKTP.CD;3,60E+14;3,75E+14;4,06E+14;4,61E+13;4,59E+14;5,05E+14;5,48E+14;5,48E+14;5,87E+14;6,63E+13;7,40E+13;7,61E+14;8,57E+14;1,09E+14;1,39E+14;1,52E+14;1,65E+14;1,81E+14;2,03E+14;2,39E+14;3,00E+14;4,05E+14;3,76E+14;3,38E+14;3,02E+14;2,88E+14;2,70E+12;3,03E+14;3,19E+14;3,24E+13;3,80E+14;4,07E+14;3,66E+14;3,70E+14;3,78E+14;4,81E+14;5,38E+14;5,65E+14;5,67E+13;4,05E+14;4,29E+14;4,11E+13;4,50E+14;5,66E+14;7,03E+14;8,37E+14;9,89E+14;1,15E+14;1,30E+14;1,24E+14;1,47E+14;1,65E+14;1,72E+14;1,83E+14;1,90E+14;1,69E+14;1,53E+14;1,67E+14;1,80E+14;2,05E+14;1,90E+14;2,14E+12;2,29E+12;2,12E+14;1,98E+14;;
Small states;SST;GDP (current US$);NY.GDP.MKTP.CD;;;;;;;;;;;4,89E+14;5,47E+14;6,35E+14;7,98E+14;1,27E+14;1,38E+14;1,50E+14;1,81E+12;2,09E+14;2,67E+14;3,73E+13;3,71E+14;3,77E+14;3,58E+13;3,62E+14;3,58E+14;3,36E+14;3,87E+14;4,10E+14;4,15E+14;4,79E+14;5,00E+14;5,33E+14;5,15E+12;5,50E+14;6,31E+14;6,58E+14;6,91E+14;7,02E+13;7,43E+14;7,65E+14;7,75E+14;8,34E+14;9,96E+14;1,15E+14;1,30E+14;1,46E+14;1,71E+14;1,89E+14;1,62E+14;1,72E+14;1,93E+14;1,94E+14;2,02E+14;2,09E+13;1,93E+14;1,96E+14;2,13E+14;2,30E+14;2,31E+14;2,09E+14;2,44E+14;2,71E+14;2,87E+14;3,11E+14;;
Sao Tome and Principe;STP;GDP (current US$);NY.GDP.MKTP.CD;;;;;;;;;;;3,72E+14;3,73E+13;4,14E+14;5,60E+14;5,78E+14;6,01E+14;5,20E+14;4,92E+14;5,50E+14;6,58E+14;8,17E+14;8,35E+14;8,03E+14;7,51E+14;7,82E+14;8,27E+14;1,16E+14;1,16E+14;9,90E+14;9,85E+14;1,19E+14;1,07E+13;9,49E+14;1,26E+14;1,31E+14;1,04E+14;1,35E+13;9,19E+14;7,23E+14;7,73E+14;7,62E+14;7,60E+14;8,52E+14;1,02E+14;1,15E+14;1,36E+14;1,43E+14;1,49E+14;1,88E+13;2,01E+13;1,90E+14;2,26E+14;2,26E+14;2,67E+14;2,93E+14;2,60E+14;2,92E+14;3,22E+14;3,84E+14;4,13E+14;4,71E+14;5,24E+13;5,41E+14;6,90E+14;8,22E+14;;
Suriname;SUR;GDP (current US$);NY.GDP.MKTP.CD;99650000;107700000;116150000;125950000;134400000;154150000;190350000;220700000;241350000;259650000;274900000;301000000;311950000;339450000;409850000;465500000;505500000;641500000;735500000;782500000;795000000;889000000;915000000;883500000;864000000;873000000;891000000;980000000;1161000000;542600000;388400000;448100000;404600000;4,29E+14;6,05E+14;6,92E+14;8,61E+12;926422500;1110850000;8,86E+14;9,48E+13;8,34E+14;1,09E+14;1,27E+14;1,48E+14;1,79E+14;2,63E+14;2,94E+14;3,53E+14;3,88E+14;4,37E+14;4,42E+14;4980000000;5,15E+14;5,24E+14;5,13E+14;3,32E+14;3,59E+14;4,00E+14;4,02E+14;2,91E+14;3,11E+14;3,79E+13;3,47E+14;4,42E+14;;
Slovak Republic;SVK;GDP (current US$);NY.GDP.MKTP.CD;;;;;;;;;;;;;;;;;;;;;;;;;;;;;;;1,29E+14;1,45E+13;1,57E+14;1,67E+14;2,04E+14;2,62E+14;2,82E+14;2,78E+14;3,00E+14;3,05E+14;2,92E+14;3,07E+14;3,52E+14;4,66E+14;5,72E+14;6,25E+14;7,08E+14;8,66E+14;1,01E+14;8,93E+14;9,11E+14;9,97E+14;9,47E+13;9,91E+14;1,02E+14;8,92E+14;9,03E+14;9,60E+14;1,07E+14;1,06E+14;1,08E+14;1,21E+14;1,16E+14;1,34E+14;1,41E+14;;
Slovenia;SVN;GDP (current US$);NY.GDP.MKTP.CD;;;;;;;;;;;;;;;;;;;;;;;;;;;;;;;1,98E+14;1,45E+13;1,43E+14;1,44E+14;1,64E+14;2,14E+14;2,15E+14;2,07E+14;2,21E+14;2,26E+14;2,02E+14;2,07E+14;2,32E+14;2,94E+14;3,42E+14;3,59E+14;3,93E+14;4,79E+13;5,55E+14;5,00E+14;4,78E+14;5,12E+14;4,62E+14;4,79E+14;4,95E+14;4,27E+14;4,43E+14;4,82E+14;5,37E+14;5,39E+13;5,34E+14;6,15E+14;5,99E+14;6,93E+14;7,30E+14;;
Sweden;SWE;GDP (current US$);NY.GDP.MKTP.CD;1,59E+14;1,73E+14;1,88E+14;2,03E+14;2,27E+14;2,50E+14;2,72E+14;2,95E+14;3,13E+14;3,40E+14;3,80E+14;4,15E+14;4,89E+14;5,93E+14;6,59E+14;8,28E+13;8,92E+14;9,43E+14;1,04E+14;1,23E+14;1,42E+14;1,29E+14;1,14E+14;1,05E+14;1,09E+14;1,14E+14;1,50E+14;1,83E+14;2,07E+14;2,18E+14;2,61E+14;2,74E+14;2,84E+13;2,13E+14;2,29E+14;2,67E+14;2,92E+14;2,68E+14;2,71E+14;2,74E+14;2,63E+14;2,42E+14;2,67E+14;3,34E+14;3,85E+14;3,92E+14;4,23E+14;4,90E+14;5,15E+14;4,34E+14;4,93E+14;5,71E+13;5,50E+14;5,84E+13;5,78E+14;5,02E+12;5,13E+14;5,35E+14;5,50E+14;5,31E+14;5,44E+14;6,32E+14;5,75E+14;5,79E+13;6,04E+14;;
Eswatini;SWZ;GDP (current US$);NY.GDP.MKTP.CD;3,51E+14;4,30E+14;4,59E+14;5,41E+14;6,50E+14;7,03E+14;7,69E+14;7,48E+13;7,98E+14;1,05E+14;1,12E+14;1,36E+14;1,47E+14;2,22E+14;2,64E+14;2,88E+14;2,73E+14;3,04E+14;3,41E+14;4,12E+14;5,42E+14;5,71E+14;5,38E+14;5,55E+14;4,94E+14;3,60E+14;4,49E+14;5,84E+14;6,92E+14;6,97E+14;1,11E+14;1,16E+14;1,28E+14;1,36E+14;1,42E+13;1,70E+14;1,60E+14;1,72E+14;1,58E+14;1,55E+14;1,70E+14;1,50E+14;1,39E+14;2,15E+14;2,71E+14;3,10E+14;3,22E+14;3,39E+14;3,24E+13;3,53E+14;4,36E+14;4,72E+14;4,75E+14;4,46E+14;4,29E+14;3,91E+14;3,72E+14;4,46E+14;4,64E+14;4,62E+14;4,13E+14;4,81E+14;4,75E+14;4,62E+14;4,86E+14;;
Sint Maarten (Dutch part);SXM;GDP (current US$);NY.GDP.MKTP.CD;;;;;;;;;;;;;;;;;;;;;;;;;;;;;;;;;;;;;;;;;;;;;;;;;;8,55E+14;8,92E+14;9,36E+13;9,86E+14;1,02E+14;1,36E+14;1,42E+13;1,43E+14;1,35E+14;1,26E+14;1,41E+14;1,24E+14;1,35E+14;1,59E+14;1,69E+14;1,80E+14;;
Seychelles;SYC;GDP (current US$);NY.GDP.MKTP.CD;1,20E+14;1,16E+14;1,26E+14;1,39E+14;1,54E+14;1,56E+14;1,64E+14;1,66E+14;1,61E+14;1,65E+14;1,84E+14;2,20E+14;3,06E+14;3,69E+14;4,31E+14;4,78E+14;4,93E+14;6,45E+14;8,56E+14;1,27E+14;1,57E+14;1,64E+14;1,57E+14;1,56E+14;1,61E+14;1,80E+13;2,21E+14;2,65E+14;3,02E+14;3,24E+14;3,92E+14;3,98E+14;4,61E+14;5,04E+14;5,18E+14;5,41E+14;5,35E+14;5,99E+14;6,47E+14;6,63E+14;6,54E+13;6,62E+14;7,42E+13;7,51E+14;8,93E+14;9,78E+14;1,08E+14;1,08E+14;9,80E+14;8,51E+14;9,82E+14;1,06E+14;1,09E+14;1,33E+14;1,39E+14;1,43E+14;1,57E+14;1,68E+14;1,78E+14;1,87E+14;1,38E+14;1,49E+14;2,02E+14;2,19E+14;2,17E+14;;
Syrian Arab Republic;SYR;GDP (current US$);NY.GDP.MKTP.CD;8,58E+14;9,45E+14;1,11E+14;1,20E+14;1,34E+14;1,47E+14;1,34E+14;1,58E+14;1,75E+14;2,25E+14;2,14E+13;2,59E+14;3,06E+14;3,24E+14;5,16E+14;6,83E+14;7,63E+14;7,70E+13;9,28E+14;9,93E+14;1,31E+14;1,55E+14;1,63E+14;1,76E+14;1,75E+14;1,64E+14;1,33E+14;1,14E+14;1,06E+14;9,85E+14;1,23E+14;1,30E+14;1,33E+14;1,37E+14;10122020000;1,14E+14;1,38E+14;1,45E+13;1,52E+14;1,59E+14;1,89E+14;2,02E+14;2,07E+14;2,18E+14;2,51E+14;2,89E+14;3,38E+13;4,05E+14;5,26E+14;5,41E+14;6,14E+14;6,75E+14;4,32E+14;2,14E+13;2,15E+14;1,65E+14;1,26E+14;1,64E+14;2,15E+14;2,26E+14;1,20E+13;1,44E+14;2,36E+14;;;;
Turks and Caicos Islands;TCA;GDP (current US$);NY.GDP.MKTP.CD;;;;;;;;;;;;;;;;;;;;;;;;;;;;;;;;;;;;;;;;;;358744800;366707900;409753600;485598800;578645800;721891500;773490000;862684000;703176000;686788000;842941000;832848000;863328000;956605000;1078274000;1202078000;1197958000;1314329000;1371838000;918387000;1236459000;1434119000;1638653000;1745378000;;
Chad;TCD;GDP (current US$);NY.GDP.MKTP.CD;3,14E+14;3,34E+14;3,58E+13;3,72E+14;3,92E+14;4,17E+14;4,33E+14;4,50E+14;4,54E+14;4,72E+14;4,69E+14;5,02E+14;5,85E+14;6,47E+14;6,53E+14;8,65E+14;8,66E+14;9,35E+14;1,11E+14;1,00E+14;1,03E+14;8,77E+14;8,34E+14;8,32E+14;9,19E+14;1,03E+13;1,07E+14;1,16E+14;1,48E+14;1,43E+14;1,74E+14;1,88E+14;1,88E+14;1,46E+13;1,18E+14;1,45E+14;1,61E+14;1,54E+14;1,74E+14;1,53E+13;1,39E+14;1,71E+14;2,00E+14;2,74E+13;4,42E+14;8,66E+14;9,71E+14;1,09E+14;1,34E+14;1,23E+14;1,41E+14;1,67E+14;1,79E+14;1,79E+14;1,81E+14;1,46E+14;1,30E+14;1,33E+14;1,53E+14;1,49E+14;1,49E+14;1,69E+14;1,78E+14;1,83E+14;1,95E+13;;
East Asia & Pacific (IDA & IBRD countries);TEA;GDP (current US$);NY.GDP.MKTP.CD;8,08E+14;7,12E+14;6,49E+14;7,02E+13;8,11E+14;9,45E+14;1,03E+14;1,00E+14;1,01E+14;1,14E+14;1,27E+13;1,36E+14;1,55E+14;1,95E+14;2,21E+14;2,49E+14;2,53E+14;2,91E+13;2,83E+14;3,27E+14;3,78E+14;4,03E+14;4,23E+14;4,43E+14;4,80E+14;5,26E+14;5,25E+14;5,18E+14;5,76E+14;6,22E+14;6,67E+14;7,24E+14;8,12E+14;8,91E+14;1,07E+14;1,32E+14;1,52E+14;1,57E+13;1,44E+14;1,59E+14;1,75E+14;1,86E+14;2,06E+14;2,34E+14;2,71E+14;3,14E+14;3,78E+14;4,78E+14;6,05E+14;6,57E+14;8,00E+14;9,76E+14;1,09E+14;1,20E+14;1,30E+14;1,35E+14;1,38E+14;1,51E+14;1,69E+14;1,75E+14;1,78E+14;2,12E+14;2,15E+14;2,16E+14;2,22E+14;;
Europe & Central Asia (IDA & IBRD countries);TEC;GDP (current US$);NY.GDP.MKTP.CD;;;;;;;;;;;;;;;;;;;;;;;;;;;;;9,91E+14;9,64E+13;1,02E+13;1,00E+14;9,29E+14;9,19E+14;8,29E+14;9,91E+14;1,02E+14;1,06E+14;9,50E+14;8,24E+14;8,96E+14;9,12E+14;1,02E+14;1,26E+14;1,63E+14;2,04E+14;2,47E+14;3,18E+14;3,94E+14;3,12E+14;3,67E+14;4,46E+14;4,66E+14;4,92E+14;4,65E+14;3,63E+14;3,49E+13;3,93E+14;4,10E+14;4,18E+14;3,92E+14;4,64E+14;5,26E+14;5,56E+14;6,13E+14;;
Togo;TGO;GDP (current US$);NY.GDP.MKTP.CD;1,71E+14;1,78E+14;1,87E+14;2,02E+14;2,35E+14;2,65E+14;3,05E+14;3,27E+14;3,42E+14;3,78E+14;3,59E+14;4,05E+13;4,74E+14;5,74E+14;7,91E+14;8,72E+14;8,75E+14;1,10E+14;1,16E+14;1,26E+14;1,60E+14;1,36E+14;1,16E+14;1,08E+14;1,01E+14;1,08E+14;1,50E+14;1,76E+13;1,95E+14;1,91E+14;2,30E+14;2,26E+14;2,39E+14;1,74E+14;1,39E+14;1,85E+14;2,07E+14;2,12E+14;2,24E+14;2,23E+14;2,11E+14;2,09E+14;2,41E+14;2,99E+14;3,19E+14;3,22E+14;3,32E+14;3,76E+14;4,58E+14;4,72E+14;4,75E+14;5,42E+14;5,41E+14;6,02E+14;6,39E+14;5,76E+14;6,07E+13;6,39E+13;7,03E+14;6,99E+14;7,49E+14;8,54E+14;8,65E+13;9,82E+14;1,07E+13;;
Thailand;THA;GDP (current US$);NY.GDP.MKTP.CD;2,76E+14;3,03E+14;3,31E+14;3,54E+14;3,89E+14;4,39E+14;5,28E+14;5,64E+14;6,08E+14;6,70E+14;70865384375;7,38E+14;8,18E+14;1,08E+14;1,37E+14;1,49E+14;1,70E+14;1,98E+14;2,40E+14;2,74E+14;3,24E+14;3,48E+14;3,66E+14;4,00E+14;4,18E+14;3,89E+14;4,31E+14;5,05E+14;6,17E+14;7,23E+14;8,53E+14;9,82E+14;1,11E+14;1,29E+14;1,47E+14;1,69E+14;1,83E+14;1,50E+14;1,14E+14;1,27E+13;1,26E+14;1,20E+14;1,34E+14;1,52E+14;1,73E+14;1,89E+14;2,22E+14;2,63E+14;2,91E+14;2,82E+14;3,41E+13;3,71E+14;3,98E+14;4,20E+14;4,07E+14;4,01E+14;4,13E+14;4,56E+14;5,07E+14;5,44E+14;5,00E+14;5,06E+14;4,96E+14;5,16E+14;5,27E+14;;
Tajikistan;TJK;GDP (current US$);NY.GDP.MKTP.CD;;;;;;;;;;;;;;;;;;;;;;;;;;;;;;;2,63E+14;2,54E+14;1,91E+14;1,65E+14;1,52E+14;1,23E+14;1,04E+14;9,22E+14;1,32E+14;1,09E+14;8,61E+14;1,08E+14;1,22E+13;1,56E+13;2,08E+14;2,31E+13;2,83E+13;3,72E+14;5,16E+14;4,98E+13;5,64E+14;6,52E+12;7,63E+14;8,45E+14;9,11E+14;8,27E+14;6,99E+14;7,54E+14;7,77E+14;8,30E+13;8,13E+14;8,94E+14;1,07E+14;1,22E+14;1,42E+14;;
Turkmenistan;TKM;GDP (current US$);NY.GDP.MKTP.CD;;;;;;;;;;;;;;;;;;;;;;;;;;;;2,33E+14;3,01E+14;3,01E+14;3,19E+13;3,21E+13;3,20E+13;3,18E+14;2,56E+14;2,48E+14;2,38E+14;2,45E+14;2,61E+14;2,45E+14;2,90E+13;3,53E+14;4,46E+14;5,98E+14;6,84E+14;8,10E+14;1,03E+14;1,27E+14;1,93E+14;2,02E+14;2,26E+14;2,92E+14;3,52E+14;3,92E+14;4,35E+14;3,58E+14;3,62E+14;3,79E+14;4,08E+14;4,08E+13;4,15E+14;4,06E+14;4,22E+14;4,59E+14;5,14E+14;;
Latin America & the Caribbean (IDA & IBRD countries);TLA;GDP (current US$);NY.GDP.MKTP.CD;7,44E+14;8,24E+14;8,64E+14;9,38E+14;1,04E+14;1,12E+14;1,23E+14;1,25E+14;1,34E+14;1,50E+14;1,64E+14;1,82E+14;2,04E+14;2,74E+14;3,58E+14;3,74E+14;4,11E+14;4,52E+14;5,41E+14;6,08E+13;7,44E+13;8,53E+14;7,80E+14;6,82E+14;7,15E+14;7,06E+14;7,13E+14;7,65E+14;8,39E+14;9,31E+14;1,04E+14;1,12E+14;1,23E+14;1,47E+14;1,72E+14;1,86E+14;2,02E+14;2,21E+14;2,23E+14;2,00E+14;2,21E+14;2,16E+14;1,93E+13;1,96E+14;2,26E+14;2,75E+13;3,23E+14;3,83E+14;4,47E+14;4,18E+14;5,21E+14;5,94E+13;6,00E+14;6,04E+14;6,01E+14;5,07E+14;4,92E+13;5,48E+14;5,35E+14;5,23E+14;4,39E+14;5,12E+14;5,85E+14;6,59E+14;6,78E+14;;
Timor-Leste;TLS;GDP (current US$);NY.GDP.MKTP.CD;;;;;;;;;;;;;;;;;;;;;;;;;;;;;;;128210142;147713000;187891500;216914400;239040500;262819900;306956900;319972700;325729800;225357600;3,67E+14;4,77E+14;4,69E+14;4,90E+14;4,41E+14;4,62E+14;4,54E+14;5,43E+14;6,49E+14;7,27E+14;8,82E+14;1,04E+14;1,16E+13;1,40E+14;1,45E+13;1,59E+14;1,64E+14;1,58E+14;1,56E+14;2,03E+14;2,16E+14;3,63E+14;3,21E+14;2,08E+14;1,87E+14;;
Middle East, North Africa, Afghanistan & Pakistan (IDA & IBRD);TMN;GDP (current US$);NY.GDP.MKTP.CD;2,18E+14;2,27E+14;2,31E+14;2,55E+14;2,85E+14;3,16E+14;3,37E+14;3,70E+14;4,16E+14;4,62E+13;5,19E+14;5,87E+14;6,67E+14;8,23E+14;1,27E+14;1,45E+14;1,79E+14;2,07E+14;2,22E+14;2,76E+14;3,36E+14;3,28E+14;3,66E+14;4,01E+13;4,19E+13;4,50E+14;4,84E+14;4,24E+14;4,11E+14;4,13E+14;5,57E+14;3,78E+14;3,87E+14;3,42E+14;3,59E+14;4,00E+14;4,43E+14;4,62E+14;4,72E+14;5,11E+13;5,73E+14;5,76E+14;5,61E+14;6,21E+14;7,35E+14;8,52E+14;9,91E+14;1,20E+14;1,46E+14;1,41E+14;1,62E+14;1,89E+14;2,04E+14;1,92E+14;1,91E+14;1,77E+13;1,83E+14;1,86E+14;1,86E+14;1,82E+14;1,65E+14;1,92E+14;2,14E+14;2,08E+14;2,19E+14;;
Tonga;TON;GDP (current US$);NY.GDP.MKTP.CD;;;;;;;;;;;;;;;;3,25E+14;3,00E+14;3,41E+14;4,16E+14;4,47E+14;5,33E+14;6,22E+14;6,21E+14;6,09E+13;6,42E+14;6,01E+14;6,82E+14;8,17E+14;1,07E+14;1,06E+14;1,14E+14;1,32E+14;1,37E+14;1,38E+14;1,96E+13;2,09E+14;2,22E+14;2,15E+14;1,92E+14;1,99E+14;2,05E+14;1,81E+14;1,83E+14;2,02E+14;2,31E+13;2,62E+14;2,92E+14;2,99E+14;3,44E+14;3,12E+14;3,67E+14;4,14E+14;4,71E+14;4,52E+14;4,41E+14;4,38E+14;4,21E+14;4,60E+14;4,94E+13;5,06E+14;5,07E+14;5,19E+13;5,57E+14;5,91E+13;;;
South Asia (IDA & IBRD);TSA;GDP (current US$);NY.GDP.MKTP.CD;4,33E+14;4,61E+14;4,93E+14;5,55E+13;6,37E+14;6,80E+14;5,47E+14;6,02E+13;6,32E+14;6,97E+13;7,47E+13;7,94E+14;8,14E+14;9,76E+13;1,17E+14;1,23E+14;1,18E+14;1,37E+14;1,55E+14;1,74E+14;2,11E+14;2,21E+14;2,27E+14;2,44E+14;2,40E+14;2,64E+14;2,80E+14;3,13E+14;3,34E+14;3,36E+13;3,65E+14;3,14E+14;3,34E+14;3,27E+14;3,77E+14;4,16E+14;4,59E+14;4,85E+14;4,93E+14;5,32E+14;5,45E+14;5,63E+13;5,94E+14;6,95E+14;8,04E+14;9,24E+14;1,05E+14;1,34E+14;1,35E+13;1,50E+14;1,87E+14;2,05E+14;2,06E+14;2,11E+14;2,32E+13;2,41E+14;2,68E+14;3,08E+14;3,16E+14;3,32E+14;3,17E+14;3,72E+14;3,93E+14;4,21E+14;4,51E+14;;
Sub-Saharan Africa (IDA & IBRD countries);TSS;GDP (current US$);NY.GDP.MKTP.CD;3,60E+14;3,75E+13;4,06E+14;4,61E+14;4,59E+14;5,05E+14;5,48E+14;5,48E+14;5,87E+14;6,63E+14;7,40E+14;7,61E+14;8,57E+14;1,09E+14;1,39E+14;1,52E+14;1,65E+14;1,81E+14;2,03E+14;2,39E+14;3,00E+14;4,05E+14;3,76E+14;3,38E+14;3,02E+14;2,88E+14;2,70E+12;3,03E+14;3,19E+14;3,24E+13;3,80E+14;4,07E+14;3,66E+14;3,70E+14;3,78E+14;4,81E+14;5,38E+14;5,65E+14;5,67E+13;4,05E+14;4,29E+14;4,11E+13;4,50E+14;5,66E+14;7,03E+14;8,37E+14;9,89E+14;1,15E+14;1,30E+14;1,24E+14;1,47E+14;1,65E+14;1,72E+14;1,83E+14;1,90E+14;1,69E+14;1,53E+14;1,67E+14;1,80E+14;2,05E+14;1,90E+14;2,14E+12;2,29E+12;2,12E+14;1,98E+14;;
Trinidad and Tobago;TTO;GDP (current US$);NY.GDP.MKTP.CD;5,36E+14;5,85E+14;6,19E+14;6,78E+14;7,12E+14;7,37E+14;7,24E+14;7,62E+13;758899950;779200000;821850000;8,97E+14;1,08E+14;1,31E+14;2,04E+13;2,44E+14;2,50E+14;3,14E+14;3,56E+14;4602416625;6,24E+14;6,99E+14;8,14E+14;7763750000;7,76E+14;7,38E+14;4,79E+14;4,80E+14;4,50E+14;4,32E+14;5068000000;5,31E+14;5,44E+14;4,67E+13;4,95E+14;5,33E+14;5,76E+14;5,74E+14;6,04E+14;6,81E+14;8,15E+14;8,82E+14;9,01E+14;1,13E+14;1,33E+14;1,60E+14;1,84E+14;2,16E+14;2,79E+14;1,92E+14;2,22E+14;2,54E+14;2,71E+14;2,86E+14;2,95E+14;2,68E+14;2,36E+14;2,38E+14;2,39E+14;2,35E+14;2,09E+14;2,42E+14;2,83E+13;2,50E+14;2,56E+14;;
Tunisia;TUN;GDP (current US$);NY.GDP.MKTP.CD;;8,66E+14;8,80E+14;1026737600;1,03E+14;9,91E+14;1,04E+14;1,09E+14;1,21E+14;1,29E+14;1,44E+13;1,69E+14;2,24E+14;2,73E+14;3,55E+14;4,33E+14;4,51E+14;5,11E+14;5,97E+13;7,19E+14;8,74E+14;8,43E+14;8,13E+14;8,35E+14;8,25E+14;8,41E+13;9,02E+13;9,70E+14;1,01E+14;1,01E+14;1,23E+14;1,31E+14;1,55E+14;1,46E+14;1,56E+14;1,80E+14;1,96E+14;2,07E+13;2,18E+13;2,29E+14;2,15E+14;2,21E+14;2,31E+14;2,75E+14;3,12E+14;3,23E+14;3,44E+14;3,89E+13;4,49E+14;4,35E+14;4,62E+14;4,81E+14;4,73E+14;4,87E+13;5,03E+13;4,58E+14;4,44E+14;4,22E+14;4,27E+13;4,19E+13;4,25E+13;4,71E+14;4,49E+14;4,82E+14;5,13E+14;;
Turkiye;TUR;GDP (current US$);NY.GDP.MKTP.CD;7,57E+14;7,99E+14;8,92E+14;1,04E+14;1,12E+14;1,20E+14;14100000000;1,56E+14;17500000000;1,95E+14;1,79E+14;1,62E+14;20650000000;26000000000;3,54E+14;4,60E+14;51450000000;5,87E+14;65912500000;8,96E+14;6,88E+14;7,12E+14;6,44E+14;6,18E+14;5,99E+14;6,72E+14;7,57E+13;8,72E+12;9,09E+14;1,07E+14;1,51E+14;1,51E+14;1,59E+14;1,80E+14;1,31E+14;2,35E+14;2,50E+14;2,64E+14;2,76E+14;2,57E+14;2,75E+14;2,02E+14;2,41E+14;3,15E+14;4,10E+14;5,08E+14;5,60E+14;6,85E+13;7,75E+14;6,54E+14;7,83E+14;8,44E+14;8,85E+14;9,62E+14;9,42E+14;8,65E+14;8,71E+13;8,64E+14;7,88E+14;7,76E+14;7,34E+14;8,40E+14;9,26E+14;1,14E+14;1,36E+14;;
Tuvalu;TUV;GDP (current US$);NY.GDP.MKTP.CD;;;;;;;;;;;2,59E+14;2,72E+14;2,97E+14;3,41E+14;4,12E+14;4,01E+13;3,92E+14;3,67E+14;3,80E+14;4,07E+14;4,21E+14;4,77E+14;4,12E+14;4,15E+14;4,48E+14;3,86E+14;4,57E+13;5,02E+14;7,01E+14;8,45E+14;9,54E+14;1,01E+14;1,05E+14;1,04E+14;1,18E+14;1,19E+14;1,33E+14;1,37E+13;1,38E+14;1,48E+14;1,51E+14;1,40E+13;1,68E+14;1,95E+14;2,28E+14;2,29E+14;2,41E+14;2,85E+13;3,19E+13;2,81E+14;3,21E+14;3,92E+14;3,93E+14;3,86E+14;3,88E+14;3,68E+14;4,16E+14;4,53E+14;4,80E+14;5,41E+14;5,17E+14;6,02E+14;5,91E+14;6,23E+14;;;
Tanzania;TZA;GDP (current US$);NY.GDP.MKTP.CD;2,65E+14;2,83E+14;3,10E+12;3,46E+14;3,75E+14;3,82E+14;4,38E+14;4,57E+14;4,90E+14;5,14E+14;2,85E+14;3,05E+14;3,47E+13;4,14E+14;4,98E+14;5,73E+14;6,47E+14;7,73E+14;9,26E+14;9,80E+14;1,14E+14;1,32E+14;1,39E+14;1,40E+14;1,29E+14;1,53E+14;1,08E+14;7,82E+14;7,41E+14;6,42E+14;6,18E+14;7,20E+14;6,68E+14;6,18E+14;6,55E+13;7,63E+14;9,43E+14;1,12E+14;1,22E+14;1,27E+14;1,34E+14;1,36E+14;1,41E+14;1,52E+14;1,67E+14;1,84E+14;1,86E+14;2,19E+14;2,79E+14;2,94E+14;3,20E+12;3,47E+14;3,97E+14;4,56E+13;5,00E+14;4,74E+13;4,98E+14;5,33E+14;5,70E+14;6,10E+14;6,61E+14;7,07E+14;7,57E+14;7,90E+14;7,88E+14;;
Uganda;UGA;GDP (current US$);NY.GDP.MKTP.CD;4,23E+14;4,42E+14;4,49E+14;5,16E+14;5,89E+13;8,85E+14;9,25E+14;9,67E+14;1,04E+14;1,17E+14;1,26E+14;1,42E+14;1,49E+14;1,70E+14;2,10E+14;2,36E+14;2447300000;2,94E+14;2,42E+14;2139025000;1244610000;1337300000;2177500000;2,24E+14;3,62E+14;3,52E+14;3,92E+14;6,27E+14;6,51E+14;5,28E+14;4,30E+14;3,32E+14;2,86E+14;3,22E+14;3,99E+14;5,76E+14;6,04E+12;6,27E+14;6,58E+14;6,00E+14;6,19E+14;5,84E+14;6,18E+14;6,61E+14;7,94E+14;9,24E+14;9,98E+14;1,19E+14;1,44E+14;2,51E+14;2,67E+14;2,79E+14;2,73E+14;2,89E+14;3,26E+14;3,24E+14;2,92E+14;3,07E+13;3,29E+14;3,54E+14;3,76E+14;4,05E+14;4,56E+14;4,88E+14;5,39E+14;;
Ukraine;UKR;GDP (current US$);NY.GDP.MKTP.CD;;;;;;;;;;;;;;;;;;;;;;;;;;;;6,41E+14;7,47E+14;8,27E+14;8,14E+14;7,74E+14;7,39E+14;6,56E+14;5,25E+14;4,82E+14;4,46E+14;5,02E+14;4,19E+14;3,16E+14;3,24E+14;3,93E+14;4,40E+14;5,20E+14;6,72E+14;8,92E+14;1,12E+14;1,49E+14;1,88E+14;1,22E+14;1,41E+14;1,69E+14;1,83E+14;1,90E+14;1,34E+14;9,10E+14;9,34E+14;1,12E+14;1,31E+13;1,54E+14;1,57E+14;2,00E+14;1,62E+13;1,81E+14;1,91E+14;;
Upper middle income;UMC;GDP (current US$);NY.GDP.MKTP.CD;1,68E+14;1,66E+14;1,67E+14;1,84E+14;2,11E+14;2,36E+14;2,60E+14;2,64E+14;2,79E+14;3,13E+14;3,44E+13;3,74E+14;4,30E+14;5,66E+14;7,29E+14;8,07E+14;8,74E+14;9,79E+14;1,08E+14;1,26E+14;1,47E+14;1,59E+14;1,56E+14;1,53E+14;1,62E+14;1,67E+14;1,71E+14;1,73E+14;1,87E+14;2,07E+13;2,41E+14;2,34E+14;2,50E+14;2,75E+13;3,10E+14;3,59E+14;3,97E+14;4,23E+14;4,10E+14;3,99E+14;4,37E+14;4,37E+14;4,41E+14;4,92E+13;5,80E+14;6,90E+14;8,13E+14;1,00E+14;1,21E+14;1,20E+14;1,47E+14;1,76E+14;1,88E+14;2,00E+14;2,07E+13;2,00E+14;2,01E+14;2,20E+14;2,36E+14;2,40E+14;2,32E+14;2,77E+14;2,89E+14;2,99E+14;3,10E+14;;
Uruguay;URY;GDP (current US$);NY.GDP.MKTP.CD;1,24E+14;1,55E+14;1,71E+14;1,54E+14;1,98E+14;1,89E+14;1,81E+14;1,60E+14;1,59E+14;2,00E+14;2,14E+14;2,81E+14;2,19E+14;3,96E+14;4,09E+14;3,54E+14;3,67E+14;4,11E+13;4,91E+14;7,18E+14;1,02E+14;1,10E+14;9,18E+14;5,10E+14;4,85E+14;4,73E+14;5,88E+14;7,37E+14;8,21E+14;8,44E+14;9,30E+14;1,12E+14;1,29E+14;1,50E+14;1,75E+14;1,93E+14;2,05E+14;2,40E+14;2,54E+14;2,40E+14;2,28E+14;2,09E+14;1,36E+14;1,20E+14;1,37E+14;1,74E+14;1,97E+14;2,38E+14;3,11E+14;3,27E+14;4,20E+14;5,03E+14;5,42E+14;6,13E+14;6,15E+13;5,77E+14;5,75E+14;6,50E+14;6,53E+14;6,22E+14;5,36E+13;6,07E+14;7,06E+14;7,80E+14;8,10E+14;;
United States;USA;GDP (current US$);NY.GDP.MKTP.CD;5,42E+14;5,62E+14;6,04E+14;6,37E+14;6,84E+14;7,42E+14;8,13E+13;8,60E+14;9,40E+11;1,02E+14;1,07E+12;1,16E+12;1,28E+12;1,43E+12;1,55E+12;1,68E+12;1,87E+12;2,08E+12;2,35E+12;2,63E+12;2,86E+12;3,21E+12;3,34E+12;3,63E+12;4,04E+12;4,34E+12;4,58E+12;4,86E+12;5,24E+12;5,64E+12;5,96E+12;6,16E+12;6,52E+12;6,86E+12;7,29E+12;7,64E+12;8,07E+12;8,58E+12;9,06E+12;9,63E+12;1,03E+13;1,06E+13;1,09E+13;1,15E+13;1,22E+13;1,30E+13;1,38E+13;1,45E+13;1,48E+13;1,45E+13;1,50E+13;1,56E+13;1,63E+13;1,68E+13;1,76E+13;1,82E+13;1,87E+13;1,95E+13;2,05E+13;2,14E+13;2,11E+13;2,33E+13;2,56E+13;2,73E+14;2,88E+14;;
Uzbekistan;UZB;GDP (current US$);NY.GDP.MKTP.CD;;;;;;;;;;;;;;;;;;;;;;;;;;;;8,52E+14;1,07E+14;1,19E+14;1,34E+14;1,38E+14;1,30E+14;1,31E+14;1,29E+12;1,34E+14;1,39E+14;1,47E+14;1,50E+14;1,71E+14;1,38E+13;1,14E+14;9,69E+14;1,01E+14;1,20E+14;1,43E+14;1,73E+13;2,23E+14;2,95E+14;3,37E+14;4,98E+14;6,02E+13;6,75E+14;7,32E+14;8,08E+14;8,62E+14;8,61E+13;6,97E+14;5,87E+14;6,73E+14;6,64E+14;7,73E+14;9,01E+14;1,03E+14;1,15E+14;;
St. Vincent and the Grenadines;VCT;GDP (current US$);NY.GDP.MKTP.CD;1,31E+14;1,40E+14;1,45E+14;1,37E+14;1,48E+14;1,51E+14;1,61E+14;1,58E+14;15350000;16650000;18450000;2,01E+14;2,76E+14;3,02E+14;3,29E+14;3,32E+14;3,28E+14;4,94E+14;6,08E+14;7,11E+14;8,23E+14;1,02E+14;1,14E+14;1,22E+13;1,35E+14;1,46E+14;1,61E+14;1,76E+14;2,01E+14;2,15E+14;2,40E+14;2,55E+13;2,78E+14;2,86E+14;2,89E+14;3,16E+14;3,31E+14;3,48E+13;3,74E+14;3,91E+14;4,28E+14;4,62E+14;4,88E+14;5,09E+14;5,50E+14;5,80E+14;6,44E+14;7,14E+14;7,33E+14;7,14E+14;7,20E+14;7,14E+13;7,30E+14;7,65E+14;770900000;7,87E+14;8,14E+14;8,44E+14;8,84E+13;9,10E+14;8,65E+14;8,89E+14;9,89E+14;1,07E+14;1,16E+14;;
Venezuela, RB;VEN;GDP (current US$);NY.GDP.MKTP.CD;7,66E+14;8,07E+14;8,81E+14;9,61E+14;8,19E+14;8,43E+14;8,78E+14;9250000000;1,00E+14;1,03E+14;1,16E+14;1,30E+14;1,40E+14;1,70E+14;2,61E+14;2,75E+14;3,14E+14;3,62E+14;3,93E+14;4,83E+14;5,91E+13;6,63E+14;6,77E+14;6,76E+14;5,99E+14;6,20E+14;6,05E+14;4,80E+14;6,02E+14;4,35E+14;4,86E+14;5,35E+14;6,04E+14;6,00E+14;5,84E+14;7,74E+14;7,05E+13;8,58E+14;9,13E+14;9,80E+14;1,17E+14;1,23E+14;9,29E+14;8,36E+14;1,12E+14;1,46E+14;1,83E+14;2,30E+14;3,16E+14;3,30E+14;3,93E+14;3,16E+14;3,73E+13;2,59E+13;2,15E+14;1,25E+14;1,13E+14;1,16E+14;1,02E+14;7,30E+11;4,28E+14;5,66E+14;8,90E+14;1,02E+14;1,20E+14;;
British Virgin Islands;VGB;GDP (current US$);NY.GDP.MKTP.CD;;;;;;;;;;;;;;;;;;;;;;;;;;;;;;;;;;;;;;;;;;;;;;;;;;;;;;;;;;;;;;;;;;;
Virgin Islands (U.S.);VIR;GDP (current US$);NY.GDP.MKTP.CD;;;;;;;;;;;;;;;;;;;;;;;;;;;;;;;;;;;;;;;;;;;3262000000;3443000000;3797000000;4428000000;4484000000;4784000000;4244000000;4201000000;4324000000;4223000000;4089000000;3738000000;3565000000;3663000000;3798000000;3794000000;3923000000;4121000000;4229000000;4507000000;4672000000;;;;
Viet Nam;VNM;GDP (current US$);NY.GDP.MKTP.CD;;;;;;;;;;;;;;;;;;;;;;;;;;1,41E+14;2,63E+14;3,67E+14;2,54E+14;6,29E+14;6,47E+14;9,61E+14;9,87E+14;1,32E+14;1,63E+14;2,07E+14;2,47E+14;2,68E+14;2,72E+14;2,87E+14;3,12E+14;3,27E+14;3,51E+14;3,96E+14;4,54E+14;5,76E+14;6,64E+14;7,74E+14;9,91E+14;1,06E+14;1,47E+14;1,73E+14;1,96E+14;2,14E+13;2,33E+14;2,39E+14;2,57E+14;2,81E+14;3,10E+14;3,34E+14;3,47E+14;3,66E+14;4,13E+14;4,34E+14;4,76E+14;;
Vanuatu;VUT;GDP (current US$);NY.GDP.MKTP.CD;;;;;;;;;;;;;;;;;;;;1,19E+14;1,21E+14;1,14E+13;1,15E+14;1,17E+14;1,44E+14;1,32E+14;1,26E+14;1,39E+14;1,58E+14;1,54E+14;1,69E+14;2,01E+14;2,09E+14;2,00E+14;2,34E+14;2,49E+14;2,61E+14;2,73E+14;2,62E+14;2,68E+14;2,72E+14;2,58E+13;2,63E+14;3,14E+14;3,65E+14;3,95E+14;4,39E+14;5,16E+14;5,91E+14;5,93E+14;6,71E+14;7,70E+14;7,48E+14;7,58E+14;7,74E+14;7,60E+14;8,04E+14;8,80E+14;9,15E+14;9,37E+14;9,09E+14;9,50E+14;1,06E+14;1,12E+14;1,12E+14;;
World;WLD;GDP (current US$);NY.GDP.MKTP.CD;1,37E+14;1,44E+14;1,54E+14;1,67E+14;1,83E+14;2,00E+14;2,16E+14;2,29E+14;2,48E+14;2,74E+14;3,00E+14;3,32E+14;3,83E+14;4,69E+14;5,42E+14;6,04E+14;6,56E+14;7,42E+14;8,78E+14;1,02E+14;1,15E+14;1,18E+14;1,17E+14;1,20E+14;1,24E+13;1,30E+14;1,53E+14;1,75E+13;1,95E+14;2,04E+13;2,29E+13;2,39E+14;2,55E+14;2,60E+14;2,80E+14;3,12E+13;3,20E+14;3,19E+14;3,17E+14;3,28E+14;3,39E+14;3,37E+14;3,50E+14;3,92E+14;4,42E+14;4,79E+14;5,19E+13;5,85E+14;6,43E+14;6,10E+14;6,68E+14;7,43E+14;7,60E+13;7,80E+14;8,01E+14;7,56E+14;7,68E+14;8,18E+14;8,71E+14;8,85E+14;8,59E+14;9,81E+14;1,02E+14;1,07E+14;1,11E+14;;
Samoa;WSM;GDP (current US$);NY.GDP.MKTP.CD;;;;;;;;;;;4,52E+13;5,37E+14;6,26E+14;8,25E+14;9,35E+12;9,35E+14;8,50E+14;9,83E+14;1,08E+14;1,22E+14;1,26E+14;1,18E+14;1,21E+14;1,12E+14;1,09E+14;9,56E+14;1,01E+13;1,12E+14;1,33E+14;1,23E+14;1,26E+14;1,26E+14;1,32E+13;1,33E+14;2,21E+14;2,25E+14;2,50E+14;2,85E+13;2,69E+13;2,55E+14;2,59E+14;2,66E+14;2,82E+14;3,33E+13;4,08E+14;4,77E+14;5,00E+14;5,74E+14;6,41E+14;6,28E+14;6,80E+14;7,44E+14;7,73E+14;7,98E+14;7,97E+14;8,24E+14;8,44E+14;8,85E+14;8,78E+14;9,13E+14;8,69E+14;8,60E+13;8,90E+14;1,04E+14;1,18E+14;;
Kosovo;XKX;GDP (current US$);NY.GDP.MKTP.CD;;;;;;;;;;;;;;;;;;;;;;;;;;;;;;;;;;;;;;;;;;;;;;;;;5,18E+14;5,02E+14;5,34E+14;6,34E+14;6,16E+14;6,74E+13;7,07E+14;6,30E+14;6,68E+14;7,18E+14;7,88E+14;7,90E+14;7,72E+14;9,41E+13;9,35E+14;1,05E+14;1,12E+13;;
Yemen, Rep.;YEM;GDP (current US$);NY.GDP.MKTP.CD;;;;;;;;;;;;;;;;;;;;;;;;;;;;;;;1,26E+14;1,47E+14;1,80E+13;2,17E+14;2,80E+14;1,28E+14;6,50E+14;6,84E+14;6,32E+14;7,64E+14;9,68E+14;9,85E+14;1,07E+14;1,18E+14;1,39E+14;1,67E+14;1,91E+13;2,17E+14;2,69E+13;2,51E+14;3,09E+13;3,27E+13;3,54E+14;4,04E+14;4,32E+14;4,24E+14;3,13E+14;2,68E+14;2,16E+14;;;;;;;;
South Africa;ZAF;GDP (current US$);NY.GDP.MKTP.CD;8,75E+13;9,23E+14;9,81E+14;1,09E+14;1,20E+14;1,31E+14;1,42E+14;1,58E+14;1,71E+14;1,93E+14;2,12E+14;2,34E+13;2,45E+14;3,33E+14;4,14E+14;4,29E+12;4,12E+14;4,53E+14;5,16E+14;6,30E+14;8,94E+14;9,31E+14;8,59E+14;9,62E+14;8,49E+14;6,45E+14;7,34E+14;9,65E+14;1,04E+14;1,08E+14;1,26E+14;1,35E+14;1,47E+14;1,47E+13;1,54E+14;1,72E+14;1,63E+14;1,69E+13;1,53E+14;1,52E+14;1,52E+14;1,35E+14;1,29E+14;1,97E+14;2,56E+14;2,89E+14;3,04E+14;3,33E+14;3,16E+14;3,30E+14;4,17E+14;4,58E+14;4,34E+14;4,01E+14;3,81E+14;3,47E+14;3,24E+14;3,81E+14;4,05E+14;3,89E+14;3,38E+14;4,20E+14;4,08E+14;3,81E+14;4,01E+14;;
Zambia;ZMB;GDP (current US$);NY.GDP.MKTP.CD;6,99E+14;6,82E+14;6,79E+13;7,04E+14;8,23E+14;1,06E+14;1,24E+13;1,34E+14;1,57E+14;1,93E+14;1,79E+13;1,65E+14;1,87E+14;2,43E+14;2,91E+14;2,44E+12;2,74E+13;2,52E+14;2,81E+14;3,35E+14;3,88E+14;4,01E+14;3,87E+14;3,32E+14;2,72E+14;2,25E+14;1,66E+14;2,27E+14;3,73E+14;3,99E+14;3,29E+14;3,38E+13;3,18E+14;3,27E+14;3,66E+14;3,81E+14;3,60E+14;4,30E+13;3,54E+14;3,40E+13;3,60E+14;4,09E+14;4,19E+14;4,90E+14;6,22E+14;8,33E+14;1,28E+14;1,41E+14;1,79E+14;1,53E+14;2,03E+14;2,35E+14;2,55E+13;2,80E+14;2,71E+14;2,13E+14;2,10E+14;2,59E+14;2,63E+14;2,33E+14;1,81E+13;2,21E+14;2,92E+14;2,76E+13;2,53E+14;;
Zimbabwe;ZWE;GDP (current US$);NY.GDP.MKTP.CD;1,05E+14;1,10E+14;1,12E+14;1,16E+13;1,22E+14;1,31E+14;1,28E+14;1,40E+14;1,48E+14;1,75E+14;1,89E+14;2,18E+14;2,68E+14;3,31E+14;3,98E+14;4,37E+14;4,32E+14;4,37E+14;4,35E+14;5,18E+13;6,68E+13;8,02E+14;8,54E+14;7,77E+14;6,36E+14;5,64E+14;6,22E+14;6,74E+14;7,82E+14;8,29E+14;8,79E+14;8646000000;6755000000;6567250000;6894250000;7115000000;8557500000;8534000000;6405250000;6861500000;6693250000;6780750000;6345250000;5730500000;5808500000;5758250000;5446750000;5294750000;4418000000;9670750000;12047750000;14109000000;17123500000;19100750000;19505500000;19973250000;20559250000;5,10E+14;3,41E+14;3,34E+14;3,20E+14;4,13E+14;4,08E+14;3,59E+14;4,15E+14;;
