Code,Name,Year,GDP,GCF,POP,LIFE_EXP,GOV_EXP,TRADE,cdd,hd30,r20mm
ARG,Argentina,1960,150797810295.884,29433023837.6832,1.7963178979213354,64.242,9.88044509523395,15.2080960873797,146.02,59.09,7.7
ARG,Argentina,1961,158982878499.524,32281366923.7204,1.65516691395024,64.631,7.78963204832989,11.9898923109727,143.28,53.16,8.68
ARG,Argentina,1962,157628310158.567,29433023837.6832,1.65684089054911,64.618,12.1923745358372,14.0755256495637,166.85,58.44,6.65
ARG,Argentina,1963,149261089202.812,24211014003.408,1.64339841718671,64.855,10.2521949603684,15.7809062353749,133.29,47.9,9.47
ARG,Argentina,1964,164381681831.918,31094538440.9429,1.61030882522813,64.816,7.22902581011462,11.1274296795488,156.43,48.48,6.88
ARG,Argentina,1965,181755894112.433,32281366923.7204,1.56411446631364,65.053,8.08948631250583,10.3764574099485,139.7,58.35,7.2
ARG,Argentina,1966,180556802912.311,31094573232.6268,1.53151134539948,65.398,10.8043385563998,11.6426054171411,150.78,45.86,8.63
ARG,Argentina,1967,186320169964.576,32281488602.3314,1.52552564515699,65.467,9.73927816603499,12.4926603729179,133.25,54.96,10.99
ARG,Argentina,1968,195305461613.156,35129893689.8064,1.5300700621594,65.234,9.82935062849218,11.8881648852942,138.78,54.4,9.76
ARG,Argentina,1969,214210104570.482,43200298767.1177,1.53510695155484,65.085,9.50117537009171,12.7974266330598,145.97,62.44,10.3
ARG,Argentina,1970,220734180309.322,44163994201.2754,1.56001941277121,65.647,9.74254326207249,10.3374440809233,147.71,57.24,8.93
ARG,Argentina,1971,233223609573.669,48991927532.3955,1.57425828869798,65.619,10.1462160701663,12.6151889155439,155.45,56.39,8.19
ARG,Argentina,1972,237021461356.448,49490266251.1826,1.58329622607322,65.953,9.3516969606052,14.0356431972715,129.32,52.97,10.37
ARG,Argentina,1973,243685921868.226,47164202352.7723,1.61675611830692,66.186,11.5393235681285,13.3221685115576,132.74,47.120000000000005,11.48
ARG,Argentina,1974,257171024124.452,47686429445.1561,1.64473215761616,66.405,13.1532327349931,13.1915798576321,145.63,45.93,8.89
ARG,Argentina,1975,257097956426.363,48540998138.9485,1.60810835620248,66.965,12.5891776401825,11.8027242947756,139.39,52.87,9.58
ARG,Argentina,1976,251909073021.038,51911387021.9374,1.56523230766791,67.03,9.42009472768441,15.0968846242519,146.75,47.44,9.38
ARG,Argentina,1977,269376820356.431,62759021166.3979,1.58361041281169,67.595,9.01540997692467,16.942286567935,136.55,55.03,9.27
ARG,Argentina,1978,257238364643.474,52765955715.7298,1.59885003313826,67.999,11.1661116654098,14.3237963724369,140.93,52.68,10.12
ARG,Argentina,1979,283535234199.299,58154183585.4888,1.59684779867466,68.434,11.0078459559273,12.8406846411368,145.77,46.99,10.09
ARG,Argentina,1980,287841521828.634,62868748841.4001,1.59304228632554,68.576,10.027016665010095,11.5456724606844,138,63.34,10.15
ARG,Argentina,1981,272903153784.458,53453563949.8048,1.60201232076144,68.858,10.258532397158566,14.2929774788834,144.44,50.21,9.56
ARG,Argentina,1982,270895516738.16,42793381597.0775,1.60420679867482,68.973,8.423985658816774,15.6114860999886,124.04,53.69,9.59
ARG,Argentina,1983,282677015450.457,42964345046.4624,1.6019042448548,69.29,7.946174221287426,14.9876701068591,140.73,56.48,10.06
ARG,Argentina,1984,287117132733.287,41188032061.1422,1.59235691940308,69.353,6.826668747965975,12.3463814292217,119.52,44.51,12
ARG,Argentina,1985,272218554792.861,35378578810.2516,1.57262930146869,69.879,5.879730461361064,18.009425070688,128.53,51.18,11.56
ARG,Argentina,1986,288969188904.054,39284648677.2558,1.55539122422629,70.281,5.292630364819046,14.4860327921395,133.43,54.04,11.13
ARG,Argentina,1987,296785426416.393,44366479385.8286,1.54512926233209,70.699,4.7144944990421,15.448969882952,141.04,55.41,10.21
ARG,Argentina,1988,293550663101.649,42804898715.3761,1.54990330404865,71.097,4.32191028434568,15.743458608705,156.12,62.13,7.83
ARG,Argentina,1989,272541389928.67,33558372773.4109,1.53134817062707,71.502,4.49439596541391,19.6377977018838,141.27,65.23,8.24
ARG,Argentina,1990,265817211205.311,27903757037.259,1.49157462934909,71.615,3.13542839161188,14.9908589999441,138.64,49.93,10.86
ARG,Argentina,1991,290094591011.844,36258610274.8512,1.43788006980649,72.02,3.32176128752774,13.7530541588891,131.18,47.2,12.27
ARG,Argentina,1992,313120244489.89,48094677583.604,1.38438120034139,72.096,2.97553802761558,14.730980586353,125.9,44.8,11.67
ARG,Argentina,1993,338817957426.035,55002965429.062,1.35364018555542,72.303,13.5103784728742,16.223151447784,148.68,56.28,10.21
ARG,Argentina,1994,358592053441.545,61952880204.7193,1.3401375748685,72.732,13.1869043660659,18.1343458669981,145.13,59.2,9.8
ARG,Argentina,1995,348389357874.283,54124858891.2047,1.3103115077878,72.864,13.3494556774505,19.7714230903755,148.23,58.87,7.18
ARG,Argentina,1996,367643757074.802,61216972753.7914,1.25745217924583,73.056,12.5016776609201,21.5064684057215,142.14,54.28,9.79
ARG,Argentina,1997,397463514160.866,71374562333.2949,1.21464795933597,73.407,12.0620142457633,23.3361788437439,126.85,58.44,10.5
ARG,Argentina,1998,412766570325.764,74871471352.9671,1.17552563201514,73.412,12.4947749986829,23.3500279730689,133.3,41.87,10.63
ARG,Argentina,1999,398792535409.293,62201968787.8538,1.15304317167294,73.683,13.723211414946901,21.3827449624898,137.91,54.69,9.65
ARG,Argentina,2000,395646066535.875,59833373722.1354,1.13312807570195,73.91,13.7841913064131,22.6224447777343,129.57,46.739999999999995,11.55
ARG,Argentina,2001,378202665751.853,52693129269.7639,1.09794672757946,74.154,14.1562743129569,21.8522554515453,128.89,58.58,11.31
ARG,Argentina,2002,336999433710.193,32883416849.5726,1.06941318335345,74.312,12.235247296692,41.7527243585642,135.01,54.99,12.06
ARG,Argentina,2003,366780211148.674,46099764656.8876,1.0331399769648,74.307,11.4380567929249,40.6447480311085,153.24,61,8.72
ARG,Argentina,2004,399898899166.738,59751476384.421,1.01407652046238,74.871,11.114636067696,40.692646108947,144.62,62.32,8.219999999999999
ARG,Argentina,2005,435296589745.339,68592502942.9073,1.02745772191722,75.231,12.1418612359575,40.5512709706238,139.4,59.64,8.24
ARG,Argentina,2006,470325565798.353,73302412020.6709,1.02824760534561,75.279,12.4294153726307,40.4334798719151,151.24,62.38,8.91
ARG,Argentina,2007,512690850741.56,88204836540.4656,0.991101935066697,74.783,12.9893238963619,40.945170618571,145.42000000000002,57.56,9.06
ARG,Argentina,2008,533491913656.279,94099958646.0021,1.01288878477428,75.428,13.6335132595631,40.4026733790382,156.21,65.07,7.22
ARG,Argentina,2009,501917060966.235,72389645451.0118,1.05977470732485,75.577,15.903896746884,34.0571269054879,155.96,71.07000000000001,7.69
ARG,Argentina,2010,552738161802.463,95946771647.2003,1.05636332156278,75.68,15.1637178886417,34.9710132635696,154.52,59.39,8.42
ARG,Argentina,2011,585924294024.785,111387236082.203,1.06474009749784,76.1,15.6889565165983,35.2061549999644,145.94,61.3,7.22
ARG,Argentina,2012,579910247223.428,98928498895.7575,1.0276613644946,75.802,16.6454378106252,30.5265423717108,145.45,67.33,9.29
ARG,Argentina,2013,593858966307.156,103547495760.094,0.992958989681133,75.829,16.8062377968797,29.3339290021037,159.89,71.03,6.71
ARG,Argentina,2014,578937574935.696,97103185691.3638,1.0317435786984,76.268,16.9498757371062,28.4067936452275,143.18,57.85,10.71
ARG,Argentina,2015,594749285413.212,101527895313.53,1.04725888735726,76.6,18.098379759087,22.4862260889792,140.56,57.96,9.32
ARG,Argentina,2016,582376550428.09,96366224812.4992,0.968911125580978,76.105,17.6545781863509,26.0938878488799,147.45,58.14,9.32
ARG,Argentina,2017,598790850843.677,111257073625.268,0.881249595012674,76.543,17.6968939223042,25.2896011376779,137.83,62.13,9.54
ARG,Argentina,2018,583118120294.002,100301480488.223,0.822969480473088,76.77,15.8050971558947,30.7625359549926,143.76,67.09,7.86
ARG,Argentina,2019,571450737224.442,80271355307.756,0.710900853077743,76.847,16.4432415862976,32.6306150458499,156.1,59.24,8.17
ARG,Argentina,2020,514874343768.066,75124751401.7186,0.484665636741261,75.878,16.8730073837365,30.203698807416,166.29,75.61,6.09
ARG,Argentina,2021,568636554720.066,97768327641.6609,0.265879395046274,73.948,15.9158179423023,33.078689567466,160.94,68.34,6.66
ARG,Argentina,2022,602872713790.916,109109111184.573,0.210808731072658,75.806,15.7026090548718,31.5801792606256,166.54,68.36,5.46
ARG,Argentina,2023,591684674129.454,107330514502.086,0.286976121920089,77.395,16.3015627890885,26.6769512482215,157.3,77.11,6.51
ARG,Argentina,2024,583738758865.705,88304372462.6399,0.345829819817895,77.543,14.9167656550539,27.929760849367,162.21,74.67999999999999,7.01
BGD,Bangladesh,1960,22255159273.9147,419547826.550806,2.4873620544156667,43.98,6.19158078945777,19.3039436708071,179.11,182.63,32.92
BGD,Bangladesh,1961,23603412614.6943,498275724.393704,2.8187180554552,44.887,6.35294149088275,22.4823523745223,132.94,175.53,23.79
BGD,Bangladesh,1962,24890514014.5217,806651774.903881,2.90394064545035,45.765,6.31308914411734,21.554848275691,155.97,183.28,27.2
BGD,Bangladesh,1963,24777039582.3854,617142015.857015,2.91486814980727,45.722,6.9415589919198,21.6397630631354,147.03,177.43,37.51
BGD,Bangladesh,1964,27490816335.8173,773266189.729104,2.91951583062664,46.752,8.3605179907656,24.1502678104311,129.14,177.44,35.74
BGD,Bangladesh,1965,27932389835.4113,864920427.656411,2.92048527314111,46.046,9.0581969154006,23.0293137134448,138.43,145.91,40.5
BGD,Bangladesh,1966,28649361769.9512,901609946.430914,2.90758855629955,47.644,12.9510654302968,22.9361029749964,138.89,160.76,32.730000000000004
BGD,Bangladesh,1967,28111938729.2916,1017779634.25241,2.94175581030493,48.066,11.2048757860753,21.9018601093214,140.52,160.18,34.21
BGD,Bangladesh,1968,30779608227.8708,1373225211.96313,2.94367934740019,48.4,11.9774314526507,19.9371403769383,126.3,160.97,35.49
BGD,Bangladesh,1969,31155383509.3056,1264967324.49894,2.84242612307535,48.686,13.2543821183939,19.8113211700256,139.85,195.5,27.62
BGD,Bangladesh,1970,32906270043.7907,1175433205.68542,2.5886620743881,42.667,13.3772410923478,20.8205969538367,122.81,177.95,34.22
BGD,Bangladesh,1971,31103176561.8473,892333127.353914,1.74814557140031,26.522,9.550243378778843,17.0190718372794,124.91,136.59,40.56
BGD,Bangladesh,1972,26756903051.3733,395812460.179691,1.92336477179015,49.647,6.433596602038328,19.4072895559385,165.23,189.25,24.45
BGD,Bangladesh,1973,27646752077.9687,777695683.623933,2.86304698541463,49.914,3.93877814067019,18.3946565109774,113.11,173.58,39.1
BGD,Bangladesh,1974,30298616455.7662,1923487535.43399,2.83120108031118,49.589,4.64272057478671,14.0496210654104,133.88,160.70000000000002,39.31
BGD,Bangladesh,1975,29059944148.1974,1498609743.76447,2.62225253859974,50.627,3.16378396543982,10.9956261323865,134.13,175.29,28.74
BGD,Bangladesh,1976,30705132551.2905,1772122359.47015,2.53766860687182,50.951,4.06794100708768,22.3822749296616,152.37,192.36,31.09
BGD,Bangladesh,1977,31525897954.6263,2236849675.47593,2.48827316770837,51.265,5.08923904100949,19.4221981983695,134.77,161.3,30.02
BGD,Bangladesh,1978,33755988819.6807,2814195201.10548,2.44031003262387,51.596,4.87557087798912,21.0385149611892,149.89,182.5,24.82
BGD,Bangladesh,1979,35376828058.6038,3134408936.58205,2.40897300494193,51.959,6.28376859918816,21.9070635430834,156.98,203.76,25.17
BGD,Bangladesh,1980,35666614469.126404,3681276671.17505,2.39314899487113,52.278,6.14104064791632,23.377231112235,142.71,185.15,24.54
BGD,Bangladesh,1981,38246717277.6993,4522681638.31177,2.56483208942694,52.638,4.39132011605416,19.2471590909091,131.14,186.42,22.71
BGD,Bangladesh,1982,39063027610.8276,4911184186.69959,2.74311077918066,53.012,4.43233517127319,20.6069241937352,141.24,185.91,21.73
BGD,Bangladesh,1983,40579081837.574,5132784603.84019,2.67956773551459,53.441,4.3091271083747,20.3168806212371,113.57,174.65,37.2
BGD,Bangladesh,1984,42528220939.5754,5643806472.96005,2.5678961557477,53.826,4.34462740554859,16.8117271749034,149.73,170.83,30.72
BGD,Bangladesh,1985,43949520315.5326,5978132960.05964,2.4627628154011,53.937,4.03063329644585,18.2221846249994,135.36,179.37,21.51
BGD,Bangladesh,1986,45783701931.1458,6313732788.70762,2.34793582288977,54.592,4.20118152968138,17.0187425082782,141.25,174.78,32.25
BGD,Bangladesh,1987,47510847150.9471,6963423470.91408,2.23879919175218,54.899,4.14317368059806,16.6877976312963,133.88,187.32,25.42
BGD,Bangladesh,1988,48658831252.413,7070100588.63958,2.12729956278453,55.174,4.16537536251982,17.6780643099612,143.78,187.3,35.88
BGD,Bangladesh,1989,50039078963.9421,7418346527.49817,2.04742252381831,55.514,4.15394423380197,18.3251740190693,154.14,182.19,27.1
BGD,Bangladesh,1990,52852405164.9835,7827498722.19994,1.9903336888239,55.822,4.05325016763114,18.9665020125385,118.22,163.38,34.24
BGD,Bangladesh,1991,54694431891.2081,8019992773.59292,1.91061096227259,53.781,4.13633163394744,18.8898268850747,134.8,176.9,35.78
BGD,Bangladesh,1992,57671277832.2235,8341393387.42563,1.8848730627462,56.592,4.45122187024089,19.9340055024511,140.16,192.27,25.23
BGD,Bangladesh,1993,60388495684.6196,9272626762.24225,1.86277225280699,57.073,4.95383869591304,23.1215830698982,128.76,162.1,44.08
BGD,Bangladesh,1994,62737684522.6707,10129189691.4094,1.85417955110796,57.64,4.88315945317799,22.8658645545703,133.43,195.49,25.48
BGD,Bangladesh,1995,65950655693.3725,11102418712.8302,1.85825551797916,58.244,4.62988612520877,28.2094960764218,121.84,196.82,30.86
BGD,Bangladesh,1996,68933550573.3629,12429343804.3448,1.82805195849607,58.94,4.72749921814699,26.0760877233809,160.2,192.08,34.02
BGD,Bangladesh,1997,72028595646.2459,13232210481.2783,1.85349089461291,59.671,4.90298208959861,26.3255133900833,120.34,182.36,30.36
BGD,Bangladesh,1998,75757535399.2044,14438083468.2956,1.88796139153147,60.429,5.12567978040796,27.8800634028394,111.06,192.18,35.84
BGD,Bangladesh,1999,79295530763.5123,15677824173.1355,1.89951780093278,61.244,5.03961520253427,28.3879405571158,161.74,202.64,29.17
BGD,Bangladesh,2000,83492876905.7611,16793723153.9264,1.82732806740512,62.049,4.97312138319291,29.3217143619038,138.14,185.39,32.38
BGD,Bangladesh,2001,87732050538.1162,18126258367.0709,1.66689324749509,62.836,4.84565983723317,32.0980170730117,143.82,197.22,28.78
BGD,Bangladesh,2002,91094928770.2862,19471247179.2323,1.54340635736975,63.591,5.02264856478482,28.9673807211649,130.9,187.89,37.89
BGD,Bangladesh,2003,95412434316.9993,20962229503.7367,1.45530530506763,64.288,5.12829861719188,27.657884900158,122.93,191.34,27.38
BGD,Bangladesh,2004,100411600213.555,22682930848.0627,1.36154790691024,64.912,5.17438311061483,26.8582341492431,153.26,187.8,36.25
BGD,Bangladesh,2005,106974447115.636,24897610533.8503,1.2606651625389,65.509,5.18022516467283,34.396934864465,121.9,199.14,28.91
BGD,Bangladesh,2006,114111680586.242,27359474655.1599,1.16116775095831,66.048,5.44007855680545,38.1119244325921,149.23,218.07,24.41
BGD,Bangladesh,2007,122166366935.51,29314820050.77,1.07564253185597,66.458,5.35945621469055,39.9423826531735,132.61,187.29,39.21
BGD,Bangladesh,2008,129513195397.247,32192100690.5257,0.9984405660693,67.047,5.17827687820651,42.6209140325589,139.63,197.06,29.08
BGD,Bangladesh,2009,136047297736.462,34570499655.1297,0.931892491457971,67.527,5.09374516609514,40.092796223023,153.02,229.52,30.1
BGD,Bangladesh,2010,143627564998.204,37531332235.834,0.876530534249878,68.009,5.07532583559895,37.8028426708321,136.91,225.99,30.81
BGD,Bangladesh,2011,152912195327.661,41119683067.414,0.908525895582217,68.499,5.0974466876342,47.4208498356898,138.6,203.28,32.56
BGD,Bangladesh,2012,162884301114.117,45465099966.502,0.958355912717609,68.989,5.03934251857421,48.1109227490467,140.18,214.7,25.47
BGD,Bangladesh,2013,172679520662.469,47904139719.4337,0.938408350120779,69.487,5.11613164192944,46.2964027228174,151.16,204.69,26.32
BGD,Bangladesh,2014,183145728910.398,52625117277.0386,0.911167733810249,70.016,5.33752075651661,44.5140801968096,154.7,214.47,22.2
BGD,Bangladesh,2015,195146608978.131,56371394511.5866,0.89381937776758,70.543,5.40424038147983,42.0859963070382,136.24,200.64,36.97
BGD,Bangladesh,2016,209028320490.615,61393731835.153,0.892432416039535,71.075,5.86529831496558,31.3341501346142,128.16,220.94,30.78
BGD,Bangladesh,2017,222803809377.443,66525986070.1388,0.850917315689336,71.606,6.02233215987973,29.9997306724343,122.94,201.4,37.81
BGD,Bangladesh,2018,239111739541.452,74597518248.3962,0.820955197842845,72.122,5.95916693091491,32.5146317240884,137.15,216.91,24.98
BGD,Bangladesh,2019,257958323968.613,79730036553.6332,0.84641125179804,72.625,6.2381894055709,31.5780544912404,127.91,215.11,28.76
BGD,Bangladesh,2020,266852772253.895,82876081503.6354,0.836310836229073,71.421,5.97120729189186,26.271447376215,136.54,211.3,30.31
BGD,Bangladesh,2021,285368829855.224,89581402225.3307,0.814977993693211,71.103,5.88274868783073,27.7240047036631,141.69,227.7,28.71
BGD,Bangladesh,2022,305629528154.311,100020656738.973,1.02423384746683,74.265,5.69899955596024,33.7799672705735,135.38,229,23.44
BGD,Bangladesh,2023,323279976841.364,102232069046.377,1.22171475464107,74.672,5.66516962733289,30.9829714104596,152.45,234.78,28.26
BGD,Bangladesh,2024,336932927922.21,105571257262.842,1.21462115417186,74.93,5.90807444317003,26.7780758040478,146.38,219.17,31.03
BRA,Brazil,1960,188463840487.369,46501950059.20967,2.7328858687674975,53.162,12.5596955904002,12.6154715278744,111.81,140.43,16.1
BRA,Brazil,1961,204671730769.283,50405912072.4562,3.0171240213529402,53.594,12.9162169083743,12.8933967789278,134.61,174.19,10.07
BRA,Brazil,1962,218180065000.055,56650592289.2769,2.98413178984127,54.017,12.0964094901385,9.38485014285999,115.66,141.47,14.52
BRA,Brazil,1963,219489145390.056,54755146791.96993,2.94697800169989,54.452,12.7368474442453,17.9399844236981,137.44,165.16,11.35
BRA,Brazil,1964,226951776333.317,58434686835.95886,2.89384532588109,54.848,11.851968516625,12.2058053601836,108.54,122.07,15.42
BRA,Brazil,1965,232398618965.317,60100026528.27732,2.81797346768923,55.243,10.5456847151613,12.8920351041091,101.2,133.03,17.55
BRA,Brazil,1966,247969326435.993,60657352959.85742,2.73236317426946,55.625,10.6690658167339,12.2632941076674,108.05,131.3,16.87
BRA,Brazil,1967,258384038146.305,60825356589.2579,2.64271600538347,56.016,11.3543843508467,11.3543843508467,116.02,151.92,12.52
BRA,Brazil,1968,283705673884.643,65906652718.50625,2.56183412825181,56.47,11.1149937580771,12.5906263621837,112.9,139.82,12.24
BRA,Brazil,1969,310657712903.684,63309949707.17138,2.50796582962001,56.898,10.8982828674882,13.2759246918131,126.99,194.05,10.21
BRA,Brazil,1970,342966115045.667,78971767173.2521,2.47317174130758,57.338,11.3246354178855,14.4791733661385,108.59,168.22,14.34
BRA,Brazil,1971,381868493938.374,90118039628.5047,2.44801384438618,57.786,11.0981152345092,14.6509169793049,83.36,135.07,14
BRA,Brazil,1972,427464921460.9,104993981960.012,2.43336258601704,58.255,10.7720913280882,16.1319526216382,89.99,162.12,13.91
BRA,Brazil,1973,487176307045.494,130801297204.934,2.42103657885576,58.681,9.90642975311758,16.8561891361338,83.86,165.45,14.3
BRA,Brazil,1974,526900364407.745,152366181151.228,2.39665879234277,59.081,9.32983875373664,20.9677780688456,84.55,127.37,14.42
BRA,Brazil,1975,554123457259.344,167784425523.447,2.37884287680594,59.556,10.1851800259585,18.2343303683349,96.24,144.03,12.87
BRA,Brazil,1976,610960618053.073,168895794045.311,2.38155616304412,60.007,10.4870945451757,16.4155479824129,90.77,153.43,14.49
BRA,Brazil,1977,641107419325.026,168862344574.022,2.38655749823333,60.461,9.42630744535613,15.1552494051265,87.88,158.75,16.11
BRA,Brazil,1978,672969802143.654,174183435764.233,2.38605063277526,60.922,9.68052852137433,14.5778875985257,91.97,153.01,15.99
BRA,Brazil,1979,718459600522.734,174672506194.386,2.37626195376506,61.365,9.90043859063946,16.5668826070039,92.61,167.98,15.3
BRA,Brazil,1980,784557883770.823,203967123602.95,2.35969066147983,61.819,9.1063174474986,20.1554074919697,94.92,178.15,14.21
BRA,Brazil,1981,751214173710.567,177686826450.862,2.328674853913,62.267,9.51874160060973,19.6329239927092,106.2,174.7,12.88
BRA,Brazil,1982,757449251352.361,161665720117.097,2.27914448988333,62.708,10.3881016194293,16.4911703717319,88.97,170.85,12.51
BRA,Brazil,1983,735255988287.737,125199243933.264,2.23365283811212,63.133,10.3559481952446,21.9003525232033,96.8,198.49,14.75
BRA,Brazil,1984,774959811655.274,127798139902.494,2.18625478508242,63.553,9.19464987548048,23.8300746657723,86.78,166.91,12.09
BRA,Brazil,1985,835794156870.217,166844867425.538,2.13058251317121,63.98,10.4338900725915,20.4497665840761,89.2,145.13,15.2
BRA,Brazil,1986,898395139219.794,182751903822.908,2.0601457180807,64.389,11.1592046131695,15.8606541452464,87.24,157.19,13.51
BRA,Brazil,1987,930108487634.252,180059402894.087,1.98157140954846,64.785,12.6374579272704,16.2623973390749,95.55,201.68,12.67
BRA,Brazil,1988,929550422541.672,171177784421.795,1.91028205578332,65.161,13.4929526900474,17.7672447097778,99.06,176.25,15.23
BRA,Brazil,1989,958924215893.992,173228206714.831,1.84389971585717,65.514,15.4991373147458,14.3908776472134,82.37,150.1,16.33
BRA,Brazil,1990,917211012502.601,154337744566.702,1.78613575086263,65.862,19.2909224528275,15.1555990810218,89.53,188.23,11.62
BRA,Brazil,1991,926678369050.433,168159684659.628,1.71576956519978,66.203,17.8998440765684,16.5920777626646,101.24,174.2,14.04
BRA,Brazil,1992,921636571041.486,153740675905.513,1.66724681782032,66.539,17.0630155947621,19.2533747878959,95.09,176.9,15.04
BRA,Brazil,1993,967024315134.652,175698022805.682,1.61992855794359,66.892,17.6640230381336,19.5993205474635,93.97,187.09,13.19
BRA,Brazil,1994,1023622994691.61,198595648171.561,1.56329973533197,67.293,17.8657165129222,18.6747597961023,92.8,183.08,14.79
BRA,Brazil,1995,1066858717573.94,214668095753.707,1.53901255207011,67.701,20.9279248587451,16.9844599991956,101.27,194.36,15.11
BRA,Brazil,1996,1090424176256.21,228194805334.704,1.51410759163045,68.108,19.7508265125741,15.6355914783829,88.32000000000001,183.25,14.23
BRA,Brazil,1997,1127442397626.76,251065691519.253,1.48650426533337,68.505,19.5352948012041,16.5762092633371,99.47,199.93,15.88
BRA,Brazil,1998,1131254256718.86,248673575174.755,1.48772098102752,68.848,20.0705315840705,16.438584928207,97.91,230.66,13.04
BRA,Brazil,1999,1136547820360.71,222186798520.528,1.45652767159292,69.211,19.7826907684467,20.982166473881,97.9,189.33,15.19
BRA,Brazil,2000,1186418964121.03,245343463190.758,1.37521128317928,69.584,18.7678457433113,22.6397613589755,88.81,183.92,15.53
BRA,Brazil,2001,1202908958645.15,243722938131.51,1.30335503159977,69.98,19.3432950151268,26.936285024943,94,198.69,13.05
BRA,Brazil,2002,1239639324869.85,227211967508.187,1.24142062598122,70.396,19.8096623433068,27.6183574077173,102.31,219.82,13.95
BRA,Brazil,2003,1253781489768.13,221093896091.85,1.18021395482771,70.884,19.0774784940227,28.1403847215489,103.41,211.29,13.22
BRA,Brazil,2004,1325998860202.27,243915229223.582,1.12991417032023,71.361,18.467583921631,29.6782524803495,103.15,200.69,16
BRA,Brazil,2005,1368459094848.72,237823715688.068,1.09590612526605,71.832,18.8900014180073,27.0867952052479,111.88,216.4,16.01
BRA,Brazil,2006,1422677289673.84,257978994795.347,1.05833842529955,72.296,19.0389169434879,26.0416998879446,104.74,203.04,15.78
BRA,Brazil,2007,1509031960316.93,299037440270.078,1.01236820635667,72.73,18.9429876166654,25.2926113757805,116.54,222.56,14.66
BRA,Brazil,2008,1585904997750.07,341569495917.776,0.957984635895359,73.111,18.8393928715842,27.2575694165953,107.54,194.89,17.61
BRA,Brazil,2009,1583909738906.86,292050491424.284,0.895632239477021,73.457,19.6506384028556,22.1059756060711,89.75,202.36,17.97
BRA,Brazil,2010,1703150040806.99,376145130591.996,0.84088322514573,73.779,19.0168578361845,22.7721781132208,113.01,233.16,15.35
BRA,Brazil,2011,1770840429106.43,397694422900.885,0.81381388423754,74.047,18.6692569362796,23.9344051765103,102.03,203.93,18.4
BRA,Brazil,2012,1804861390164.77,387573460164.981,0.811598483382088,74.335,18.530103265812,25.1142736103322,111.99,219.09,13.84
BRA,Brazil,2013,1859094274383.73,410353438061.485,0.810511647523289,74.609,18.8924789945529,25.7859573281452,99.07,212.33,18.04
BRA,Brazil,2014,1868463286696.58,388161700217.504,0.806314177734439,74.823,19.1535387106968,24.685405813292,103.43,215.26,15.72
BRA,Brazil,2015,1802211999456.42,313794410670.551,0.791721773592796,75.106,19.7768199561866,26.9536259372369,115.43,238.5,13.54
BRA,Brazil,2016,1743173031878.48,270035413335.164,0.761972670496742,75.081,20.3792974269012,24.5336820770756,109.54,241.33,16.8
BRA,Brazil,2017,1766232928473.27,277021017619.654,0.72824666001736,75.383,20.1619046967128,24.3197343741684,113.22,224.5,16.34
BRA,Brazil,2018,1797736638146.82,286594581435.291,0.683439571425594,75.633,19.8950877838984,28.876203376153,102.2,210.12,16.29
BRA,Brazil,2019,1819683008336.22,290489291195.697,0.651994346081362,75.809,19.9835812871943,28.8902578697354,110.45,232.7,14.73
BRA,Brazil,2020,1760056385298.89,278467194275.418,0.579350709708032,74.506,20.1351530146558,32.3020785443492,118.21,226.08,16.79
BRA,Brazil,2021,1843880907790.44,339174613498.435,0.425360907216456,73.038,18.5475883604547,37.6563307592575,113.7,209.61,17.54
BRA,Brazil,2022,1899505159031.73,355253301356.649,0.360180890872169,74.872,18.4022127200972,38.8160659764321,111.42,210.02,17.63
BRA,Brazil,2023,1961080569227.7,326377919527.967,0.395928695574996,75.848,19.0426107944103,33.6662298301284,122.88,236.58,13.44
BRA,Brazil,2024,2028136094548.34,364056656690.877,0.405467027627251,76.023,18.7696027831201,35.5845239385389,135.74,253.49,15.64
CAN,Canada,1960,276385630513.781,85380560544.7208,1.8849699232406725,71.1331707317073,16.493891188833565,38.19105516124787,110.42,0.98,3.56
CAN,Canada,1961,285128514178.801,83876055048.7525,1.99918455690026,71.3460975609756,16.0627542530726,35.810465007449,119.61,2.4,3.41
CAN,Canada,1962,306307396491.077,84678932090.5233,1.85988823339904,71.3670731707317,15.9809779670372,35.5113198692233,118.77,0.41,3.6
CAN,Canada,1963,322533846696.257,88883279376.39119,1.86284592763531,71.3807317073171,16.0175115991736,35.3317795610907,114.94,1.25,3.61
CAN,Canada,1964,344001699477.798,91145956543.22101,1.88571494336137,71.7763414634146,16.0220845565781,37.0015575200833,112.19,1.54,3.52
CAN,Canada,1965,365732975014.496,91128396763.74489,1.81016659700882,71.8721951219512,15.9613284278992,36.8945520983079,113.81,0.7999999999999999,3.2
CAN,Canada,1966,390455390791.7,99246438025.11937,1.86281377101388,72.0043902439024,16.7908633969768,38.3052936900165,115.54,1.18,3.68
CAN,Canada,1967,402424491586.369,99785654983.79369,1.79935650480125,72.2078048780488,18.0883004029739,39.1242195642224,114.18,1.47,3.12
CAN,Canada,1968,422579012939.505,96356246693.21805,1.61340850346382,72.3534146341463,18.8494741459903,40.727384956863,115.72,0.64,3.81
CAN,Canada,1969,443991228283.505,93645811562.88016,1.35978347208384,72.5014634146341,19.4359555946181,41.8858994891117,120.75,1.22,3.35
CAN,Canada,1970,456950058304.556,76274127578.178,1.39783160033129,72.7004878048781,20.9881295150224,41.4922765180909,119.56,1.95,3.22
CAN,Canada,1971,475314173273.544,82763844096.3164,2.94819452761436,73.0292682926829,21.1149845224718,40.6869585929765,115.51,1.55,3.34
CAN,Canada,1972,501549947377.327,87721400413.105,1.16084656651465,72.9339024390244,21.0634347533532,41.8490864463021,119.2,0.8,3.09
CAN,Canada,1973,535297444515.971,98636906662.5543,1.22261658426849,73.1626829268293,20.4010517120067,44.2882822502655,112.2,0.91,3.55
CAN,Canada,1974,553271533661.592,109517352065.126,1.39602166927373,73.2375609756098,20.7555756301704,48.084501970309,117.11,0.97,3.37
CAN,Canada,1975,561821810346.389,109306989088.818,1.45942491323998,73.5217073170732,22.3317832261733,45.855654524918,119.11,2.13,3.29
CAN,Canada,1976,594909046618.083,116600744026.285,1.31580656558804,73.8560975609756,22.1715722102007,44.2653442795685,116.87,1.3,3.81
CAN,Canada,1977,615938049878.263,117014458370.847,1.17025687783266,74.2156097560976,22.6790192058225,45.7583788338602,109.28,0.73,3.43
CAN,Canada,1978,638949349984.255,117511148673.105,0.99545694441135,74.529756097561,22.1431998295265,48.844517999706,119.08,0.85,3.16
CAN,Canada,1979,662751487920.784,133696249899.778,0.989698733234704,74.8663414634146,21.4169658821367,52.2380473828747,120.5,1.17,3.38
CAN,Canada,1980,677180908099.146,129224866122.34,1.28959497847156,75.1021951219512,21.5109616586718,53.3179757243811,115.48,0.94,3.44
CAN,Canada,1981,700307077507.406,140388132696.007,1.23339725480528,75.4978048780488,21.4020056575397,52.1025741262576,115.18,1.7,3.44
CAN,Canada,1982,678134303427.615,109389457752.144,1.18962434077573,75.7251219512195,22.949345794874,46.6158827969427,117.71,0.51,3.13
CAN,Canada,1983,695509823946.992,118834839656.791,0.988487567147771,76.0604878048781,22.6673090981591,46.7088835933124,115.82,2.34,3.69
CAN,Canada,1984,736534953603.51,132631784935.018,0.944034716041094,76.3319512195122,22.0352997709887,52.4766984280909,114.33,2.24,3.53
CAN,Canada,1985,771429628794.319,144180509627.096,0.91377427539001,76.3273170731707,22.0544090619107,52.8419465348871,108.99,0.67,3.14
CAN,Canada,1986,787795360513.545,147972887259.836,0.994040150630969,76.4639024390244,22.0929305204793,53.0651501053871,116.77,1.04,3.37
CAN,Canada,1987,819874511601.366,160195193625.296,1.31816778174498,76.7787804878049,21.5055298640517,50.8663917985291,117.08,1.27,3.23
CAN,Canada,1988,856037856338.157,178173612720.096,1.29662488995999,76.8587804878049,21.1214336075955,51.3657811368429,118.74,2.96,3.7
CAN,Canada,1989,876046283888.822,187321903957.701,1.79419351491939,77.1248780487805,21.3687444068382,50.0666340073171,116.85,2.91,3.06
CAN,Canada,1990,877824201198.45,172371779647.276,1.50766067284807,77.4365853658537,22.6182277236122,49.9944644220497,108.88,1.57,3.72
CAN,Canada,1991,859468413488.409,159561500164.289,1.24276123131684,77.5934146341464,24.0167404559594,49.2234668475419,113.88,2.3600000000000003,3.54
CAN,Canada,1992,867121689041.978,154092695670.341,1.18367554138942,77.8380487804878,24.444626939630002,52.7380309449972,116.45,0.69,3.38
CAN,Canada,1993,890167242138.095,159704871516.244,1.09893087887878,77.7048780487805,23.8860993498314,58.2507961453047,118.65,0.44,3.38
CAN,Canada,1994,930171796810.659,174010201529.975,1.09525810706129,77.8717073170732,22.6779482102903,64.3915441455001,114.11,1.06,3.59
CAN,Canada,1995,955122057479.248,179428769848.417,1.03476948386834,77.9773170731707,21.6585439761622,69.0617480799547,119.92,1.94,3.41
CAN,Canada,1996,971253698681.489,180472632908.276,1.04531178311831,78.220243902439,20.7605188908557,70.2600734560392,113.89,1.28,3.78
CAN,Canada,1997,1012824977387.95,209279910550.115,0.993788591465188,78.4124390243903,19.8533457566752,74.3366100816522,121.3,1.04,3.93
CAN,Canada,1998,1052253104641.38,212632577633.109,0.829909353323744,78.6236585365854,19.8366043300703,78.0811853628611,121.41,1.89,3.26
CAN,Canada,1999,1106349473970.81,224112816182.155,0.812842623716166,78.8390243902439,19.3207377194749,80.1150293129295,113.13,0.99,4.14
CAN,Canada,2000,1163199675162.51,242773471125.633,0.931281553452429,79.1668292682927,19.1064161806335,82.7653578503214,121.34,0.6900000000000001,3.3
CAN,Canada,2001,1185010810251.65,235042899952.762,1.0861994547665,79.3980487804878,19.5093203790186,78.3442183943698,114.43,2.0500000000000003,3.55
CAN,Canada,2002,1220552310378.31,240422897059.562,1.08479328329522,79.5307317073171,19.7787192119877,75.7070320779233,116.27,2.18,3.42
CAN,Canada,2003,1242600185731.73,263201807679.51,0.899226809998674,79.7151219512195,19.8962017689692,69.8400946170607,116.51,2.36,3.8
CAN,Canada,2004,1281025904587.38,286100006149.477,0.932186964148048,79.9921951219512,19.4174844503805,70.1924199909562,114.42,0.63,3.45
CAN,Canada,2005,1322152656986.39,317992963883.035,0.94708626967041,80.1126829268293,19.0759109803014,69.7591330167357,112.14,2.1399999999999997,4.19
CAN,Canada,2006,1357030300367.79,336116071330.522,1.01355939144957,80.5436585365854,19.2487641773811,68.0521644769988,113.6,1.89,3.7
CAN,Canada,2007,1384848127424.16,346058549092.26,0.970654173316653,80.5436585365854,19.2505356033619,66.2834197482347,115.11,2.54,3.95
CAN,Canada,2008,1398632992945.77,352019934312.925,1.083871149194,80.7246341463415,19.7194394824506,67.0236083618983,113.76,1.05,3.65
CAN,Canada,2009,1357861635362.94,303337296939.839,1.14470768476526,81.0660975609756,21.9645855050549,58.4743918224897,116.52,1.01,3.16
CAN,Canada,2010,1399830508940.89,340756069792.543,1.11135202971694,81.3221951219512,21.4754574603582,60.2081215044483,118.07,0.8,3.89
CAN,Canada,2011,1443745913580.69,367927748297.525,0.97540725097113,81.4826829268293,21.1458668604215,62.4987387708328,114.3,1.15,3.95
CAN,Canada,2012,1469093201732.39,381074441830.099,1.08374652233653,81.6636585365854,21.0578451788387,62.5955489395005,115.51,1.87,3.66
CAN,Canada,2013,1503261570451.97,394934605950.081,1.05338098055318,81.7448780487805,20.7043347111761,62.2310749013405,115.96,1.51,3.58
CAN,Canada,2014,1546457292263.22,398215399314.372,1.00142284689661,81.7843902439025,20.266560128167,64.3786621564923,118,1.15,4
CAN,Canada,2015,1556508816217.14,370785201353.99,0.760300145238936,81.8258536585366,20.8778251262785,66.1649020669781,110.73,1.36,3.61
CAN,Canada,2016,1572673952924.25,353105943501.172,1.13153974027004,81.94,21.0480401948524,65.3636845215556,114.92,0.92,3.86
CAN,Canada,2017,1620386284360.03,379411561061.665,1.19543575451553,81.8078048780488,20.7033313853187,65.1010608504649,109.93,1.63,3.83
CAN,Canada,2018,1664832887873.71,388137828992.176,1.43322615679352,81.8036585365854,20.6814326967462,66.5998858508762,119.25,2.67,3.61
CAN,Canada,2019,1696605090551.84,387898124334.13,1.46171259938134,82.1585365853659,20.6634960880685,66.1714852804959,113.31,0.9,3.64
CAN,Canada,2020,1611126165625.03,353280359444.175,1.08436897113225,81.53,22.7011077555498,61.1567709632763,111.65,2.25,4.51
CAN,Canada,2021,1706996679677.69,402348894871.451,0.553902422386893,81.4514634146342,21.2842897783513,62.2468367159421,110.94,4.59,3.9
CAN,Canada,2022,1778503389905,428102476524.595,1.80390457488184,81.0948780487805,20.4184233971953,67.3176215563989,111.36,2.17,3.91
CAN,Canada,2023,1805692180594.62,403612518833.995,2.90468017061162,81.6263414634146,20.9054437744776,66.6323313370668,117.73,2.68,3.26
CAN,Canada,2024,1833766996134.79,395303006207.649,2.96220294420494,82.1080487804878,20.88364655309341,65.1499212653783,109.86,3.22,3.64
COL,Colombia,1960,30607351920.8487,4138528465.11137,2.9732587522888703,56.609,6.37628417711344,30.4520120239132,40.38,111.07,31.4
COL,Colombia,1961,32165026473.2768,4555907834.43662,3.08524293939335,57.203,6.781266888005,26.8211488774202,41.879999999999995,113.99,28.4
COL,Colombia,1962,33905762200.138,4251756758.13577,3.08229223919086,57.737,7.04725198250252,24.4508175629839,45.52,117.21,30.41
COL,Colombia,1963,35020145447.6353,4106064709.85642,3.05422998569024,58.296,7.41422476479305,24.333249474446,42.47,136.46,28.8
COL,Colombia,1964,37179817268.7979,4648044847.03705,3.01357715669246,58.77,6.64865393236273,24.6091178806666,54.76,116.27,34.79
COL,Colombia,1965,38518294925.1955,4499661408.67044,2.9697325957053202,59.247,8.31239254066922,21.8440021161222,39.33,125.45,28.13
COL,Colombia,1966,40535396289.0875,5837611893.2594805,2.89476597893338,59.713,8.70027972982193,24.3283072934434,39.4,124.99,32.39
COL,Colombia,1967,42211479864.7095,5297040556.80375,2.80964077738019,60.15,8.58539240746,21.5540092776673,41.38,110.8,33.08
COL,Colombia,1968,44715936774.1152,6066371191.8386,2.72398956960806,60.572,8.46223558732055,24.5844575806883,36.04,115.53,38.7
COL,Colombia,1969,47444734555.5178,5931956890.57031,2.62203011152389,61.031,8.80531290276386,25.5486538736933,30.27,134.63,36.5
COL,Colombia,1970,50390007345.5412,7667564861.21038,2.52954072159871,61.465,9.25222945288021,27.8252289708363,32.02,114.57,39.19
COL,Colombia,1971,53393618595.5248,7994918932.03326,2.40839282506595,62.005,10.9663472024428,27.9832698253852,27.95,84.02,41.94
COL,Colombia,1972,57488453984.9103,7799914986.44739,2.32037558089265,62.53,9.56891368780786,26.0529285812229,35.59,109.91,34.82
COL,Colombia,1973,61353376858.8001,8508413132.88277,2.29169264351744,62.991,9.46331633492351,27.5884191478862,32,114.8,42.57
COL,Colombia,1974,64878592920.4333,10195452250.429,2.25035190464204,63.497,8.74981388654524,30.1705419623803,34.93,99.84,37.56
COL,Colombia,1975,66385888256.7983,8358456798.66821,2.21401806002691,64.012,8.9299643551843,29.8288357672522,32.910000000000004,87.54,42.02
COL,Colombia,1976,69524857841.2791,9136408405.34514,2.17859623709254,64.642,8.20673718225713,30.9412516204182,36.34,102.56,33.269999999999996
COL,Colombia,1977,72416052846.1219,10620551138.1443,2.21629162408511,65.237,7.711419509545,30.0644247649187,37.18,119.09,34.54
COL,Colombia,1978,78549620712.7422,11354912199.1412,2.25708717200333,65.827,8.55647194517349,30.4245140392331,38.91,112.47,38.39
COL,Colombia,1979,82774898275.6621,11318971247.9757,2.24037196821274,66.162,9.31362859043907,28.6616022482855,39.63,122.99,36.05
COL,Colombia,1980,86158201122.7301,12549948833.3255,2.28165878425913,66.693,10.0923293205753,31.8149867332012,48.72,131.22,30.56
COL,Colombia,1981,88119913721.7807,14210882192.0283,2.30526967372708,67.189,10.4335695513304,27.2693848463742,37.19,113.45,36.12
COL,Colombia,1982,88955661300.656,14968799146.9089,2.31294499637689,67.861,10.9224449785328,26.1037729578128,32.1,99.62,28.85
COL,Colombia,1983,90355784303.2292,14646909072.0636,2.34922447389747,68.121,10.9544856697653,23.699820931412,37.57,124.79,28.94
COL,Colombia,1984,93383320875.4912,13783961972.1989,2.31162341777435,68.308,11.0364768406445,24.348750085568,28.01,90.64,32.5
COL,Colombia,1985,96284839824.1916,12454753881.0281,2.16125651239525,65.359,10.6982786344342,26.3331012832964,50.38,106.72,31.62
COL,Colombia,1986,101892542204.383,12996782283.1751,2.06488135607345,68.303,9.80875538969316,30.8306359086594,30.84,90.99,36.37
COL,Colombia,1987,107363083659.426,14194368781.9545,2.05495671033332,68.166,9.84069412928323,29.865550187616,33.11,121.96,34.85
COL,Colombia,1988,111726505380.416,15331244214.2754,2.04796088983437,68.301,10.0787224110989,30.1428020036572,40.7,114.43,39.32
COL,Colombia,1989,115540955654.074,14207968061.0105,2.05312510865196,68.616,10.5545366813872,31.8216218481762,38.8,91.87,35.25
COL,Colombia,1990,120488417446.261,14041376894.2164,2.06742882129527,68.701,12.4524654899488,34.7778103803081,31.92,98.46,32.9
COL,Colombia,1991,122900122761.671,12814527661.2939,2.00897406347511,68.772,11.7592720369725,33.5299180947153,39.54,117.69,36.51
COL,Colombia,1992,127871346008.238,18322842729.4754,1.98094862084333,68.764,13.1328297032988,33.6115913436524,39.45,113.81,32.08
COL,Colombia,1993,134757742185.312,25322464436.7717,1.99678655879278,69.083,14.0515703261773,36.1774714449627,31.57,99.24,36.89
COL,Colombia,1994,142593449287.222,32086770049.5132,1.97202887200902,69.422,14.4734544198645,35.917537450138,33.589999999999996,104.48,39.25
COL,Colombia,1995,150011784497.792,34033120857.1758,1.9096370992151,69.81,14.9483765869675,35.4972303177666,45.43,132.59,34.31
COL,Colombia,1996,153095808839.253,29942360202.1627,1.82129460113512,70.209,17.9945338654797,36.0441071863282,34.24,95.61,34.46
COL,Colombia,1997,158347444690.971,29749281568.1592,1.78958066993845,70.632,19.9213136419587,35.5970680886793,44.69,135.64,30.13
COL,Colombia,1998,159249683235.263,27872656443.3622,1.79149449060697,70.924,20.3069357941294,35.9089230535138,32.95,133.15,39.38
COL,Colombia,1999,152554802278.5,17105456115.445,1.73833578882204,70.913,22.1605930735792,36.1492793141794,29.63,90.41,35.72
COL,Colombia,2000,157016818928.93,19203150239.3878,1.63798274950516,70.905,16.4728505593893,32.6670854693067,42.68,110.45,38.3
COL,Colombia,2001,159651401476.819,20820815764.4669,1.57194688390217,71.185,16.5662317191423,33.9011117949445,39.05,123.11,31.52
COL,Colombia,2002,163649041384.447,22917548423.0853,1.53792282248162,71.537,16.0408930267443,32.9826392144234,42.94,131.07999999999998,32.39
COL,Colombia,2003,170061255792.911,25519859697.4936,1.5081090586904,72.309,15.6103471699499,36.51618351723,38.15,130.28,33.52
COL,Colombia,2004,179130660092.783,28373797495.7435,1.46883725533231,72.76,15.6815981180263,35.8634269337995,46.32,134.01999999999998,31.87
COL,Colombia,2005,187780451739.376,31629068442.5238,1.4002642115634,73.156,13.9561720687186,37.422697494955,36.54,150.4,31.58
COL,Colombia,2006,200393418124.055,36985074785.6795,1.32542990992624,73.497,13.8806197000031,39.6413559606293,33.75,136.79,33.51
COL,Colombia,2007,213896316785.023,42827626070.0521,1.26689099629201,73.751,13.7300294511629,37.0988970982903,41.92,139.9,36.6
COL,Colombia,2008,220919487240.849,46717797241.7306,1.20339154806457,74.206,13.143945911691,39.1676494164355,36.72,135.09,35.94
COL,Colombia,2009,223437193184.792,43776644013.8649,1.16491370094378,74.531,13.8041445529473,35.1561285074585,31.97,149.66,32.55
COL,Colombia,2010,233479933032.173,47962608249.5065,1.13596836363633,74.876,13.7602470315774,34.2646031687681,33.22,162.22,41.22
COL,Colombia,2011,249701866578.277,56843329968.914,1.07133727666266,75.18,13.3492616590983,39.4704235545367,31.41,139.94,38.99
COL,Colombia,2012,259471791121.288,58484233784.907,1.00290782655336,75.611,13.4754773768318,38.835151018669,36.5,140.4,35.410000000000004
COL,Colombia,2013,272793056063.57,63049878143.3423,0.948709328751527,75.834,14.0973234578689,37.9866487978457,41.39,144.18,35.410000000000004
COL,Colombia,2014,285066097496.814,70586583289.7481,0.892711563926366,75.95,14.2437505161207,37.4874656411103,39.22,150.43,35.769999999999996
COL,Colombia,2015,293492370193.166,69773972998.1206,0.864942376762699,76.067,14.8116297912742,38.3607641184453,40.89,159.15,33.26
COL,Colombia,2016,299618678572.191,69660543105.528,0.990548549326914,76.228,14.5412847223026,36.202652984202,43.44,159.98,36.25
COL,Colombia,2017,303691577641.583,67411640476.1853,1.45147726169193,76.418,14.8806426275244,35.2829149424588,47.59,160.22,32.78
COL,Colombia,2018,311479214511.795,68425579709.0061,1.83913784861099,76.579,15.4214808598175,36.5347527968973,47.91,145.63,34.82
COL,Colombia,2019,321405606655.842,70445798921.45,1.78615507724394,76.793,15.7732334152149,37.558533980839,43.59,155.5,33.65
COL,Colombia,2020,298309675728.093,55877169886.9923,1.43632167326968,74.757,17.15883586003,34.0555709680101,53.22,174.01,33.48
COL,Colombia,2021,330530695024.886,62340120680.3678,1.09642825395961,72.698,16.04633106217,40.0591463936128,44.92,151.01,38.16
COL,Colombia,2022,354752900899.02,72341281724.6764,1.06829295530618,76.508,14.0050262426423,48.2826551123359,48.26,151.49,38.91
COL,Colombia,2023,357280089727.874,60752831636.7577,1.12092864340999,77.725,14.6540810646728,40.3881324933957,53.09,189.15,32.72
COL,Colombia,2024,362990610076.174,63929962808.377,1.07447920962035,77.913,14.8892992281624,37.0254687077888,61.26,200.49,33.22
DEU,Germany,1960,917973385954.314,209882192041.0495,1.0229300551466662,69.0640731707317,16.949990817270812,34.22992960576046,79.17,0.35000000000000003,2.57
DEU,Germany,1961,957431917164.666,275750350279.8323,0.769854344284138,69.6448780487805,17.101023097445715,33.76876727865941,97.57,1.05,2.24
DEU,Germany,1962,1001698503789.32,270268302200.30612,0.879431691508147,69.7992195121951,17.058679584477158,33.369374450141635,96.12,1.09,1.6
DEU,Germany,1963,1029097926943.75,259944746470.62997,0.925875063469895,69.9140731707317,17.04540207282957,32.83084866705745,96.67,2.92,1.83
DEU,Germany,1964,1097424574144.2,289775052291.80023,0.805140883333687,70.4355609756098,17.164628231906217,32.65803889967345,96.52,6.51,2.73
DEU,Germany,1965,1154975319174.95,286177482366.0348,0.85319043680184,70.4103658536585,17.15844502147792,33.564580769347835,76.02,0.34,3.69
DEU,Germany,1966,1187455318834.42,289841542958.60254,0.834560800634988,70.5215853658537,17.123056298067112,33.08153526264461,76.28,1.33,3.61
DEU,Germany,1967,1183533670631.7,304097887453.6911,0.457208526697556,70.7317317073171,17.431076121084768,32.85815620293019,73.98,1.87,2.78
DEU,Germany,1968,1250625508505.05,303583501662.9814,0.444717326246995,70.3784634146342,17.407182555447903,33.055886311355884,93.91,0.88,3.04
DEU,Germany,1969,1343398193777.42,309415840398.4262,0.792983738181533,70.2288048780488,17.452354517107416,32.76423751136214,97.34,3.36,2.01
DEU,Germany,1970,1411953745416.57,436229430329.886,0.332661392813347,70.4471951219512,16.1943886889766,31.5904531520063,79.82,0.45000000000000007,3.25
DEU,Germany,1971,1456186017148.9,437850377537.951,0.183475313574861,70.676756097561,17.2894890183963,30.7269071881612,94.84,4.11,2.04
DEU,Germany,1972,1518806985739.63,446408986112.297,0.478481045657976,70.9067073170732,17.6442434294816,30.6162474270584,114.09,2.26,2.95
DEU,Germany,1973,1591367790663.22,457431429940.896,0.314942451198579,71.1128048780488,18.3259024302236,31.5828194707613,89.07000000000001,2.74,1.6700000000000002
DEU,Germany,1974,1605532057258.85,413536163387.496,0.0389692231983959,71.4189268292683,19.7490403066335,36.8123365227823,74.09,1.98,2.12
DEU,Germany,1975,1591616285780.14,386433922330.368,-0.372846359360899,71.259243902439,20.8618997874004,35.770694065614,99.31,3.8,1.82
DEU,Germany,1976,1670389489050,422743150242.121,-0.428766874960255,71.7122195121951,20.332175529299,38.2248036597616,110.99,7.45,1.37
DEU,Germany,1977,1726301068039.45,429810489475.263,-0.226376662518719,72.3073170731707,20.294878033691,37.9596069317502,81.11,0.26,2.59
DEU,Germany,1978,1778236712904.22,444463848256.723,-0.0870314153537852,72.2904146341464,20.4157532740666,37.0396689635279,88.05,0.4,2.91
DEU,Germany,1979,1852039997497.07,494648395886.3,0.0442074062989572,72.6301707317073,20.3276211811669,39.0764801078976,74.56,0.4,2.64
DEU,Germany,1980,1878132067487.92,479800507240.689,0.207430406185115,72.8003170731707,20.8087659456393,41.6963442221306,90.35,0.74,2.23
DEU,Germany,1981,1888071903820.79,421965091080.243,0.152308489359723,73.0402195121951,21.3496066200803,44.0162662404343,67.67,0.47,5.15
DEU,Germany,1982,1880617026826.43,404718216162.931,-0.0951134365477742,73.3331463414634,21.041975145837,44.2197597003201,101.64,2.92,2.44
DEU,Germany,1983,1910188039686.95,439471325750.929,-0.26215257230517103,73.6221463414634,20.7882628530378,43.4106902096364,95.34,5.9799999999999995,2.83
DEU,Germany,1984,1964111651614.06,446668345865.669,-0.345666402296961,74.0722926829268,20.5877267140322,46.0675396820961,103.37,2.1399999999999997,3.74
DEU,Germany,1985,2009834898132.56,445695776937.883,-0.223489901582361,74.1890975609756,20.5173357681432,47.7335836710439,89.5,1.3099999999999998,2.02
DEU,Germany,1986,2055806640789.14,471112219794.57,0.0457680639736539,74.3968292682927,20.4005712611786,42.7811833269648,91.77,2.19,3.86
DEU,Germany,1987,2084632166256.58,476428931942.96,0.15361757528619,74.8070243902439,20.6169747683747,41.5307858013658,83.51,0.5900000000000001,3
DEU,Germany,1988,2161914393719.1,515396525978.028,0.390678960242038,74.9987317073171,20.3688163790232,42.3646595340436,76.99000000000001,0.98,2.48
DEU,Germany,1989,2246154505899.82,558578563258.773,0.773336990610757,75.1915365853659,19.4099692478231,45.0439093136764,111.11,2.52,2.1
DEU,Germany,1990,2364190062225,606882803926.911,0.861969448764933,75.0856341463415,19.0305949844275,45.6889546847935,100.74,3.52,2.96
DEU,Germany,1991,2484959073005.6,648379064110.367,0.728605546561364,75.319512195122,18.6087672231263,47.6354131979568,101.49,3.25,2.79
DEU,Germany,1992,2534996542114.29,649283253799.672,0.760346946721127,75.819512195122,19.1331021293767,44.6840440028306,97.15,6.18,3.05
DEU,Germany,1993,2510330187123.32,611533351857.159,0.657391218087626,75.8707317073171,19.2807880091502,39.7493939704326,86.02,0.61,3.92
DEU,Germany,1994,2575519839599.45,639035774003.925,0.346856648630233,76.2707317073171,19.2250356361737,41.0957443335763,93.58,12.23,3.69
DEU,Germany,1995,2614281254585.26,647700929380.229,0.293904443716697,76.4219512195122,19.3697662545462,42.6061486475818,93.22,6.18,3.52
DEU,Germany,1996,2641414240990.66,625548287016.823,0.289474899455448,76.6731707317073,19.6391608246567,43.903586095325,108.9,1.34,2.5
DEU,Germany,1997,2690394576515.06,635871115115.918,0.146313281561803,77.0731707317073,19.2955398082534,48.380321068738,105.56,2.57,2.61
DEU,Germany,1998,2746774816494.42,665106568337.945,0.0151436508552808,77.4756097560976,19.0236412815048,50.1554657792327,82.32000000000001,5.34,3.4
DEU,Germany,1999,2805269313430.67,683265700378.268,0.0646345779052372,77.7268292682927,19.0821474649054,51.519227436406,80.34,2.48,2.51
DEU,Germany,2000,2885963533943.47,695020166339.23,0.135431600393084,77.9268292682927,18.860569292751,59.1955992975405,72.33,3.48,2.29
DEU,Germany,2001,2933181986968.52,683265700378.268,0.168225361337335,78.3292682926829,18.7505067113635,59.5592863682118,82.8,4.47,2.37
DEU,Germany,2002,2926486831428.63,614019876015.027,0.168128319406931,78.2292682926829,19.0132502158895,58.3325687248129,86.83,3.94,5.11
DEU,Germany,2003,2910982263391.97,606258920377.148,0.0553633035873241,78.3804878048781,19.0734600434664,58.9145442942507,126.02,14.42,1.59
DEU,Germany,2004,2944810405337.25,585688612482.305,-0.021709727650009,78.6804878048781,18.5669242577539,62.9064909465164,87.58,1.76,2.63
DEU,Germany,2005,2970886268370.04,578681139877.913,-0.0567782618352031,78.9317073170732,18.4739713893822,66.9531024934321,91.5,4.28,2.77
DEU,Germany,2006,3085761005285.65,634665532213.219,-0.112797497644931,79.1317073170732,18.0172946772292,72.7591934646234,101.31,9.67,1.99
DEU,Germany,2007,3174912263837.68,676258237822.996,-0.133718572600486,79.5341463414634,17.5553649959484,74.8838416816798,100.47,2.61,4.91
DEU,Germany,2008,3203102383827.36,680101041490.262,-0.190142844695674,79.7365853658537,17.9538713464747,76.1131665945746,87.79,4.04,2.89
DEU,Germany,2009,3025504625850.04,553062445413.106,-0.253383410163402,79.8365853658537,19.6050072775535,66.1391275757126,77.44,2.15,2.39
DEU,Germany,2010,3150598283304.25,624267355810.774,-0.153198446937304,79.9878048780488,19.1827581196516,73.8852351200263,78.96000000000001,8.1,3.92
DEU,Germany,2011,3268996785218.57,690951317761.919,-1.8537146287573,80.4365853658537,18.6995569567259,78.433002901442,113.81,2.24,3.75
DEU,Germany,2012,3284148978797.69,638131594363.74,0.187727800567293,80.5390243902439,18.9052184847532,79.3316495670315,88.77,4.64,2.41
DEU,Germany,2013,3297186905208.25,654180953812.059,0.272900214681538,80.490243902439,19.2533699868829,77.5860288576931,89.41,7.54,4.5600000000000005
DEU,Germany,2014,3369071713224.27,677840572291.56,0.416877359168292,81.090243902439,19.2146344242026,76.8483516336234,77.93,3.48,3.26
DEU,Germany,2015,3425099578746.09,667819137405.859,0.865702643950251,80.6414634146341,19.3036024917153,77.7565815686922,97.77,13.84,2.94
DEU,Germany,2016,3501212900675.89,692006204057.921,0.807218538573871,80.990243902439,19.5245695901052,76.0059902166055,88.84,6.37,2.47
DEU,Germany,2017,3599173571724.7,744750579152.751,0.373724559895838,80.9926829268293,19.4478730074915,77.4548394742448,89.99,3.64,3.92
DEU,Germany,2018,3640049243667.4,776397198180.177,0.300526701992065,80.8926829268293,19.4857645390401,79.1252260463654,110.78,12.75,2.65
DEU,Germany,2019,3675639268112.03,773157190988.821,0.22551987421288,81.2926829268293,19.8895196309028,79.0732427175683,90.63,11.86,2.64
DEU,Germany,2020,3523764998709.97,753491072783.283,0.0816931586494595,81.0414634146342,21.7243937497102,72.9335327120137,107.24,7.47,3
DEU,Germany,2021,3661544208117.2,801563802824.892,0.0423270572552137,80.790243902439,21.6396095960721,79.9195348609851,82.86,2.77,4.13
DEU,Germany,2022,3727790994177.62,786870722885.97,-0.0219565701848977,80.6080487804878,21.3296017686915,88.7857542130501,94.57,10.52,2.91
DEU,Germany,2023,3695372350062.48,771725553126.955,0.131511079477747,81.0414634146342,21.0588698152068,81.9625483787634,80.78,6.2700000000000005,3.24
DEU,Germany,2024,3677048776153.86,748819427730.062,0.274957829184881,80.7926829268293,20.586829531127528,79.0907305894936,87.28999999999999,7.83,4.46
DZA,Algeria,1960,27287513101.983,24865701192.650852,1.8685764967200549,40.839,26.6654194665797,106.186804301314,319.75,177.29,0.27999999999999997
DZA,Algeria,1961,23574926517.9503,24196128558.606976,1.76948075825483,40.792,23.2812602858204,113.7483279283,330.07,173.97,0.13
DZA,Algeria,1962,18934192372.524,33730434058.919685,1.46729511141391,39.527,19.4710552766199,40.6125193571122,312.48,172.95,0.27
DZA,Algeria,1963,25431219789.9774,22877429825.92228,1.5250503398561,43.143,19.0048840354438,61.510197197341,321.24,163.03,0.23
DZA,Algeria,1964,26916253746.4174,22049536096.143898,1.63645374073926,42.987,17.0481564280519,54.5238212566159,320.51,180.14,0.27
DZA,Algeria,1965,28586918218.6911,24607658430.53782,1.51689212029344,42.846,16.3792101637043,48.4370219064117,296.88,170,0.55
DZA,Algeria,1966,27213325104.703,21717357025.428703,1.79594982522896,42.745,17.6334920294868,50.6397695218843,322.5,175.78,0.29
DZA,Algeria,1967,29785790538.944,20760582406.265556,2.24659491499711,42.731,17.8896661150225,45.066186093677,303.25,174.26,0.36
DZA,Algeria,1968,33001535545.8172,21662412832.105705,2.27656997261579,42.806,16.8141794728977,47.3228889614156,315.15,180.95,0.17
DZA,Algeria,1969,35784647535.9227,21861930439.538628,2.27673798425895,42.991,16.7880795086388,51.8595349042921,303.53,180.73,0.58
DZA,Algeria,1970,38956118145.081,23173994438.030968,2.25807557630346,43.328,16.5322400338594,51.2254018061269,326.3,176.7,0.18000000000000002
DZA,Algeria,1971,34541720238.014,21261751611.30736,2.26112204807888,43.782,18.5678076061648,46.1062966825765,291.47,166.99,0.38
DZA,Algeria,1972,44014431054.1008,26000775525.5614,2.30071080498365,44.384,17.4575182943266,46.1764302847485,290.53,163.16,0.58
DZA,Algeria,1973,45692778905.9266,26000775525.5614,2.35693093480566,45.102,15.9786030527409,57.0934265311372,311.8,180.94,0.42
DZA,Algeria,1974,49117415081.8386,26000775525.5614,2.42352107497488,45.953,11.7800780046477,74.2388192371426,314.13,166.25,0.29
DZA,Algeria,1975,51595556464.0315,28213609486.3205,3.53855084053844,46.921,14.3567404666366,76.6545354056848,314.71000000000004,170.56,0.37
DZA,Algeria,1976,55922750141.4526,27262732646.7723,4.55438548106303,48.034,13.7429086264188,70.1732568821597,298.22,159.26,0.37
DZA,Algeria,1977,58863496043.6358,37719065926.0593,3.63134003810176,49.249,14.7080818802228,72.3268842306998,316.56,172.05,0.38
DZA,Algeria,1978,64287670491.7336,45421623474.8864,2.84455905408899,50.615,15.3971601093979,65.7045688895452,316.44,170.43,0.2
DZA,Algeria,1979,69094990985.068,36848346142.4927,2.98067603263398,52.409,15.0642815897623,64.0140492853508,306.18,173.18,0.4
DZA,Algeria,1980,69641260800.9969,44471922733.3758,3.11411291253823,54.512,15.2000000162462,64.6769231605018,303.72,178.21,0.39
DZA,Algeria,1981,71730495900.9514,49864702901.8101,3.24408261021287,57.422,15.0992682724718,65.4649936353318,324.11,188.28,0.15
DZA,Algeria,1982,76321250590.2067,48975232753.8677,3.33411862917228,59.594,16.1849716595944,59.9229312690034,303.58,171.75,0.39
DZA,Algeria,1983,80442600430.4278,51017348278.3723,3.39265358294265,61.251,16.2173732771297,53.7441173561114,329.97,181.13,0.06
DZA,Algeria,1984,84947383262.6758,52253691395.1633,3.41344431204219,62.722,16.0313902477679,53.1763836889134,323.11,174.29,0.27
DZA,Algeria,1985,88090434111.4929,55640135991.0331,3.4040544976165,64.155,16.7181584306133,50.3261206307911,307,180.78,0.2
DZA,Algeria,1986,88442796731.3094,45531467554.181,3.29365380679393,65.273,18.9983304224347,36.026710569926,310.02,176.36,0.35
DZA,Algeria,1987,87823699342.0674,31465694839.3928,3.02312805978541,66.13,19.4315721200527,32.6845844686128,319.48,192.15,0.13
DZA,Algeria,1988,86945457526.5473,33977361638.2179,2.80088866145511,66.91,20.1144484587383,38.111587277742,319.68,190.89,0.32
DZA,Algeria,1989,90771059536.2581,36558005629.3421,2.63992378375919,67.461,18.0014175378966,47.1533197065802,318.7,180.02,0.19
DZA,Algeria,1990,91497228539.1792,32706488383.2496,2.47896733157691,67.658,16.0669306193343,48.3807136815584,311.47,189.4,0.35
DZA,Algeria,1991,90399261260.1306,26925362004.4971,2.38357644702334,67.692,14.7187690708191,52.7175867077307,309.31,173.08,0.39
DZA,Algeria,1992,92026450044.2876,22823000631.8976,2.43525019358237,67.725,16.0179356226305,49.1890842360411,317.76,168.17,0.32
DZA,Algeria,1993,90093893896.7426,20489672761.0421,2.40609915355137,67.797,17.3241859122684,44.9228133698634,325.7,185.55,0.19
DZA,Algeria,1994,89283051957.2347,22997451579.5566,2.21250190534871,67.284,17.8746231496666,48.5844377877809,308.03,178.1,0.31
DZA,Algeria,1995,92675803280.5324,21930734166.3232,2.06869750539347,67.691,16.7637898364963,55.1910052081435,308.48,174.03,0.23
DZA,Algeria,1996,96475509798.6511,17757123640.9478,1.95770195001196,68.219,15.7743188040564,53.7051478767794,304.12,177.29,0.32
DZA,Algeria,1997,97536740345.5047,14460002867.5843,1.86401965879386,68.859,16.5383785645998,52.2439115059386,316.42,177.99,0.24
DZA,Algeria,1998,102511117625.248,21654592548.365,1.59253627896162,69.327,17.7919085156143,45.0944505585079,323.15,185.25,0.2
DZA,Algeria,1999,105791474981.454,19224625317.5504,1.3885288478211,70.088,16.7872347521677,50.9291093379713,313.56,196,0.35
DZA,Algeria,2000,109811551032.426,20203104404.4043,1.3996685583388,70.576,13.5839456347184,62.8583436360347,330.85,185.98,0.1
DZA,Algeria,2001,113105897561.895,29130709870.6119,1.37329134127777,71.025,15.1061980679688,54.5296491177208,330.18,201.13,0.14
DZA,Algeria,2002,119213616030.237,33570354195.0239,1.33039477696898,71.644,15.8283010861494,56.5896052814114,324.65,185.49,0.18
DZA,Algeria,2003,126962501072.943,36472338855.6407,1.32961524189621,71.906,15.1191333175551,57.7691353044878,301.78,197.02,0.37
DZA,Algeria,2004,132675813620.929,40388000952.6959,1.39644042529783,72.536,13.9668642251548,61.3579975707176,305.32,192.8,0.51
DZA,Algeria,2005,139840307556.055,43668013021.6231,1.46330884553002,72.836,12.4253615606667,66.8404602203906,316.34000000000003,203.07,0.25
DZA,Algeria,2006,143895676473.864,45656089375.3445,1.54127363754195,73.116,11.9514452302174,65.9152919677621,307.22,201.78,0.41
DZA,Algeria,2007,148356442446.405,50387475762.4911,1.6690716779345,73.346,12.3881656291708,67.5454733939763,327.98,192.32,0.26
DZA,Algeria,2008,152065353506.518,56441140032.997,1.81885306168943,73.618,13.7657607144016,71.0284922505261,320.45,191.23,0.32
DZA,Algeria,2009,153890137748.132,64525832400.3802,1.91588522187232,73.871,16.3715688126633,64.2847547238993,310.71999999999997,189.11,0.47
DZA,Algeria,2010,161276864361.482,69492491456.7345,1.9470588317966,74.144,16.9633056770368,63.4912159928425,313.54,210.46,0.21
DZA,Algeria,2011,166115170291.39,69102375090.0099,1.9568943735315,74.383,20.1129065782839,62.2200899610479,316.54,188.97,0.4
DZA,Algeria,2012,170101934378.955,76390860299.7095,1.99280790148967,74.609,19.7502925593678,60.7576393340605,312.21999999999997,199.3,0.39
DZA,Algeria,2013,174524584673.849,84546301549.1037,2.01953115835273,74.809,18.535080427414,59.151008157244,324.04,204.91,0.3
DZA,Algeria,2014,181680092643.147,91443841633.6522,2.03786524232338,74.992,18.9932826125176,56.9235419669867,318.87,197.25,0.4
DZA,Algeria,2015,187493855609.345,97083592007.2763,2.05624795728459,75.159,20.5244656437501,53.2046225904145,313.26,194.66,0.28
DZA,Algeria,2016,194806115978.439,97185615582.6087,2.05569111181654,75.31,20.0218426111777,49.7609327925216,321.02,201.12,0.22
DZA,Algeria,2017,197728207716.082,95021648408.3913,2.03200060784518,75.431,18.8290421977276,49.8208161712587,308.17,198.2,0.21
DZA,Algeria,2018,200496402625.853,93700348804.7013,1.93780623340147,75.555,17.4037117605062,52.4361676779223,303.65,195.21,0.35000000000000003
DZA,Algeria,2019,202300870247.92,91191275338.1142,1.84041291439333,75.682,18.2610260787535,46.5068426081672,319.72,190.07,0.28
DZA,Algeria,2020,192185826737.373,81771760194.2719,1.71191216459393,73.257,19.8031597171656,40.3897565625388,328.11,199.6,0.18
DZA,Algeria,2021,199488888151.485,81580316079.292,1.61936460233826,75.208,18.4286289389909,46.8370592599607,327.82,202.77,0.13
DZA,Algeria,2022,206670488126.832,84725863361.9871,1.58758210690673,76.129,16.5400734153236,51.1900893683897,337.91,199.73,0.1
DZA,Algeria,2023,215143978140.155,95246683723.4544,1.49897601193923,76.261,17.9064173126831,43.7397984507007,334.56,211.98,0.19
DZA,Algeria,2024,223104305329.361,106735571127.947,1.39838651912702,76.475,18.0567770044615,40.1345741170703,323.82,207.09,0.17
ECU,Ecuador,1960,10979942382.0563,5213305947.61322,2.8557180282520394,53.396,8.86943258441837,19.9116466253381,54.55,46.73,21.45
ECU,Ecuador,1961,11542600183.1743,5385529830.9691,2.82284107418411,54.052,9.50732324477706,19.1091583948312,52.99,38.29,28.03
ECU,Ecuador,1962,12110397647.342,5154153063.10714,2.85854814538601,54.681,9.28521530730304,21.035889145624,52.14,43.31,24.97
ECU,Ecuador,1963,12365487217.9945,5314336979.06446,2.88930384776305,55.322,8.8453843559511,19.19029713025,65.32000000000001,67.61,21.52
ECU,Ecuador,1964,13281429196.1171,5657214315.38999,2.91997386643345,55.95,9.21130457030793,19.0445120595878,51.27,43.27,32.6
ECU,Ecuador,1965,13716406958.1242,5792271342.95939,2.94734847731739,56.524,9.43361509935018,19.2701382788243,38.8,39.01,31.380000000000003
ECU,Ecuador,1966,13669836239.7136,5661620800.64368,2.96807241544013,57.019,9.1516363314382,21.6000691886193,51.15,46.43,28.9
ECU,Ecuador,1967,14301529480.3009,6476161021.18451,2.98069314167874,57.482,7.48205982513521,22.1387791434791,54.86,41.11,27.51
ECU,Ecuador,1968,14574608375.6098,6528809347.3909,2.98608110533783,57.946,7.19744682466835,24.9603730109499,50.73,50.62,27.62
ECU,Ecuador,1969,15255131525.6245,6758604825.79534,2.98208513289753,58.267,8.23599379555884,20.6053027076117,46.09,55.09,31.25
ECU,Ecuador,1970,16303453382.4831,7031976546.00667,2.9704038425124,58.85,9.69333117101902,22.4512535597798,48.64,53.08,29.14
ECU,Ecuador,1971,17329365500.4189,8290880449.055,2.95593369376174,59.343,8.51251407606524,27.2705147299212,36.48,35.32,34.55
ECU,Ecuador,1972,18198890797.8275,8005688264.84592,2.93720294183039,59.816,9.22724731979676,27.9579897376635,33.91,60.74,35.25
ECU,Ecuador,1973,20737760204.2233,7659607826.00254,2.91316388175144,60.306,10.8068865700572,34.537634740314,40.67,43.37,34.18
ECU,Ecuador,1974,23062154053.8238,7350439414.16339,2.88188959476796,60.7,16.0378502677948,41.404370100132,40.19,24.78,30.27
ECU,Ecuador,1975,25592569112.8408,9893482978.7044,2.84525146887899,61.085,20.9388984508353,35.4050500448307,42.39,26.68,37.01
ECU,Ecuador,1976,27485699466.5657,10338055135.5062,2.80728611959131,61.425,20.1909070041417,34.0139042731574,37.72,38.06,38.5
ECU,Ecuador,1977,27926801545.6376,11281496456.1589,2.77375986218427,61.935,20.9127959640183,34.4422102372902,53.43,70.27,29.84
ECU,Ecuador,1978,29520535222.701,12325338767.9285,2.74338363033623,62.397,19.7792072645085,33.2958288169454,52.62,64.58,26.12
ECU,Ecuador,1979,30622846296.7579,11902656361.2336,2.71233090931431,62.854,18.8371761298458,36.0795817670218,51.38,62.73,26.66
ECU,Ecuador,1980,31758550581.5091,12184099492.7652,2.69344759350732,63.326,18.2915482917391,35.0250095913135,49.48,62.69,28.63
ECU,Ecuador,1981,33541114872.2049,12019182802.6853,2.67080267217831,63.809,15.8728599847562,29.915273689661,49.2,61.21,27.44
ECU,Ecuador,1982,33747340858.0018,12022198723.9633,2.64029049617276,64.271,17.3340009939609,32.4129455881689,35.45,48.21,37.79
ECU,Ecuador,1983,33633656605.9448,10174627296.4185,2.62589854693154,64.659,15.3875223901456,30.8760173448129,27.32,56.97,48.68
ECU,Ecuador,1984,34516632001.893,10224900758.6424,2.61653103411211,65.202,16.1990825114964,33.05830053321,37.54,31.15,30.45
ECU,Ecuador,1985,35874861958.723,11026823100.5131,2.57136785226468,65.625,14.7619893828051,35.7173093974088,58.07,35.7,24.57
ECU,Ecuador,1986,37117847903.4178,11590628384.3892,2.49089727253855,66.123,15.6142860138724,33.1106044808965,39.43,26.82,34.16
ECU,Ecuador,1987,37021676038.7371,12242043053.2378,2.41448752025665,66.587,15.2809072436712,37.7307228547875,38.89,53.15,38.52
ECU,Ecuador,1988,39202425756.3364,11144219920.5423,2.33984250758108,67.038,16.2754500932496,42.6623014756666,43.35,39.86,28.54
ECU,Ecuador,1989,39596715108.4606,11326471208.3305,2.28171532830541,67.817,13.6809114264663,45.1129811864879,47.42,31.83,31.49
ECU,Ecuador,1990,41053840192.2984,11122351016.3191,2.23823125724436,68.445,12.3019782138532,44.5949122940278,46.4,42.56,28.81
ECU,Ecuador,1991,42815601069.5925,11257410828.4923,2.16013714348183,69.04,11.3385886406281,45.196639984556,42.52,50.16,31.59
ECU,Ecuador,1992,43720855882.7784,11806513486.3393,2.10568663668025,69.468,9.93883890969136,44.8065436522069,40.45,53.77,37.53
ECU,Ecuador,1993,44583563740.6155,10763223603.7359,2.02997298367132,70.07,10.6039500354161,43.1712184234683,38.78,40.91,35.839999999999996
ECU,Ecuador,1994,46482043534.1577,11596649760.9424,1.93487740447413,70.876,10.9567918572233,43.7777474951998,42.19,39.93,36.44
ECU,Ecuador,1995,47529074179.3251,11287106165.1544,1.90154880558548,71.349,11.2136981674703,45.9112707318244,42.63,38.85,34.43
ECU,Ecuador,1996,48352157793.1227,10747211028.1196,1.88400623342994,71.82,10.8754339888743,44.2157026832153,45.79,22.89,28
ECU,Ecuador,1997,50444773789.827,11956843885.4369,1.84701407802257,72.007,11.2693127590151,45.0171863180765,26.54,28.26,49.58
ECU,Ecuador,1998,52092567129.0487,13261853506.0295,1.81253773221791,71.949,11.0929970945984,43.395107949805,31.03,30.33,49.82
ECU,Ecuador,1999,49623699371.7399,9264652997.46352,1.77669252856716,71.92,11.7675327023318,49.2012507989376,32.19,14.22,36.53
ECU,Ecuador,2000,50165491738.8835,3387148925.5094,1.73622001498213,72.09,9.52692379105551,65.4042953826391,38.85,16.49,34.28
ECU,Ecuador,2001,52275588700.0666,7328643888.9964,1.73078123060297,72.571,9.79192984147787,56.128486744205,37.7,20.75,33.99
ECU,Ecuador,2002,54851779632.3615,8757290578.01267,1.74851970226664,73.164,10.2548968649855,54.7966439366136,36.73,20.51,34.42
ECU,Ecuador,2003,56433979416.1321,7513182074.00874,1.76411317879339,73.632,11.0932566640599,52.3575426975979,37.73,20.56,31.79
ECU,Ecuador,2004,60289773139.5514,10049960385.0321,1.75235156486952,73.868,11.2444976831475,56.0745467239942,44.94,44.99,29.05
ECU,Ecuador,2005,63544590361.2542,12172891374.3914,1.72987869573938,73.909,11.0374603802606,61.9581507902572,51.67,62.64,26.34
ECU,Ecuador,2006,66303144898.6572,13189325951.155,1.7182541754606,74.01,10.8776036608888,65.8423556166562,44.83,59.65,32.660000000000004
ECU,Ecuador,2007,67564514887.9228,13733075478.8272,1.70789173160639,74.226,11.1822498970636,68.8505854462677,42.23,48.32,29.99
ECU,Ecuador,2008,72000071699.6601,17097739778.0746,1.70519778784789,74.709,12.0058038479189,74.5902963648439,36.43,52.31,34.17
ECU,Ecuador,2009,72785601820.191,15855002818.3858,1.7057702083506,74.901,14.3981565314825,57.3473460627608,39.96,65.08,31.8
ECU,Ecuador,2010,75718234074.2169,17791475328.1966,1.6770880531316401,75.188,13.6565759414611,65.7773849135062,43.58,75.2,33.29
ECU,Ecuador,2011,82140258351.3877,20020448819.7863,1.6415369766541,75.179,13.0638269394594,70.0356837525249,44.620000000000005,68.42,31.47
ECU,Ecuador,2012,86890603905.3287,20553218264.0609,1.59213440589397,75.486,13.7469463742699,67.0029290916898,39.2,59.31,38.85
ECU,Ecuador,2013,93156490881.1886,24158886594.0077,1.49740896116979,75.832,14.2480971433732,63.4333003342414,41.55,52.62,33.089999999999996
ECU,Ecuador,2014,97093344927.4784,25332050637.8393,1.43205886583809,76.141,14.7396467646102,61.4263766217565,36.94,48.63,34.91
ECU,Ecuador,2015,97209558000,22053384000,1.43093059839379,76.222,15.3738143732739,47.8280397077826,34.56,70.43,39.14
ECU,Ecuador,2016,96540800718.3398,23476573991.8983,1.45809147770557,76.094,15.6897053000134,40.5344917996647,44.38,80.41,37.5
ECU,Ecuador,2017,102304671535.156,27045465015.7805,1.52946083980042,76.22,15.2975347755569,43.6177233172817,38.1,69.93,45.92
ECU,Ecuador,2018,103373033702.498,26748790882.4208,1.71572391035149,77.248,15.5567599876593,48.0093476154836,46.79,64.58,40.58
ECU,Ecuador,2019,103544017315.435,24806358636.054,1.68935479627168,77.286,15.184077301137,48.0828494933307,38.09,64.87,46.3
ECU,Ecuador,2020,93971273313.9152,18418567537.8369,1.18125258230486,72.004,16.3225877996763,43.9893109378389,53.58,80.17,33.15
ECU,Ecuador,2021,102825145845.295,22617348182.9492,0.774314023514489,72.746,14.4433893877456,53.261275610573,41.78,62.41,40.69
ECU,Ecuador,2022,108859360917.986,25038597348.0811,0.796723652034201,76.577,13.5357543693328,61.880792818786,52.64,66.58,34.04
ECU,Ecuador,2023,111023744250.546,23893367009.1656,0.872456027022398,77.392,13.5836201122079,56.9977535649091,39.66,89.06,43.12
ECU,Ecuador,2024,108801876280.216,22600541962.144,0.860548498593581,77.579,13.2902251212758,57.2031395531255,67.4,99.01,31.41
EGY,"Egypt, Arab Rep.",1960,20297834751.3631,1955351084.70999,2.5345674253224377,44.436,15.5720917531404,41.691698525396,355.79,188.18,0.02
EGY,"Egypt, Arab Rep.",1961,21345429171.5246,2151664528.39475,2.58529225783425,45.146,16.3493483260925,37.3881932021467,352.61,153.96,0.02
EGY,"Egypt, Arab Rep.",1962,22172696194.241,2469917159.58725,2.63205215522906,45.844,15.1381486246401,34.5708509465172,356.96,193.22,0
EGY,"Egypt, Arab Rep.",1963,24504840915.7186,2782980889.15864,2.62898893480294,46.493,17.4787146388355,41.3457841252403,336.87,181.64,0.36
EGY,"Egypt, Arab Rep.",1964,27324754468.9833,3218848623.22363,2.60249703249022,47.075,19.6239316239316,43.2722832722833,335.85,165.28,0.41
EGY,"Egypt, Arab Rep.",1965,28667504459.839,3032048165.84421,2.54692638043565,47.577,19.0377400132421,37.2632972853675,345.15999999999997,163.4,0.24
EGY,"Egypt, Arab Rep.",1966,30114182469.1763,3005238840.94889,2.50632298668899,47.988,19.7071933914039,36.8175683965158,307.47,174.61,1.27
EGY,"Egypt, Arab Rep.",1967,30356681177.7517,2620395305.81499,2.48372193600409,48.13,19.2677923307559,35.939719109989,316.36,159.59,0.42
EGY,"Egypt, Arab Rep.",1968,29868912347.0062,2399002171.10861,2.46032180928797,48.602,22.1504529342261,29.26348956282,352.96999999999997,168.52,0
EGY,"Egypt, Arab Rep.",1969,31445846805.4795,2114477400.30624,2.43477617367652,48.7,23.9219179098939,29.9858977213687,335.16,183.63,0.01
EGY,"Egypt, Arab Rep.",1970,33206347267.8732,1972594508.92439,2.3742411895118,49,22.2982258870565,30.6627936031984,355.89,169.9,0
EGY,"Egypt, Arab Rep.",1971,34553643778.9215,1791579953.9758,2.31071806354681,49.48,24.3327309891282,31.0246763634209,344.1,167.44,0.09
EGY,"Egypt, Arab Rep.",1972,35609492777.1548,1624067650.27605,2.30151178035637,49.908,25.7457396235857,30.0853465291485,343.48,176.73,0.05
EGY,"Egypt, Arab Rep.",1973,36858257210.5676,1809301658.62044,2.30029426366805,50.098,24.3807855891919,31.6962722041531,355.39,175.92,0
EGY,"Egypt, Arab Rep.",1974,37432854799.0814,2533359878.31676,2.31155686409287,51.044,25.1536504648911,51.6648281140953,345.47,183.74,0
EGY,"Egypt, Arab Rep.",1975,40779032775.352,4153229935.76475,2.35721779159737,51.734,25.3288357893943,53.7142426412392,348.16,165.82,0.11
EGY,"Egypt, Arab Rep.",1976,46194361685.8081,3903155297.66989,2.33954908535335,52.484,23.4376398293709,45.0854637114817,352.74,175.54,0
EGY,"Egypt, Arab Rep.",1977,50353260517.1242,4574344766.60998,2.36728363479195,53.272,20.6677304230259,52.9519238967588,352.94,162.32,0.01
EGY,"Egypt, Arab Rep.",1978,54698126368.7941,6443720559.10631,2.45451009876174,54.075,18.8396896558783,53.8393825871563,353.39,170.93,0.01
EGY,"Egypt, Arab Rep.",1979,57185627388.5953,8121845060.35202,2.50000313172668,54.876,16.2044964485033,69.4642630644343,351.38,184.25,0.01
EGY,"Egypt, Arab Rep.",1980,62910668708.9069,7945719969.55058,2.60887795832063,55.673,15.6695152898698,73.3830375629879,352.51,175.78,0.02
EGY,"Egypt, Arab Rep.",1981,67533693105.5217,9642503987.22549,2.68667729012378,56.454,17.3393078439871,74.459577429536,357.54,172.65,0
EGY,"Egypt, Arab Rep.",1982,74224371654.5814,11615831334.7587,2.75346819227803,57.219,15.9605450659067,64.2019950124688,347.17,169.69,0
EGY,"Egypt, Arab Rep.",1983,78005663121.456,13311477388.7371,2.92776460855633,57.967,15.7894736842105,57.1428571428571,352.29,160.1,0
EGY,"Egypt, Arab Rep.",1984,85607909950.971,14566781733.9777,3.01141121345053,58.697,15.506329113924,52.5316455696203,353.52,174.48000000000002,0
EGY,"Egypt, Arab Rep.",1985,90565897013.6982,15530466904.1907,2.97601428293392,59.405,15.2815013404826,46.112600536193,336.17,170.48,0.24
EGY,"Egypt, Arab Rep.",1986,94862819134.7284,16394052436.4878,2.85877044849154,60.085,14.7392290249433,36.0544217687075,354.3,162.47,0
EGY,"Egypt, Arab Rep.",1987,98498676314.0616,17016605663.376,2.77337359061845,60.736,14.368932038835,35.3398058252427,348.88,163.46,0
EGY,"Egypt, Arab Rep.",1988,103878004711.411,17265177485.8058,2.78029406933467,61.358,13.9610397727273,52.5974025974026,341.64,175.44,0.04
EGY,"Egypt, Arab Rep.",1989,108989704831.615,15355836827.782,2.7222124629574602,61.949,12.5974022077922,50.1298701298701,354.37,179.09,0
EGY,"Egypt, Arab Rep.",1990,115166183182.723,15089000983.7837,2.92960944817985,62.513,11.3778705636743,52.9227557411273,354.74,179.89,0
EGY,"Egypt, Arab Rep.",1991,116462268700.386,14523844046.9933,2.7569751613283,63.059,11.1111111111111,62.8444444444444,344.48,184.64,0.06
EGY,"Egypt, Arab Rep.",1992,121671461981.942,14635599660.0306,2.3894924999556,63.585,10.4241552839684,59.3098490294752,352.75,168.18,0.02
EGY,"Egypt, Arab Rep.",1993,125200896556.846,12339906111.828,2.30727793019304,64.147,10.3092783505155,55.9278350515464,348.51,188.27,0
EGY,"Egypt, Arab Rep.",1994,130175343748.386,14211569638.1928,2.15400517051219,64.663,10.2857142857143,50.6285714285714,343.27,184.74,0.05
EGY,"Egypt, Arab Rep.",1995,136218680413.743,16081437670.8949,2.10420542038277,65.214,10.5392156862745,50.2450980392157,352.43,174.74,0
EGY,"Egypt, Arab Rep.",1996,143014263358.949,20616558608.3282,2.07336196347662,65.733,10.3748910200523,46.9485614646905,347.54,177.97,0.01
EGY,"Egypt, Arab Rep.",1997,150869114035.753,25325492136.757,2.07255934283796,66.207,11.320045129748,43.7382474614517,345.77,172.12,0
EGY,"Egypt, Arab Rep.",1998,159280817658.228,19787609292.5198,2.18480759530922,66.635,11.3082811412665,41.9276270006959,351.01,185.53,0
EGY,"Egypt, Arab Rep.",1999,168922784450.9,22374502254.3103,2.23056416641405,67.01,11.6059817945384,38.3615084525358,353.65999999999997,186.38,0
EGY,"Egypt, Arab Rep.",2000,179683172290.026,24393420809.2162,2.16091978529782,67.332,11.2025874742723,39.0179359012055,351.65,175.13,0
EGY,"Egypt, Arab Rep.",2001,186035425185.202,23898745848.7015,2.12380362345226,67.612,11.318650683022,39.8104265402844,358.11,180.22,0.01
EGY,"Egypt, Arab Rep.",2002,190482051407.276,25722498590.6321,2.10372359745955,67.846,12.5890736342043,40.9870678279229,353.99,181.59,0
EGY,"Egypt, Arab Rep.",2003,196565009501.834,24138415099.7134,2.09545323003183,68.045,12.6706586826347,46.1796407185629,356.27,186.15,0
EGY,"Egypt, Arab Rep.",2004,204608590453.316,25647066043.4455,2.06437734857129,68.211,12.7549969091284,57.8199052132701,352.94,189.94,0
EGY,"Egypt, Arab Rep.",2005,213758163785.626,28287205194.9767,2.02220952721924,68.355,12.7390900649954,62.9526462395543,352.11,185.04,0
EGY,"Egypt, Arab Rep.",2006,228387426641.133,32058832554.3069,1.95291342300488,68.493,12.2875182127246,61.5185365063947,354.14,181.87,0
EGY,"Egypt, Arab Rep.",2007,244575133305.99,39677519820.1538,1.88753217077119,68.627,11.3319011815252,65.077873254565,352.43,189.2,0
EGY,"Egypt, Arab Rep.",2008,262077623377.432,45809267892.8114,1.86740413264217,68.761,10.8877721943049,71.6806253489671,351.42,186.72,0.02
EGY,"Egypt, Arab Rep.",2009,274326082658.196,41644788993.4648,1.88836522446639,68.915,11.3509882939935,56.5534446363462,358.7,182.69,0
EGY,"Egypt, Arab Rep.",2010,288446290408.139,44966152532.8208,1.91795124102801,69.078,11.163600198906,47.9363500745898,355.79,214.25,0.06
EGY,"Egypt, Arab Rep.",2011,293536132736.607,43969743471.0141,2.1044607622412,69.232,11.4506600539713,45.2556341623514,349.27,171.36,0.01
EGY,"Egypt, Arab Rep.",2012,300070833532.511,46524638501.2879,2.24475795490011,69.464,11.1781214545889,40.7117692721084,354.79,198.36,0
EGY,"Egypt, Arab Rep.",2013,306628779736.183,42607139134.1901,2.30526364315625,69.632,11.3523973339067,40.373038056332,355.65999999999997,191.15,0
EGY,"Egypt, Arab Rep.",2014,315569804751.572,43335169990.0223,2.27643956620182,69.911,11.849765258216,36.9201877934272,348.65999999999997,186.37,0.05
EGY,"Egypt, Arab Rep.",2015,329366576819.407,47061994609.1644,2.09892554805563,70.135,11.7598919759401,34.8459429600229,342.78,186.01,0.03
EGY,"Egypt, Arab Rep.",2016,343682967575.512,52348885347.9473,2.03468294927084,70.437,11.4268841809995,30.2465490514505,354.6,199.91,0.01
EGY,"Egypt, Arab Rep.",2017,358053111989.023,58277136602.5821,1.99817843887244,70.709,9.57903662572827,42.8321343581608,351.39,177.29,0
EGY,"Egypt, Arab Rep.",2018,377141312302.669,57885729348.4255,1.89713831833082,70.974,7.94222279370794,45.9110196733959,345.82,203.26,0.02
EGY,"Egypt, Arab Rep.",2019,398080548973.052,64794918269.6254,1.75497438173801,71.213,7.2855611150822,41.1240171551108,343.75,187.16,0.03
EGY,"Egypt, Arab Rep.",2020,412213064649.087,52627257977.3645,1.62495386951696,69.79,7.5399018301206,32.1262555667523,342.61,183,0.29000000000000004
EGY,"Egypt, Arab Rep.",2021,425777537421.996,51614704428.5681,1.4908053906311,68.976,7.55804355330102,29.8569734808122,352.88,192.93,0
EGY,"Egypt, Arab Rep.",2022,453827104224.605,59859783325.9112,1.48609697540294,71.01,7.26809053235575,36.9831048772713,349.53,179.57999999999998,0
EGY,"Egypt, Arab Rep.",2023,470892276431.916,49696074931.7608,1.68834126904494,71.633,6.78850660732221,40.4504007720031,348.64,190.34,0
EGY,"Egypt, Arab Rep.",2024,482189779212.632,46643502754.8339,1.73324205302065,71.806,6.27031988169153,39.6007520873733,353.34,186.18,0
ESP,Spain,1960,191405167019.617,71340506360.17807,1.2535504619630293,69.1092682926829,12.305789310361323,33.603628176230345,132.07999999999998,23.75,7.11
ESP,Spain,1961,214065001135.145,85100933550.67372,0.92901553460921,69.4804878048781,12.525439098258955,32.91920582587792,165.62,28.17,5.07
ESP,Spain,1962,235371828523.358,84103191572.84105,0.920032286529714,69.5190243902439,12.634029156523512,33.049146095378724,157.19,37.47,4.81
ESP,Spain,1963,257959283397.781,95957947372.71431,0.877043251659206,69.6812195121951,12.385193320890398,32.701527103342436,150.93,21.83,6.25
ESP,Spain,1964,271653078386.353,86926635097.86723,0.993696426233108,70.399756097561,13.081570822793237,33.6202572042029,163.12,36.32,3.67
ESP,Spain,1965,288639911835.098,91919161140.69354,1.08584474209375,70.8092682926829,11.05347640627841,30.754001656966032,156.39,29.14,5.3
ESP,Spain,1966,309554933923.978,93780631070.6099,1.02402785233795,71.0551219512195,11.614605869132836,31.69706832787604,157.18,28.08,6.67
ESP,Spain,1967,322990665643.033,88854477544.99129,1.23066581815604,71.2529268292683,10.69296531507441,29.41042903704793,144.57,31.53,4.62
ESP,Spain,1968,344298424898.018,89067992363.65715,1.30765578581186,71.5378048780488,10.631719329376965,29.606518458749182,150.96,30.43,4.35
ESP,Spain,1969,374965139160.237,107294276999.11192,0.985430559578259,71.0575609756098,11.90860498169616,31.420268108436915,131.55,26.73,6.55
ESP,Spain,1970,390882299704.606,87533731927.7591,1.11063144876766,72.0273170731707,9.87704424567708,25.8528842334683,158.97,34.83,4.6899999999999995
ESP,Spain,1971,409056269215.41,85563105518.1612,1.20508483293956,71.630243902439,10.049530314213,25.9266965745753,115.74,21.16,5.17
ESP,Spain,1972,442393315595.884,97934351087.2655,1.10413658971046,72.8180487804878,9.93255875234678,27.2143538211121,105.93,16.21,7.13
ESP,Spain,1973,476848965657.545,109723478429.19,1.1049376041377,72.6107317073171,9.91915629316991,28.141361461061,148.17,30.61,4.3500000000000005
ESP,Spain,1974,503642086898.715,120691373013.156,1.09260761038069,72.969756097561,10.3269007674831,31.7321293898947,150.32,28.49,4.51
ESP,Spain,1975,506372851132.131,115183514059.027,1.08129360308283,73.3187804878049,10.9062755845393,29.1198999357995,139.42000000000002,26.950000000000003,4.4
ESP,Spain,1976,523102353883.318,114027523257.731,1.05685172472306,73.6426829268293,11.7813226640236,30.1123441469801,138.89,23.47,4.03
ESP,Spain,1977,537951003182.771,109774598760.298,1.02913180859153,74.1319512195122,11.9957818536788,29.1985265451841,122.14,15.31,4.93
ESP,Spain,1978,545821244290.082,103753882764.974,0.96287655038845,74.2956097560976,12.4374194353449,27.7598226101619,167.63,30.97,3.75
ESP,Spain,1979,546048014004.367,101488074937.924,0.88158450134584,74.8187804878049,12.9610987079757,27.8704940660692,137.12,27.42,6.25
ESP,Spain,1980,558108729943.213,104141411733.51,0.802963561910836,75.3492682926829,13.6149850170981,31.5983694308493,138.82,35.87,3.97
ESP,Spain,1981,557369411137.954,95184754027.6859,0.710878010512537,75.5285365853659,14.551506258637,35.4228067524618,163.54,35.83,4.15
ESP,Spain,1982,564316807889.356,96576062679.7488,0.600390137240396,76.1341463414634,14.726289386147,36.5726058076023,150.05,32.82,4.72
ESP,Spain,1983,574305868927.187,94443603830.0179,0.487183210573659,75.9090243902439,15.1657588946148,39.817262967199,170.64,34.27,4.23
ESP,Spain,1984,584555434060.426,92812414411.9215,0.415255702373565,76.2953658536586,14.9280169581631,41.5938348404492,152.99,31.32,4.6499999999999995
ESP,Spain,1985,598125512978.773,97583562733.3627,0.362365564916491,76.259512195122,15.1968080535645,40.9180792623493,157.68,42.5,4.07
ESP,Spain,1986,617584460036.694,109360889216.079,0.298782366814399,76.5104878048781,15.0014802078968,35.3920090023813,138.47,36.46,3.67
ESP,Spain,1987,651842628032.117,123467542651.448,0.259329063201825,76.7280487804878,15.4982145235336,36.3648005439518,138.53,37.31,5.39
ESP,Spain,1988,685049604314.94,141787828291.228,0.212064999269184,76.7470731707317,15.3460781090367,36.7581428262889,163.29,34.03,3.97
ESP,Spain,1989,718117156374.292,158152671105.431,0.156776197618463,76.8136585365854,15.8464693418135,37.4285579561832,140.81,39.26,5.9
ESP,Spain,1990,745271992216.377,168027493987.735,0.101828842607043,76.8375609756098,16.2604876033915,35.652904977259,149.65,39.62,2.74
ESP,Spain,1991,764246620838.292,170459389839.808,0.254527424551043,76.9712195121951,16.9330359384278,35.5206586037759,156.12,45.83,3.83
ESP,Spain,1992,771348118766.823,164227449022.598,0.48975790543999,77.41,17.8184496597917,36.020774482446,164.37,33.14,5.0200000000000005
ESP,Spain,1993,763391725887.252,145258657613.197,0.518543520866421,77.5465853658537,18.3582972876489,36.9951619593819,161.16,31.04,3.53
ESP,Spain,1994,781584842222.945,150297811611.382,0.476100555169168,77.9014634146342,17.7745679967686,41.6958801099563,176.51,47.41,3.74
ESP,Spain,1995,803136997375.095,161711180529.077,0.441365749537872,77.9807317073171,17.6263799295614,44.8306279725111,159.03,33.48,4.16
ESP,Spain,1996,824078081163.909,165200530164.856,0.416515798212804,78.1204878048781,17.4964106465745,46.2977506718533,127.17,31.76,7.04
ESP,Spain,1997,853640231891.445,174178967559.015,0.41911951720212,78.6041463414634,17.0163650762759,51.2271398594527,138.92,26.19,6.68
ESP,Spain,1998,890363642200.019,194391689116.06,0.413847481113965,78.6658536585366,16.8709354002005,52.730313072059,176.52,42.31,2.86
ESP,Spain,1999,929618577227.575,214857383294.993,0.405323025522848,78.7170731707317,16.8040897651711,54.6969131882495,146.37,40.8,4.16
ESP,Spain,2000,977964704474.031,230280350498.791,0.447137014535835,78.9658536585366,16.7050924303047,60.1216241049216,158.53,43.79,4.24
ESP,Spain,2001,1016292009754.12,239006860612.476,0.694068084334464,79.3682926829268,16.5454991597214,58.0138895625701,157.4,45.15,5.27
ESP,Spain,2002,1044295490089.67,248026066321.733,1.41259540475782,79.5682926829268,16.6200729849122,55.1021415309759,153.43,36.08,4.3
ESP,Spain,2003,1074990358774.14,262739246706.27,1.80845446818345,79.619512195122,16.7678896899523,53.4357897202258,143.55,54.93,5.75
ESP,Spain,2004,1108471271904.22,275211215101.859,1.7254663034483,79.8707317073171,17.1564974030851,54.4795182656074,171.55,44.55,3.72
ESP,Spain,2005,1147835587310.16,293135684306.382,1.68934904712031,80.1707317073171,17.3173354365051,54.6991667043772,172.71,50.21,2.46
ESP,Spain,2006,1194247574981.13,315532124074.674,1.69035255626114,80.8219512195122,17.3404140994412,56.0839263823216,139.04,51.36,5.2299999999999995
ESP,Spain,2007,1236446314615.43,328498538958.496,1.85108130845179,80.8731707317073,17.6727382067132,57.6269487657546,160.98000000000002,34.6,3.79
ESP,Spain,2008,1245931907237.16,314994818588.518,1.59533049906372,81.1756097560976,18.774181253326,55.8281315172523,144.97,37.93,4.65
ESP,Spain,2009,1198983535018.34,257144579465.201,0.88573598057307,81.4756097560976,20.5691572148855,46.8366899971109,165.17,52.2,4.7
ESP,Spain,2010,1200112046037.65,247180385118.813,0.460408305051304,81.6268292682927,20.5479299444365,52.6933699734019,130.11,44.07,6.29
ESP,Spain,2011,1192432281393.69,229219328964.844,0.355338396471428,82.4756097560976,20.5764066286762,58.5118228859632,171.54,47.92,3.6
ESP,Spain,2012,1158267740898.69,205710645933.38,0.0649259625617232,82.4268292682927,19.8836059940307,60.5540346961864,166.18,55.27,4.37
ESP,Spain,2013,1141735527746.35,198053520084.944,-0.361668780017733,83.0780487804878,19.8099355336898,61.6687726441327,154.67,45.86,5.65
ESP,Spain,2014,1159095455877.44,210490992213.912,-0.308309722343882,83.2292682926829,19.5517778062253,63.39926213895,150.28,40.08,4.98
ESP,Spain,2015,1206164777553.12,233675619407.422,-0.0827492378541321,82.8317073170732,19.3555953756375,63.5820412248232,167.16,54.58,3.73
ESP,Spain,2016,1241326362266.48,236096630119.364,0.0771658726133905,83.3292682926829,18.9554100877408,63.1886778507294,139.37,56.5,5.34
ESP,Spain,2017,1277275696051.09,248835160575.206,0.243134086570712,83.2829268292683,18.5432948383965,66.167446137857,180.28,60.029999999999994,3.77
ESP,Spain,2018,1307871701701.25,269589368984.058,0.451573724507016,83.4317073170732,18.5844642639135,67.0094103982921,130.93,48.91,5.86
ESP,Spain,2019,1333521400432.69,276464579455.753,0.716697775475724,83.8317073170732,18.7386237646665,66.3662250440692,164.4,51.56,5.09
ESP,Spain,2020,1187633217292.02,243479876517.658,0.510010189620998,82.2317073170732,21.8157054375876,59.4461280147076,148.29,51.92,4.42
ESP,Spain,2021,1267004457826.92,269048927473.664,0.178046695121711,83.1780487804878,21.0051364901244,66.524588943191,152.23,45.07,4.97
ESP,Spain,2022,1347716659731.45,283640848254.321,0.718854879160094,83.1341463414634,19.9317083168891,78.4657338703054,151.25,66.83,4.36
ESP,Spain,2023,1380882052539.27,279660188154.547,1.17836618688432,83.9341463414634,19.470863508931,71.7976366055733,180.42,57.56,4.59
ESP,Spain,2024,1428595035672.37,292685142157.484,1.02121260938381,83.8878048780488,18.387560497621134,69.9502612382631,151.18,52.47,6.09
FRA,France,1960,510927948958.609,122608049248.021,1.0006303535049355,69.8682926829268,14.8219627520988,28.4417854117748,84.51,1.36,6.8
FRA,France,1961,536200619107.149,127262423052.493,1.03446883809664,70.1170731707317,15.1959087177154,27.9140988990336,135.68,8.16,4.76
FRA,France,1962,572963952580.446,139221416759.577,1.00427968918453,70.3146341463415,15.523791013658,26.338498506988,116.93,6.82,5.08
FRA,France,1963,607933884141.28,148506636833.619,1.00353599767787,70.5146341463415,15.910048127659,26.3902362845637,103.99,1.89,5.16
FRA,France,1964,647952997536.6,167685969584.956,1.06620875015002,70.6634146341463,15.9366969254377,27.2967488057432,114.78,7.83,4.5600000000000005
FRA,France,1965,679305823933.8,172868196705.799,0.959388414203965,70.8121951219512,15.9603597531436,27.2492470038124,80.61,1.79,7.18
FRA,France,1966,714382070500.882,187906055913.52,0.866189192765792,70.9609756097561,16.0460047866955,27.9096678363966,82.8,2.36,6.29
FRA,France,1967,748685060225.257,198624050579.66,0.813893398089106,71.1609756097561,16.2737372214484,27.9884877710696,99.08,4.93,5.02
FRA,France,1968,782705445711.669,209786558805.208,0.766314047828995,71.309756097561,16.7217209984103,28.3406280322894,92.27,3.11,6.36
FRA,France,1969,838227806923.227,233460068990.043,0.824238754775053,71.4585365853659,16.8949492918091,30.4363166891717,90.3,4.09,6.14
FRA,France,1970,890199392705.707,245698256111.293,0.910071021991229,71.6585365853659,17.12982783585,32.8978319535508,84.32,3.4299999999999997,5.55
FRA,France,1971,937321618883.858,252292239893.054,0.942308081213309,71.9073170731707,17.4946016739842,33.4786065274459,101.82,5.24,6.3100000000000005
FRA,France,1972,979633325317.947,265047509948.031,0.877674176847892,72.1073170731707,17.5547837655959,33.9689642458417,94.46,1.44,6.72
FRA,France,1973,1040317535197.25,288273474135.626,0.808254039339957,72.3560975609756,17.7657210210453,35.9979665469989,106.36,8.02,5.03
FRA,France,1974,1086244576613.68,296779985087.835,0.661593218642967,72.6048780487805,18.2065600151275,44.2144498621351,83.43,4.04,6.03
FRA,France,1975,1075972943434.03,252707579309.184,0.475700887805125,72.8536585365854,19.7698547282357,38.3696751774209,103.71,7.29,4.78
FRA,France,1976,1122643877509.26,276177079624.716,0.424132385282009,73.1024390243903,20.0911701403887,41.3695542154604,119.8,13.24,5.87
FRA,France,1977,1162544388757.55,279015859702.535,0.467415655328551,73.3512195121951,20.3548978109107,42.361582746312,87.63,0.15000000000000002,6.37
FRA,France,1978,1208457476980.2,280378783657.681,0.453327774115543,73.6024390243903,20.7519763235168,41.1188563628231,106.94,2.17,5.18
FRA,France,1979,1253113736480.6,295544214387.98,0.448113600779868,73.8512195121951,20.6522031196688,42.6375432012829,88.25,1.84,6.59
FRA,France,1980,1274121102725.16,304081467985.794,0.533919142662461,74.0512195121951,21.2509306222379,45.2426904107299,81.5,2.33,5.31
FRA,France,1981,1289261671631.73,280697085063.194,0.593754110995282,74.3,21.9803625688911,47.3463750243705,90.85,3.28,8.49
FRA,France,1982,1320752051528.69,290385410235.217,0.365202345952973,74.5,22.4597013935932,47.1430337256332,96.99,5.82,7.39
FRA,France,1983,1337420703409.51,271576557733.464,0.538875770120835,74.8,22.6182749465078,46.9844451630132,117.77,10.33,5.95
FRA,France,1984,1358946108004.79,269766296914.722,0.488491581974165,75,22.7730618029772,49.4016956923205,103.69,5,5.82
FRA,France,1985,1380268983033.81,275670035105.881,0.499845780185524,75.3,22.8282833942538,48.8838798836634,113.95,4.54,3.98
FRA,France,1986,1413251000995.92,294734762620.542,0.511141505762455,75.6,22.4962737111015,42.5039101426742,89.34,6.28,6.44
FRA,France,1987,1449327712381.84,309626228277.765,0.543092054847426,75.8,22.3337328835311,42.0234951539124,93.97,7.25,6.63
FRA,France,1988,1519101594974.65,339545932995.104,0.578107856832589,76.1,21.8693616502998,43.2246223742353,98.76,3.57,5.6
FRA,France,1989,1586020591645.5,367855308656.955,0.596976456799538,76.3487804878049,21.3132285046722,46.0051158705752,119.45,7.12,3.88
FRA,France,1990,1630899060963.07,382691772165.918,0.547228307056949,76.6,21.3629677651223,44.5862869486888,115.05,12.19,5.0600000000000005
FRA,France,1991,1651067777785.17,371266382950.403,0.502041652701803,76.8487804878049,21.8324524649692,44.9537001550562,122.21,8.23,4.04
FRA,France,1992,1676098974378.87,359361868557.469,0.498024782624795,77.1,22.4482751517868,43.963354493583,107.08,7.89,6.32
FRA,France,1993,1670081815758.79,323048634655.73,0.43494888453875,77.3,23.5592092126581,41.7256163123108,113.45,4.08,7.07
FRA,France,1994,1709890902349.41,345052421830.302,0.374521801846337,77.6487804878049,23.3227822524955,43.7513491504061,89.62,12.55,6.99
FRA,France,1995,1749300344479.7,358148161457.01,0.364159563395629,77.7512195121951,23.2620235385924,45.4316616938638,101.81,10.98,5.61
FRA,France,1996,1773739467493.06,344999824718.944,0.357448008376034,77.9536585365854,23.5693022234551,46.1124801589641,105.07,4.98,6.73
FRA,France,1997,1818562957062.05,351784956650.928,0.356761847855923,78.3048780487805,23.4573330897567,49.803453474736,112.28,6.54,5.01
FRA,France,1998,1881350558837.76,388527960190.204,0.37054023067343,78.6048780487805,22.7089061303217,51.4214328030771,117.23,9.51,4.56
FRA,France,1999,1945303460549.75,415506618478.019,0.515860143523548,78.7560975609756,22.7259043484992,51.6706614638734,86.09,5.63,7.29
FRA,France,2000,2025858476151.37,451188477909.82,0.686335719566776,79.0560975609756,22.4026551978725,57.7860470318197,95.47,7.19,6.64
FRA,France,2001,2064338989612.96,453460924080.852,0.7289939490983,79.1585365853659,22.259556730345,56.8932328560722,93.92,10.15,6.32
FRA,France,2002,2086380974762.6,444229346786.386,0.727033002641047,79.2609756097561,22.857888310331,55.1325248503102,94.3,6.51,6.62
FRA,France,2003,2106573536968.08,447455024104.809,0.705638836747311,79.1146341463415,23.2625915298209,52.5988822870657,120.88,26.09,5.13
FRA,France,2004,2166995343501.89,477981530088.967,0.732625502527391,80.1634146341463,23.1521854419976,53.7497648292028,101.58,8.15,4.71
FRA,France,2005,2207920477337.34,491866330952.865,0.751885116821619,80.1634146341463,23.1175353538954,55.8228361241299,107.27,13.96,3.8
FRA,France,2006,2267844862926.15,514244885616.715,0.696338574828463,80.8121951219512,22.7854420708586,57.8692775292673,106.92,16.31,5.99
FRA,France,2007,2325232266328.63,545429116909.9,0.618225682593305,81.1121951219512,22.4734674757104,58.1525611309659,111.11,4.18,5.11
FRA,France,2008,2334072135222.36,546327868743.142,0.558020613148126,81.2146341463415,22.5895511441534,59.1797928411748,99.63,5.17,6.18
FRA,France,2009,2268145064848.79,471077610247.435,0.513351013325229,81.4146341463415,24.0880419778451,52.1991123027613,106.11,11.32,5.1899999999999995
FRA,France,2010,2313515332182.54,485827074160.673,0.492976371032656,81.6634146341463,23.9798091765185,56.587555247796,99.03,9.23,5.63
FRA,France,2011,2369909039106.43,520366645631.295,0.482667411007127,82.1146341463415,23.7010905265759,60.6056354816406,122.51,7.78,4.99
FRA,France,2012,2374265767668.09,504504904434.73,0.483714919435185,81.9682926829268,23.9564328020669,61.6589570771102,102.81,11.46,6.4399999999999995
FRA,France,2013,2392826743357.49,507286381894.211,0.516915013016667,82.219512195122,24.0757206386355,61.8192338733962,97.3,11,7.61
FRA,France,2014,2416703156974.4,521730824388.302,0.474847846171767,82.719512195122,24.081442589149,62.1992669379507,97.84,4.84,6.32
FRA,France,2015,2442483452642.5,530422941449.179,0.355569240058298,82.3219512195122,23.7757617692292,63.5046871956484,113.51,18.47,5.45
FRA,France,2016,2463489569347.31,532759487081.965,0.263868788565368,82.5731707317073,23.7569423186251,63.3427564383351,101.02,13.95,5.66
FRA,France,2017,2514819204088.14,555313818573.235,0.29020211635109,82.5756097560976,23.7013842025535,65.3958481559711,116.47,15.81,4.7
FRA,France,2018,2556210832760.02,572758596884.803,0.358494581816163,82.6756097560976,23.3500758354509,66.8022607812266,106.38,17.169999999999998,6.34
FRA,France,2019,2608036638906.12,594040454721.772,0.332559129027963,82.8268292682927,23.0348422675243,66.4289771741449,110.92,20.91,6.14
FRA,France,2020,2413981867676.36,552812789329.782,0.324557781035362,82.1756097560976,24.8398357365701,58.8388907240647,112.06,18.78,5.2
FRA,France,2021,2580120255051.75,592936751917.831,0.356902332389048,82.3243902439024,24.3515984176563,63.788482630872,111.1,7.93,6
FRA,France,2022,2650215998256.03,602906675540.921,0.502320929337976,82.1292682926829,23.8742904476312,75.9630077981996,112.11,27.39,4.9399999999999995
FRA,France,2023,2688358302961.22,595863054425.484,0.275093143443794,82.8317073170732,23.0901262196221,70.6261450610225,110.25,20.12,5.49
FRA,France,2024,2720362347819.81,568681013669.297,0.261995241898747,82.9804878048781,21.898315014902337,68.1081875443744,87.28,13.31,8.35
GBR,United Kingdom,1960,802958140600.34,180199674317.698,0.6839857522015778,71.1268292682927,17.5683769833684,40.46187649429876,78.83,0.06,2.99
GBR,United Kingdom,1961,824648562815.947,182701867073.28125,0.760459938521921,70.8780487804878,17.5939492166397,40.283123245989216,104.33,0.08,2.44
GBR,United Kingdom,1962,833708945747.554,182212571489.1188,0.848661387731873,70.9268292682927,17.9120239859393,40.46085494395824,97.06,0.06,2.89
GBR,United Kingdom,1963,874223408559.986,188307768035.15256,0.748366448717305,70.8268292682927,17.2147598253275,40.53883787793629,92.83,0.06,1.75
GBR,United Kingdom,1964,923134556203.191,194146194378.03455,0.650257748756685,71.6243902439024,16.8118308271792,41.42386430845022,96.66,0.05,2.84
GBR,United Kingdom,1965,942800397244.693,192522771104.66806,0.642468779443559,71.6243902439024,17.6087719298246,41.764645107864105,82.02,0.05,3.6
GBR,United Kingdom,1966,957578319010.926,191715838006.2907,0.55130324946533,71.5731707317073,17.9594929853518,41.93845613637824,82.26,0.03,2.99
GBR,United Kingdom,1967,984158181579.124,195484351581.84796,0.538543769542258,72.1243902439024,18.7741186523437,43.16246564086762,84.7,0.03,3.48
GBR,United Kingdom,1968,1038018137931.52,193354422832.52414,0.486768279639266,71.7243902439025,18.2075456570156,41.913833556873044,93.04,0.02,4.3100000000000005
GBR,United Kingdom,1969,1058146739488.58,189544599781.41278,0.415803269484986,71.7219512195122,17.6793723081996,42.04593770168597,82.78,0.03,3.06
GBR,United Kingdom,1970,1086807506706.89,179095596813.036,0.39872245794476,71.9731707317073,17.7216598409579,43.004308460818,72.74,0.06,2.83
GBR,United Kingdom,1971,1108592971833.22,178057294625.609,0.417666617474017,72.2731707317073,18.0635441998028,42.6502218205718,96.19,0.03,3.48
GBR,United Kingdom,1972,1148794666508.53,175876395249.329,0.3390575157182,72.1243902439024,18.4203250360008,41.5839774296882,93.07,0.02,2.21
GBR,United Kingdom,1973,1232812042936.75,210216860536.542,0.19319818644469,72.3243902439024,18.236829783444,47.4470277629336,102.43,0.04,3.3
GBR,United Kingdom,1974,1212104524614.49,194605240804.878,0.0630592101531556,72.5243902439024,20.1248154406178,58.7410657382942,73.66,0.03,2.88
GBR,United Kingdom,1975,1203900150366.65,170045214683.075,-0.00742336272019876,72.7243902439024,22.3998737119534,52.7585454911507,92.51,0.48,2.75
GBR,United Kingdom,1976,1237665408113.17,189759056623.625,-0.024603832530328,72.7756097560976,22.142158362302,57.4208829663963,101.52,1.17,3.57
GBR,United Kingdom,1977,1266915785220.6,192857740316.47,-0.0328738482390269,73.2243902439024,20.7519513844685,58.9312652503713,92.42,0.04,3.18
GBR,United Kingdom,1978,1310033665484.62,195606461388.403,0.00535990765712166,73.1756097560976,20.2413112358204,54.9850773279745,89.87,0.04,2.91
GBR,United Kingdom,1979,1346017305980.74,201973016582.35,0.0897286611918231,73.2756097560976,19.8359770952227,54.6607627850434,68.78,0.06,3.78
GBR,United Kingdom,1980,1316686213225.92,171350044553.545,0.119517254129019,73.6756097560976,21.2738988963253,51.3102802584976,76.37,0.05,4.06
GBR,United Kingdom,1981,1299260421919.25,155991993879.906,0.0348217320561183,74.0268292682927,21.7147919802293,49.3910296003122,75.6,0.06,4.7
GBR,United Kingdom,1982,1326454837276.92,172321579917.602,-0.0358427938348334,74.1780487804878,21.5846377716119,49.6135434545171,89.35,0.05,4.55
GBR,United Kingdom,1983,1374530155674.6,190258100583.122,0.0341013738761532,74.3780487804878,21.3590722629342,50.8133148194588,96.33,0.28,3.62
GBR,United Kingdom,1984,1411242824002.48,206041196815.582,0.158261863204096,74.7780487804878,21.0614176269506,55.4082940861114,89.71,0.05,3.37
GBR,United Kingdom,1985,1462038836257.16,213375414406.067,0.226951225450001,74.6292682926829,20.2757729160055,54.950881440311,87.06,0.06,4
GBR,United Kingdom,1986,1520700657209.66,218486813129.696,0.231610229834337,74.9292682926829,20.2482928802786,50.5278201169357,76.65,0.04,4.29
GBR,United Kingdom,1987,1590076250308.92,239643710274.258,0.212637260699709,75.280487804878,19.5419576063952,49.8948735100282,93.3,0.05,3.94
GBR,United Kingdom,1988,1670090505985.98,282788077998.111,0.222063893961785,75.3804878048781,18.7633168579028,47.3603219647,79.08,0.06,3.03
GBR,United Kingdom,1989,1708192731044.26,293592061138.412,0.260311450078262,75.5829268292683,18.3407039921484,48.6770133730618,96.85,0.1,4.42
GBR,United Kingdom,1990,1721504098259.6,275722768490.404,0.298930554095876,75.8804878048781,18.5427637723272,48.2498264500798,88.54,0.9,5.12
GBR,United Kingdom,1991,1699254695038.56,251290412071.383,0.309247932319381,76.0829268292683,19.3976855267097,45.3156600809302,101.54,0.03,3.99
GBR,United Kingdom,1992,1721255429795.6,261528337218.124,0.270431182081877,76.4341463414634,19.8755904012378,46.3059467099097,87.53999999999999,0.04,4.2
GBR,United Kingdom,1993,1781335634495.42,271375155112.698,0.239745439286479,76.3853658536585,19.1850113178115,49.7481967801462,90.48,0.06,4.38
GBR,United Kingdom,1994,1869572508478.99,299517106009.769,0.254586486858912,76.8853658536585,18.8330325176195,51.886107010773,82.61,0.13,3.08
GBR,United Kingdom,1995,1935631814547.44,314809797366.079,0.264547416858702,76.8365853658537,16.9802823886652,50.8300766971451,97.51,0.64,3.9
GBR,United Kingdom,1996,1986246961912.3,324771875252.48,0.254626384215086,77.0878048780488,16.5355201185628,52.0576088895797,96.87,0.17,2.83
GBR,United Kingdom,1997,2083175521750.84,342342627761.833,0.257553323280351,77.2109756097561,15.9567842310016,50.7045618383811,97.69,0.05,3.41
GBR,United Kingdom,1998,2150801957623.71,365092961298.762,0.291406085432392,77.190243902439,15.9709175471977,49.1409088914683,80.11,0.07,4.8
GBR,United Kingdom,1999,2214131432953.5,377013684186.917,0.333405882184416,77.390243902439,16.3983541076135,49.4683905163429,76.41,0.12,5.01
GBR,United Kingdom,2000,2314307169243.88,393687791552.107,0.357300887421605,77.7414634146342,16.5805392850386,52.3380212335903,77.83,0.08,5.59
GBR,United Kingdom,2001,2369642769659.08,402818434753.625,0.384975969564228,77.9926829268293,17.1973730641732,52.6342367336438,91,0.13,2.88
GBR,United Kingdom,2002,2410140612988.09,408492918297.052,0.423337079636281,78.1439024390244,18.0900450844853,51.2361820991323,85.94,0.07,4.72
GBR,United Kingdom,2003,2487711377293.16,414174387536.183,0.465641113602993,78.4463414634146,18.7759702558887,50.0681187039704,112.67,0.85,1.94
GBR,United Kingdom,2004,2545576004983.01,423657865521.554,0.568943113421317,78.7463414634146,19.3341636884646,50.2885521756133,75.29,0.06,4.46
GBR,United Kingdom,2005,2616614241852.83,441588441168.642,0.68661130607346,79.0487804878049,19.5345943592335,52.5442740383211,87.28999999999999,0.15,4.43
GBR,United Kingdom,2006,2673913418491.85,469509040143.122,0.73504867842129,79.2487804878049,19.7128707512449,56.7047791729812,82.6,0.9,4.4
GBR,United Kingdom,2007,2752283449984.53,486046903847.581,0.778666112441256,79.4487804878049,19.5927252761275,52.7493524964733,104.25,0.06,5.06
GBR,United Kingdom,2008,2750923500693.34,461815359598.223,0.787032622318939,79.6,20.2703503957329,56.4365501052604,85.22,0.06,5.46
GBR,United Kingdom,2009,2624727410659.64,389735566424.639,0.756390859593407,80.0512195121951,21.8398042843264,54.6537301085991,84.42,0.06,4.33
GBR,United Kingdom,2010,2684060544650.54,421829641438.357,0.783888646646516,80.4024390243902,21.4325808449976,59.0511802227821,93.59,0.08,2.96
GBR,United Kingdom,2011,2706913649065.85,426793795625.43,0.781506562236639,80.9512195121951,20.8042181029914,63.3240615708901,78.13,0.09,3.87
GBR,United Kingdom,2012,2748282336997.97,440412321678.225,0.712282568284022,80.9048780487805,20.6413631115148,61.9688704472535,77.42,0.07,5.6
GBR,United Kingdom,2013,2795510733841.06,471711061413.64,0.669537112028056,81.0048780487805,20.0423459760144,61.7195395154583,94.91,0.3,3.9
GBR,United Kingdom,2014,2883853723651.98,529557486301.757,0.747135714780007,81.3048780487805,19.7332253904663,58.8210228333296,72.95,0.07,4.09
GBR,United Kingdom,2015,2945579890258.46,544211229724.679,0.721624002974263,80.9560975609756,19.4312702799147,57.125044605439,76.25,0.25,5.43
GBR,United Kingdom,2016,3010574705731.3,545280217936.152,0.79421971482011,81.1560975609756,19.0926073260822,59.8395315138259,86.74,0.37,3.36
GBR,United Kingdom,2017,3101591068534.48,562130159887.416,0.545706020084833,81.2560975609756,18.5281767976876,63.1899245764158,78.48,0.16999999999999998,3.42
GBR,United Kingdom,2018,3149707010747.53,562981391364.06,0.488451313281444,81.2560975609756,18.3768895986708,64.9097721959201,91.09,0.44,3.55
GBR,United Kingdom,2019,3189276748351.15,575084935863.08,0.514596380840432,81.3691219512195,18.934726344575,65.0035664177054,84.03999999999999,0.95,5.09
GBR,United Kingdom,2020,2868821517197.41,516237064446.181,0.169447088341033,80.331756097561,22.3849730788057,59.1598893030611,87.01,1.23,6.34
GBR,United Kingdom,2021,3113908148054.35,574095133489.56,0.358937930235741,80.6473170731707,21.9023771103032,58.53838629291,94.62,0.06,4.47
GBR,United Kingdom,2022,3274265196937.19,581118078261.626,0.921336799385098,81.0112195121951,20.3875396220537,69.1989264413981,94.38,2.33,3.5
GBR,United Kingdom,2023,3283159739927.95,591591358620.517,1.30497972307431,81.2380975609756,20.2413809642158,64.9923841747803,86.95,0.24,4.84
GBR,United Kingdom,2024,3320141995547.62,628039404048.195,1.0659564474212,81.3868536585366,19.85888792687575,62.8401605267118,80.85,0.16,5.61
IND,India,1960,136368119594.478,19452565055.4185,2.357430598642522,45.61,6.57349198905266,11.2968331123897,201.01,191.31,14.44
IND,India,1961,141444753584.224,19249623077.2345,2.39642770212636,45.824,6.89466573155263,10.2611625948092,178.27,164.36,15.64
IND,India,1962,145590679986.918,21982479274.5721,2.3718292492177,46.133,7.77958198935627,10.2007901792472,184.91,173.04,14.78
IND,India,1963,154317899661.715,23612532771.3134,2.34617004494498,46.458,8.70504098583899,10.1873378430933,183.3,191.06,14.93
IND,India,1964,165819135753.596,26069141235.6363,2.34154578203199,46.742,8.04252293333864,9.41054892008962,191.78,181.44,16.82
IND,India,1965,161448524536.398,28775798536.2402,2.25115521196281,45.558,8.78768223472141,8.51903436951768,192.54,188.02,14.26
IND,India,1966,161359197052.857,30140830263.6615,2.13961351155644,45.884,8.50679016803653,10.8142375112067,189.19,187,15.87
IND,India,1967,173987108161.045,28888664198.2957,2.14680270986968,46.184,8.12117179105571,9.98106266810607,178.86,188.11,16.89
IND,India,1968,179881668161.506,28292910234.2571,2.14844716038577,47.925,8.39819236577402,8.98174447557988,182.67,185.36,14.97
IND,India,1969,191645390152.62,31416101216.7126,2.11321172870178,48.26,8.54968500114456,7.744776643449,193.79,202.84,13.18
IND,India,1970,201528983203.524,31364099289.5601,2.21982378728468,48.585,8.9472441343111,7.66176933794548,184.79,184.12,14.62
IND,India,1971,204839964083.559,33986554709.3649,2.21613325893602,48.902,9.67379314361206,7.66960655842499,185.66,170.43,14.97
IND,India,1972,203706581888.418,32429632727.7892,2.19501824226466,49.213,9.33421495861269,7.73639959724787,209.14,201.69,11.76
IND,India,1973,210419775347.359,38734112071.3487,2.25036255306664,49.642,8.40736153327391,8.93209601877255,189.45,185.01,15.67
IND,India,1974,212913957231.546,36740450340.6616,2.3000950671043,50.259,8.64064088354514,10.8518902537234,196.5,196.96,11.05
IND,India,1975,232395396987.391,33041458897.6534,2.36169921715702,50.761,9.48765621560141,12.2939782139853,182.35,171.24,14.79
IND,India,1976,236260373289.536,39081415299.9351,2.3526277752357,51.302,9.7797533155484,12.8012030726837,196.24,196.51,12.71
IND,India,1977,253400507185.485,45580679874.1758,2.35894044670683,51.822,9.20977194135778,12.6481011375529,190.34,193.98,11.93
IND,India,1978,267876092471.368,54240213685.1631,2.30273010047879,52.42,9.43960862080358,12.9030118424849,182.95,178.57,12.98
IND,India,1979,253844253326.143,47930642881.9633,2.32548037680355,53.014,9.89473202498657,14.9188045313762,189.95,200.14,10.97
IND,India,1980,270942749191.358,52035763410.9004,2.38482579119883,53.593,9.65188060883461,15.3845768485061,195.8,200.07,13.72
IND,India,1981,287216122417.714,49183775411.0661,2.34973202595162,54.173,9.62616589266879,14.5072647616204,182.44,186.53,11.28
IND,India,1982,297198988654.362,50665465915.2117,2.33396964438701,54.735,10.1725727812659,14.1259277495475,180.03,192.61,10.65
IND,India,1983,318861504646.348,54097861610.0703,2.3406940951715,55.283,10.091120987434,13.6905938868802,180.9,180.22,14.02
IND,India,1984,331044366862.92,56822294950.3462,2.34593300498783,55.813,10.3559108942417,14.0093759441289,196.72,188.09,13.25
IND,India,1985,348438428459.16,61350433882.7949,2.3270540843985,56.324,10.9301926338183,12.9000361941487,200.62,191.29,11.38
IND,India,1986,365081813582.139,63551269091.3944,2.30826458791438,56.819,11.5502571079547,12.2192718993726,192.6,191.98,12.78
IND,India,1987,379558605848.711,71922418437.4263,2.2808002561271,57.291,11.929013421565,12.5848140356758,186.69,204.27,9.65
IND,India,1988,416101684459.118,80771102325.6341,2.25053923542519,57.744,11.6043602340003,13.4904501163017,193.4,199.23,14.51
IND,India,1989,440848680243.36,87337129173.1546,2.23467340339487,58.196,11.5637622995241,15.1681320906695,199.99,198.43,13.55
IND,India,1990,465242841648.51,103659819247.077,2.213130886438,58.618,11.2854919029931,15.5062615101965,169.4,176.95,17.63
IND,India,1991,470159674247.956,86539480515.634,2.16777668657973,59.032,11.0787262464783,16.9877265511351,188.74,195.16,13.53
IND,India,1992,495935689518.468,97724245080.3848,2.12998519274824,59.445,10.9150464795678,18.433099041828,207.45,191.26,11.39
IND,India,1993,519496484311.542,99975070556.8183,2.09986069412181,59.823,11.0026650353957,19.6515397864684,189.68,191.4,13.81
IND,India,1994,554089360749.644,119447115516.658,2.04435418122792,60.237,10.43581347191,20.0781443769255,177.14,180.87,15.33
IND,India,1995,596058814154.216,128740659337.914,2.01296632914892,60.63,10.5402675188309,22.8674487062499,174.57,193.66,13.5
IND,India,1996,641058406947.109,129911017008.869,1.99775909414655,61.027,10.3308896774711,21.9294878713867,181.55,194.61,13.51
IND,India,1997,667020123972.214,149242037509.83,1.966425183613,61.439,11.0287262034071,22.6193868670479,157.52,186.92,12.93
IND,India,1998,708271422053.216,154882168526.542,1.93596384442712,61.852,11.9098898139839,23.6994700790647,171.7,190.89,13.77
IND,India,1999,770923380745.097,182195458400.587,1.90202919152067,62.284,12.1754896050679,24.8155980442929,199.63,194.5,12.32
IND,India,2000,800534479623.61,172127853915.339,1.87939826197393,62.749,11.9478354691139,26.9009229104474,197.68,203.87,12.37
IND,India,2001,839151992864.812,179987866139.588,1.87060822112685,63.158,11.7614498890899,25.9932547534365,188.93,206.72,11.93
IND,India,2002,871073127580.09,193595669469.03,1.81129424097937,63.649,11.3140950692424,29.5086629350614,191.33,210.43,11.44
IND,India,2003,939542798342.002,223998857286.132,1.73438204419235,64.086,10.8762099129119,30.592436132908,184.76,201.38,14.2
IND,India,2004,1013982178697.24,280268044822.117,1.7035704679088,64.484,10.4047023481415,37.503814059447,198.76,205.07,12.52
IND,India,2005,1094324353140.52,326437701681.987,1.63142146860079,64.939,10.3661401972455,42.0016696148691,188.91,197.29,13.74
IND,India,2006,1182534912713.8,377200114509.376,1.56412522526913,65.373,9.80247046783494,45.7244804992652,188.41,208.53,14.03
IND,India,2007,1273126725479.64,442914842532.059,1.50599144392136,65.803,9.86211572842642,45.686268679348,185.83,206.48,15.54
IND,India,2008,1312424303406.43,431432223229.219,1.43877181746736,66.247,10.5384811563533,53.3682204392226,185.1,208.44,15.04
IND,India,2009,1415605643155.69,490023707633.367,1.44601731955273,66.7,11.459667419691,46.2728696428837,196.23,221.83,13.95
IND,India,2010,1535897931732.14,565496666424.611,1.45460361883041,67.162,11.0076078674499,49.2552064974161,172.86,206.99,16.33
IND,India,2011,1616399198833.92,596454177069.733,1.41682761544376,67.623,11.0844615855594,55.6238800135298,191.69,211.62,15.61
IND,India,2012,1704596203504.32,622066330779.827,1.37405616603306,68.076,10.6838562318127,55.7937217287511,196.5,207.38,13.9
IND,India,2013,1813453530766.63,599008478183.188,1.33270430507476,68.499,10.2951601419598,53.8441319466777,173.17,193.91,17.54
IND,India,2014,1947834564908.95,645093927597.313,1.26129027125347,68.932,10.4408568081213,48.9221857470669,176.37,207.58,13.64
IND,India,2015,2103588360044.94,675603796764.315,1.19285563384335,69.326,10.4282907091862,41.9229138658647,174.54,221.44,13.81
IND,India,2016,2277267041550.36,700429318211.373,1.19162966402099,69.709,10.3085480747222,40.082485713276,192.4,222.17,15.09
IND,India,2017,2432016068497.75,776329868853.049,1.1623961434697,70.068,10.7671989547856,40.7424969545225,182.8,217.89,14.19
IND,India,2018,2588974770244.57,861374738444.077,1.09729906702925,70.415,10.8232185258548,43.6169693323889,187.4,218.57,13.83
IND,India,2019,2689205295885.31,839070059893.912,1.04001395098104,70.746,11.0026755133718,39.9054035306442,158.8,200.13,16.849999999999998
IND,India,2020,2533830417086.54,777042897807.489,0.973438646910149,70.156,11.6124524106018,37.7581053292768,162.44,210.17,15.56
IND,India,2021,2779348258938.77,941145816331.075,0.822648220128724,67.282,10.4763782400684,45.4230887840446,164.86,209.88,14.95
IND,India,2022,2990839011962.46,1012622503492.99,0.790200540609834,71.698,10.255037910793,50.0752701498882,185.31,206.5,15.95
IND,India,2023,3265719695911.24,1119187833745.66,0.883289539766135,72.003,10.3054222433801,44.9928422877561,189.7,221.97,14.4
IND,India,2024,3477820532826.48,1193869010307.81,0.890706546985984,72.235,9.98882419189295,44.6492935069676,177.46,215.05,17.650000000000002
IRN,"Iran, Islamic Rep.",1960,50350548202.7421,20135533054.8013,2.95781910178102,43.297,10.5171409906573,31.2375416706824,250.46,115.11,1.57
IRN,"Iran, Islamic Rep.",1961,55582432557.7808,21461892348.363,3.00641779761326,43.9,10.4670418369119,29.595243518665,244.05,116.06,1.77
IRN,"Iran, Islamic Rep.",1962,59978596070.5945,21386773115.5696,3.03662701704347,43.769,10.2777841948434,28.1759999579277,263.83,109.22,1.12
IRN,"Iran, Islamic Rep.",1963,64202333927.261,22810497984.2859,3.07015436284033,45.105,11.1109991326574,27.7909132791522,250.12,115.71,1.75
IRN,"Iran, Islamic Rep.",1964,69643628268.6439,27042235222.3578,3.11379271685126,45.735,12.5028635781778,32.7286498118115,256.68,120.09,1.73
IRN,"Iran, Islamic Rep.",1965,81507915872.7607,33469690987.3586,3.14071071653765,46.372,14.3618865745771,32.6260355705187,247.08,119.43,2.05
IRN,"Iran, Islamic Rep.",1966,90883288325.821,37268950333.9442,3.11544929495017,47.072,14.8294985358915,33.9069788697103,260.07,121.6,1.38
IRN,"Iran, Islamic Rep.",1967,101110205808.448,42459576971.6807,3.04711721337762,47.803,15.2515308344553,36.9554383859175,243.59,115.45,1.46
IRN,"Iran, Islamic Rep.",1968,115674304556.643,52475440459.8614,2.99272010313839,47.946,15.7582146556508,37.9919397932741,235.58,117.22,2.12
IRN,"Iran, Islamic Rep.",1969,133623091839.002,56940402184.2232,3.00176153959819,49.382,16.7223225250837,39.0781431690247,239.75,120.36,2.8400000000000003
IRN,"Iran, Islamic Rep.",1970,148224891000.395,62255435030.4668,3.03624690535546,50.222,17.3938866253337,39.6670145483067,259.37,132.84,1.16
IRN,"Iran, Islamic Rep.",1971,168534047458.466,63038096717.3293,2.98791431738961,51.12,18.6830845941571,44.4280295106766,247.08,121.9,1.71
IRN,"Iran, Islamic Rep.",1972,192969825709.818,84425777893.1603,2.92754078662497,51.729,19.2261385972642,44.4534498683576,215.43,111.26,2.79
IRN,"Iran, Islamic Rep.",1973,207330025746.583,88019254039.3882,2.9276919371507,52.944,17.2765957216962,54.0978869207957,262.73,130.44,0.93
IRN,"Iran, Islamic Rep.",1974,219357345962.942,132692538495.842,2.96024011860532,53.862,21.0782301841496,71.404688105953,238.92,118.62,2.6
IRN,"Iran, Islamic Rep.",1975,218641766675.082,179386018458.781,3.02280829911323,54.819,23.8422005516236,76.1156234266906,244.55,124.07,1.72
IRN,"Iran, Islamic Rep.",1976,258566705735.058,232784684420.889,3.01390622093458,55.771,21.4325059376088,65.4350811254341,228.88,121.38,2.25
IRN,"Iran, Islamic Rep.",1977,251395157266.795,237109125041.055,3.09733110556331,56.66,20.3454068790073,59.8880783649035,241.53,131.98,2.14
IRN,"Iran, Islamic Rep.",1978,219113865436.214,192405265187.883,3.26708126037505,56.042,23.3220953176091,45.6945656371966,249.85,127.16,1.93
IRN,"Iran, Islamic Rep.",1979,192774712987.119,128004809626.363,3.43750971676968,58.453,19.761445664451,42.8058267760669,234.01,123.59,2.2
IRN,"Iran, Islamic Rep.",1980,151136050943.17,147452981710.388,3.62227241112561,58.369,21.0287338661933,42.4826738676286,239.35,131.46,2.45
IRN,"Iran, Islamic Rep.",1981,142526151688.067,127675919052.204,5.24853453599241,56.625,21.4514692840273,40.3131061355616,247.77,112.29,1.76
IRN,"Iran, Islamic Rep.",1982,175551236248.121,118912981759.467,5.29404981884125,57.633,18.4845562037237,38.0635168781944,215.95,112.89,2.61
IRN,"Iran, Islamic Rep.",1983,195014104732.137,154958159645.718,3.89276477740576,58.518,16.2361109912216,38.7301135168752,245.38,119.2,1.21
IRN,"Iran, Islamic Rep.",1984,181090389202.494,118726345103.272,3.76168110891254,60.875,15.1126395417481,27.9341376101748,241.7,114.81,1.69
IRN,"Iran, Islamic Rep.",1985,184472523734.211,107151665389.251,3.67336265910169,61.537,15.9048943230492,23.1723911405475,256.01,117.41,1.41
IRN,"Iran, Islamic Rep.",1986,166422061469.432,103054927517.66,3.68998952261074,62.136,15.2449882366834,14.1448539041301,226.48,113.11,2.52
IRN,"Iran, Islamic Rep.",1987,166135636307.771,102130555625.645,3.58434147152931,62.685,14.3501876170739,17.8848531376826,259.03000000000003,120.04,1.85
IRN,"Iran, Islamic Rep.",1988,156031272523.14,66310957968.2561,3.227701834245,63.255,15.033984327122,21.5839788397354,243.04,123.15,2.32
IRN,"Iran, Islamic Rep.",1989,165599290646.835,79741595030.3227,2.92068520102392,65.314,11.9808303308829,27.9350257079062,246.54,127.59,1.55
IRN,"Iran, Islamic Rep.",1990,188112392401.369,98928191730.1113,2.91140676618439,64.066,10.8463742812025,37.0805676988111,258.45,133.73,1.26
IRN,"Iran, Islamic Rep.",1991,212033043457.695,128983960082.001,2.71517805230603,66.233,10.2762568673118,44.1941716478042,233.93,121.37,2.66
IRN,"Iran, Islamic Rep.",1992,219025854894.467,119422437046.255,1.9775061761777,66.653,9.71463556374536,40.3979272522381,226.85,106.4,2.64
IRN,"Iran, Islamic Rep.",1993,215803959420.018,86788420940.9602,0.356575347965537,67.037,14.2309068178115,46.0408643243691,251.26,118.85,2.62
IRN,"Iran, Islamic Rep.",1994,212138990732.738,60188166258.0204,0.190450849489937,67.49,14.3535174183169,41.6091363981328,239.56,118.45,2.36
IRN,"Iran, Islamic Rep.",1995,217232542412.818,77513980473.2311,1.10724517815505,67.904,14.2514841919911,35.1442449159574,236.99,122.28,1.96
IRN,"Iran, Islamic Rep.",1996,231027951539.907,99511091180.7414,1.08043248596744,68.328,12.3681297554246,35.2212991546042,222.91,122.1,2.68
IRN,"Iran, Islamic Rep.",1997,234147751320.933,96689608373.8064,1.19876929995268,68.649,11.592726367908,32.6495581116416,222.42,122.04,2.29
IRN,"Iran, Islamic Rep.",1998,239018052131.649,97967402316.354,1.37365526787202,69.214,13.0491067111189,29.2282196463134,250.04,133.32,2.33
IRN,"Iran, Islamic Rep.",1999,243804857656.766,101617336912.255,1.4243001822483,69.686,11.8162972088892,34.8854141345934,248.57,134.72,1.91
IRN,"Iran, Islamic Rep.",2000,258056537598.384,106049659352.186,1.47619563346635,70.166,12.9321140863707,41.2572474638031,257.94,140.09,1.71
IRN,"Iran, Islamic Rep.",2001,264229695672.548,121712406164.305,1.54382818918331,70.619,12.8715629189063,40.535566479523,255.8,139.86,1.36
IRN,"Iran, Islamic Rep.",2002,285576361692.342,144029727169.446,0.82578098646242,71.112,11.7171068012235,48.1726865520657,246.05,137.6,1.93
IRN,"Iran, Islamic Rep.",2003,310248155730.812,169982048555.518,1.10838882782602,70.464,11.4195212231634,50.6791057753261,246.63,131.71,1.97
IRN,"Iran, Islamic Rep.",2004,323702581949.347,179284406235.181,2.13922055681238,72.04,11.236303493867,51.3138573265888,241.58,132.55,2.85
IRN,"Iran, Islamic Rep.",2005,334028060139.024,173154983948.988,2.21304950909032,72.446,12.0762428706411,54.4404952635536,242.67,133.6,2.09
IRN,"Iran, Islamic Rep.",2006,350728779262.979,181808082065.344,2.15444092874448,72.895,12.4659204562875,53.1673587143845,235.92,141.28,2.1
IRN,"Iran, Islamic Rep.",2007,379333424181.702,205436506065.946,1.63508865342221,73.299,9.47709713698378,49.8873069225934,240.31,130.63,2.02
IRN,"Iran, Islamic Rep.",2008,380285006935.854,225309165881.214,1.214476845232,73.683,10.0527121231285,48.2294027741438,268.61,144.15,1.07
IRN,"Iran, Islamic Rep.",2009,384115942794.318,232413629287.824,1.24185106066412,74.041,11.1823199505029,43.6995802243585,239.29,127.86,2
IRN,"Iran, Islamic Rep.",2010,406386748164.51,254970138425.782,1.25167392158024,74.39,10.8045401696765,43.7706437371399,276.44,143,1.15
IRN,"Iran, Islamic Rep.",2011,417138595177.331,243938398776.603,1.2358675452331,74.721,13.2008336811217,41.2194147918578,248.13,138.48,1.99
IRN,"Iran, Islamic Rep.",2012,401507697046.153,226612766068.823,1.25130743376216,75.039,13.3279001556293,44.0893466807452,231.05,130.35,1.92
IRN,"Iran, Islamic Rep.",2013,395396833390.87,206125725207.787,1.30690505728311,75.349,12.973939207079,47.0867179194755,250.13,134.71,1.82
IRN,"Iran, Islamic Rep.",2014,415106476157.82,214422843135.556,1.343129076071,75.635,12.8201259776576,45.3514201413161,243.29,137.56,1.87
IRN,"Iran, Islamic Rep.",2015,409191686496.677,130869356806.332,1.36159478810594,75.907,15.5688232193039,39.42258866118,228.11,140.59,2.09
IRN,"Iran, Islamic Rep.",2016,445262288195.34,173815557207.873,1.43348558597155,76.155,15.0516117348001,39.8772417738866,261.14,139.94,1.89
IRN,"Iran, Islamic Rep.",2017,458739730634.758,191371359054.172,1.43870442098455,76.396,15.0478623743342,43.1556931383906,257.32,145.59,2.09
IRN,"Iran, Islamic Rep.",2018,441546348305.719,169169484989.066,1.27524656861717,76.621,15.1648897031614,56.6153496142829,238.32,139.53,1.88
IRN,"Iran, Islamic Rep.",2019,431119516583.705,156892622869.091,1.07831720901251,76.855,14.8711446390003,48.5917712137038,220.26,135.78,3.68
IRN,"Iran, Islamic Rep.",2020,450269020578.621,172697097067.458,0.768757498195729,74.141,13.701007548158,43.8844674905013,228.69,129.67,2.94
IRN,"Iran, Islamic Rep.",2021,468869169367.781,179635395271.992,0.831029236943935,73.752,14.0761964637181,42.672379536261,275.51,152.32,1.17
IRN,"Iran, Islamic Rep.",2022,489278157562.545,193465977668.291,1.20100285857304,76.799,12.6796919148053,48.9183508223052,261.13,150.17,1.59
IRN,"Iran, Islamic Rep.",2023,515368187132.474,200657916455.497,1.20408185634218,77.654,12.5507486764489,49.3935500960203,244.55,145.22,1.74
IRN,"Iran, Islamic Rep.",2024,534246745197.836,205846868211.766,1.05286922170537,77.854,13.0842057315801,52.0621306794348,238.14,142.08,2.32
ITA,Italy,1960,488503132607.622,155620522761.74847,0.9235981827957324,69.1239024390244,12.92326933547101,29.23699557191456,104.03,12.29,13.67
ITA,Italy,1961,528595785997.58,164489739623.3951,0.668382874410405,69.760243902439,13.860045267390728,29.79296484229787,137.78,18.77,8.86
ITA,Italy,1962,561388020895.907,162408335266.4303,0.676622989670017,69.149756097561,13.631932796470043,29.275181040532804,119.89,29.03,8.83
ITA,Italy,1963,592880361770.359,172567731709.043,0.729553242231653,69.2480487804878,13.921501391228457,29.625180822115738,106,12.87,11.49
ITA,Italy,1964,609467389164.032,183860701867.78625,0.822623699867765,70.3117073170732,14.268066470141147,29.493288424536885,119.6,9.99,10.3
ITA,Italy,1965,629384928005.395,188268358437.50888,0.842108616866269,70.1717073170732,13.501088280697806,29.34225058873909,117.59,13.05,10.33
ITA,Italy,1966,667052320830.923,208129796746.80948,0.77730440730804,70.9260975609756,14.949805031937403,30.18401759474792,100.08,9,12.96
ITA,Italy,1967,714937421885.911,209149923622.2281,0.723778172767654,70.9565853658537,14.524320846821292,29.71151641171118,121.12,13.69,9.41
ITA,Italy,1968,761726892208.175,222776899974.2021,0.631737252752781,70.78,15.684181674062094,31.241891516338335,101.03,6.84,10.97
ITA,Italy,1969,808177455097.543,227587650411.8998,0.56605850865814,70.8119512195122,15.890128839738558,31.55587827944787,107.28,7.56,10.07
ITA,Italy,1970,851095738477.482,248430301275.138,0.528877031717835,71.5587804878049,14.9998856585982,30.0296336389733,114.96,14.05,9.21
ITA,Italy,1971,866569577728.861,232190954808.281,0.466452872314018,71.8068292682927,16.3974871102027,30.3261935207482,120.46,16.52,9.59
ITA,Italy,1972,898550204800.509,237434004625.519,0.567712498645759,72.0753658536586,16.9776256053041,31.749631565923,91.74,6.41,13.61
ITA,Italy,1973,962579655370.363,268811134050.17,0.678187647585975,72.0263414634146,16.298256245534,33.9863350341926,124.41,11.85,9.87
ITA,Italy,1974,1015522894585.88,294968405710.648,0.654388935648374,72.7343902439025,15.4855053366431,40.7090687382642,114.93,12.35,9.6
ITA,Italy,1975,994296811886.421,242803636774.493,0.597247218554801,72.6473170731708,15.9287473890438,37.3144454322672,118.9,8.290000000000001,11.44
ITA,Italy,1976,1065144288779.7,272660804799.587,0.498851058340731,72.9919512195122,15.3498446714331,41.0974307543282,101.75,4.99,13.17
ITA,Italy,1977,1092417317092.5,255740229806.602,0.424722057350148,73.3646341463415,15.6471794771373,41.7134160400496,122.06,5.13,11.61
ITA,Italy,1978,1127813165153.7,262638521322.464,0.356312950366128,73.6931707317073,16.2268589709841,41.1732919288899,116.86,5.45,11.4
ITA,Italy,1979,1195021350830.48,282326530086.227,0.289147207649738,74.0026829268293,16.3052513837246,43.6099072426685,102.31,8.19,13.88
ITA,Italy,1980,1236010778504.38,305841984468.392,0.20599975185947,73.9431707317073,16.5116572843463,42.8738408491883,106.36,7.86,10.17
ITA,Italy,1981,1246445522983.07,279314626370.97,0.12005432007943,74.3539024390244,17.8264926680474,45.1779120778045,114.7,8.620000000000001,10.64
ITA,Italy,1982,1251600643353.48,274600134260.028,0.0740818599916188,74.8146341463415,17.9000893197021,43.4082419852183,119.1,16.29,9.86
ITA,Italy,1983,1266234400973.17,266942344422.633,0.0362946366697159,74.640243902439,18.296529236693,40.0972777577362,126.78,14.37,8.86
ITA,Italy,1984,1307081253663.81,281873343574.746,0.0223509131041464,75.389512195122,18.0932996271297,42.3380867149025,110.01,7.7,11.35
ITA,Italy,1985,1343654508026.34,292270544850.724,0.0288999392122477,75.4707317073171,18.241254507,42.539111003159,125.46,15.99,9.19
ITA,Italy,1986,1382082648970.97,294912361046.257,0.00544928189677628,75.7707317073171,17.9365821012998,36.0801894012968,115.91,11.69,8.790000000000001
ITA,Italy,1987,1426198182881.34,309852057082.921,0.0102051195547741,76.219512195122,18.6630716960339,35.4808325109317,126.79,18.96,9.99
ITA,Italy,1988,1486018315011.81,323276621999.16,0.0483205970471755,76.3707317073171,19.0578201244096,35.0303636931745,125.65,21.1,7.34
ITA,Italy,1989,1536370314479.62,335731039265.543,0.0750090045352437,76.819512195122,18.8678787005744,36.967566605846,138.88,10.04,7.8
ITA,Italy,1990,1566879170825.76,351700792056.315,0.0837085729587984,76.9707317073171,19.5579653563318,36.2382276733087,125.26,11.93,8.45
ITA,Italy,1991,1590984785699.92,353179205042.773,0.0692311889532843,77.0195121951219,19.6461478060239,33.8005339555877,122.42,15.29,9.28
ITA,Italy,1992,1604257980661.49,346780480896.182,0.0679244330808808,77.419512195122,19.4854992736461,34.8334276236699,139.86,15.48,9.93
ITA,Italy,1993,1590576776647.73,298182261869.676,0.061135853002924,77.7219512195122,19.3378408862545,37.6724019624473,151.42,19.21,9.1
ITA,Italy,1994,1624790459614.85,312175967066.04,0.0203720739457194,77.9219512195122,18.6489669191549,40.3620026081266,134.4,26.88,8.44
ITA,Italy,1995,1671695507214.02,334025550103.709,0.00158856230917393,78.1707317073171,17.394685967757,45.5795026636995,120.98,12.62,7.92
ITA,Italy,1996,1694189587392.1,332387954461.8,0.0281044080072756,78.5219512195122,17.5849972712837,42.8020490474117,104.47,10.52,11.57
ITA,Italy,1997,1726814955886.64,343440317431.399,0.05290695026061,78.8243902439024,17.6387071181991,44.4771651978702,129.74,13.24,9.39
ITA,Italy,1998,1757973143577.88,355349916892.468,0.0287740158774372,78.9756097560976,17.4915934783477,44.997874273345,131.99,26.95,8.56
ITA,Italy,1999,1787471784895.84,372745310164.809,0.0168208444553697,79.4243902439024,17.5114477121433,44.5298402267013,117.01,18.58,10.31
ITA,Italy,2000,1856863206512.55,393933138464.778,0.045303631138613,79.7780487804878,17.6899799974967,50.2747311455639,130.3,19.32,11.2
ITA,Italy,2001,1894119928193.34,403443948329.785,0.0612241572425483,80.1268292682927,18.3367541043712,49.8632723203495,120.08,21.01,7.14
ITA,Italy,2002,1899232719747.26,420516131935.959,0.197854295667482,80.2292682926829,18.4739860052468,47.8713186791542,107.66,13.9,11.78
ITA,Italy,2003,1900496731461.62,418077496056.095,0.540420007681938,79.9829268292683,18.9117941725871,45.9940859777074,129.54,41.88,8.63
ITA,Italy,2004,1928510465814.16,424911783395.82,0.744609563112575,80.7804878048781,19.0931359128263,47.2663923891771,115.45,18.32,10.81
ITA,Italy,2005,1943213635518.5,423790348718.271,0.583653375692943,80.7829268292683,19.5433431498437,49.1221742288618,122.34,17.21,9.56
ITA,Italy,2006,1978181374737.88,446036918765.569,0.400079310970985,81.2829268292683,19.3941241808101,52.9235429597012,127.86,23.72,6.74
ITA,Italy,2007,2007108163772.48,456774301192.83,0.608396959196212,81.4341463414634,18.9469848114449,54.8280415572531,133.99,23.74,7.68
ITA,Italy,2008,1986572667176.02,438491786716.168,0.771291301351719,81.4853658536585,19.4883090708703,54.214254895667104,122.18,26.09,12.54
ITA,Italy,2009,1881181927615.29,370654571322.596,0.579748620940622,81.6365853658537,20.5892052227792,45.1414765721604,118.13,25.79,11.86
ITA,Italy,2010,1909947188308.66,392841263666.245,0.442226157086815,82.0365853658537,20.4683139046718,51.6621118138339,96.57,18.2,15.66
ITA,Italy,2011,1923230167272.61,390160193467.27,0.346167211080488,82.1878048780488,19.7131321083587,54.4722149449288,138.1,21.39,8.69
ITA,Italy,2012,1863124632394.25,329306147587.956,0.273513088134657,82.2390243902439,19.7044703023489,54.8844952702204,129.47,35.31,11.5
ITA,Italy,2013,1829252558793.34,310685047976.921,0.199772918304074,82.690243902439,19.7032469855095,54.0341846317499,107.82,20.04,11.95
ITA,Italy,2014,1829227175768.29,313638328929.914,0.0150772197985246,83.090243902439,19.437905453041,54.4545299332032,108.8,12.51,12.93
ITA,Italy,2015,1845428048839.1,318914280083.555,-0.151143561276007,82.5439024390244,19.0193134916677,55.4356858148221,134.79,31.51,10.42
ITA,Italy,2016,1868241619489.51,335021598920.815,-0.190090486385849,83.2439024390244,18.9253442826016,54.4321467018313,106.87,19.83,10.48
ITA,Italy,2017,1898202609462.08,349461762237.151,-0.188100912559894,82.9463414634147,18.7448158290116,57.5829940274911,139.48,33.769999999999996,8.93
ITA,Italy,2018,1913894038926.83,362827591782.062,0.243703643127712,83.3463414634146,18.8133907214108,59.2749835128154,93.86,20.81,11.32
ITA,Italy,2019,1922107755078.16,359413479894.663,-0.700011055973408,83.4975609756098,18.5421071991348,58.6941902594738,116.96,30.47,13.25
ITA,Italy,2020,1751650987235.43,323653822297.098,-0.487095091717782,82.1951219512195,20.5680570300128,53.9394839042764,134.75,24.1,10.81
ITA,Italy,2021,1908092024820.83,415050369544.533,-0.515599998844444,82.6463414634146,19.1946040488087,60.3019776202798,125.91,30.59,10.07
ITA,Italy,2022,2000084512919.56,459712423233.507,-0.20230086688254,82.7,18.7892572071706,72.0165023032697,140.81,41.4,8.46
ITA,Italy,2023,2019599234310.29,456323756663.209,-0.0499178457490556,83.3512195121951,17.6651591380703,65.1071778763174,135.1,32.55,9.83
ITA,Italy,2024,2033588532657.24,457656874723.457,-0.0534387378437725,83.9512195121951,18.57934014281911,62.8237685119526,113.08,42.74,13.9
JPN,Japan,1960,595545661031.155,183055810165.55832,1.1972365567099514,67.6956097560976,12.280906478446955,27.633714043536642,68.34,14.03,19.05
JPN,Japan,1961,667270419543.776,239057834405.58322,0.89603367679599,68.3519512195122,12.824144904442615,27.465810009820363,70.39,18.47,21.71
JPN,Japan,1962,726717361028.429,255517959035.8048,0.929166208260758,68.6348780487805,12.85168998334784,27.54888939330546,66.77,13.93,21.64
JPN,Japan,1963,788296791335.656,260996057713.35068,1.0134602261801,69.7124390243902,13.12607846322336,27.41826234997304,64.21,11.02,21.14
JPN,Japan,1964,880343907381.489,263969622553.52924,1.04044962804068,70.2065853658537,12.929951569514419,27.46955602796195,64.91,17.5,21.78
JPN,Japan,1965,931577351068.687,283521686691.92004,1.07670845932027,70.2668292682927,13.425827811938571,27.688539280687152,67.01,5.02,22.27
JPN,Japan,1966,1030683781033.35,342136649280.9223,0.91361031403398,70.9158536585366,13.476074534265477,27.958735404842056,62.1,7.35,26.52
JPN,Japan,1967,1144905624564.99,322172740985.8685,1.03457874436927,71.4660975609756,13.152554197218278,27.209501454700913,70.81,16.88,20.82
JPN,Japan,1968,1292397726863.45,371379572833.0589,1.12699684549535,71.6109756097561,13.032150483216144,26.888788729860252,65.27,7.7,21.8
JPN,Japan,1969,1453661751929.24,513409796564.717,1.18881486689276,71.8580487804878,12.350982557455739,22.789190141203246,68.46,12.45,22.37
JPN,Japan,1970,1459462598521.52,529862132120.171,1.15164047221803,71.919756097561,10.877440432821,19.1505027658982,68.87,12.83,21.78
JPN,Japan,1971,1528042629882.78,534443971264.221,2.19425350665006,72.8090243902439,11.6366593014502,19.4949979621367,63.86,11.16,23.75
JPN,Japan,1972,1656605218634.67,587056124202.838,1.40077918128147,73.1536585365854,11.9294364877857,17.7597079538685,54.27,10.14,31.84
JPN,Japan,1973,1789673689005.64,656745964828.024,1.40718874054303,73.2951219512195,12.1370418770721,18.8881828084114,66.86,15.74,19.25
JPN,Japan,1974,1767745894179.63,614379920261.531,1.32958201880625,73.6721951219512,13.334490095696,26.3328277114901,59.54,7.6,24.72
JPN,Japan,1975,1822397100508.49,582437307636.75,1.27270755263251,74.2470731707317,14.6810906624813,24.0754388528729,60,12.3,26.53
JPN,Japan,1976,1894837095325.15,603825386550.041,1.07155981022304,74.6865853658537,14.4136027397231,24.7882584527902,57.65,6.61,27.74
JPN,Japan,1977,1978026847418.67,622177114609.502,0.968032726245575,75.2558536585366,14.3730827435358,23.1271358805034,71.98,9.82,23.64
JPN,Japan,1978,2082307265730.27,668853550402.717,0.910030976022608,75.5846341463415,14.1322416792059,19.3082416556354,66.37,19.12,17.98
JPN,Japan,1979,2196501867256.99,711682653183.506,0.846614502915837,76.1087804878049,14.1831636058036,22.6524277208331,65.15,10.6,26.17
JPN,Japan,1980,2258390310743.42,705051088125.212,0.788153475885542,75.9890243902439,14.3504718718161,26.6493645048206,64.53999999999999,2.54,28.51
JPN,Japan,1981,2354611841484.43,725778448616.184,0.728460836014089,76.3948780487805,14.3720738675364,27.046831592781,66.06,10.82,20.92
JPN,Japan,1982,2431837052476.44,725219727713.085,0.693656149424745,76.8736585365854,14.4874970981903,26.7229126893106,70.13,4.28,22.87
JPN,Japan,1983,2520117566447.53,707201206564.505,0.695583303069267,76.9219512195122,14.5277976279808,24.5171928157615,66.83,12.38,22.9
JPN,Japan,1984,2631276932032.13,745567923611.964,0.648316736732903,77.2912195121951,14.3078536311297,25.803500930353,82.34,16.45,15.85
JPN,Japan,1985,2767045767160.48,819165958199.398,0.625935963624604,77.5604878048781,13.9959335513739,24.1112612306927,70.42,16.669999999999998,23.34
JPN,Japan,1986,2858193572217.93,861596845704.429,0.532357366362317,78.0104878048781,13.9202706254351,17.7990915149376,75.66,11.35,18.3
JPN,Japan,1987,2991067029860.74,918877131083.066,0.482035496974784,78.429512195122,13.8581145703011,16.7887846160853,71.78,11.29,20
JPN,Japan,1988,3190321043522.53,1061844968199.03,0.416110342195181,78.349756097561,13.4700096288535,16.8885147524671,73.36,6.93,20.95
JPN,Japan,1989,3347469412117.91,1159670344111.32,0.399761164504292,78.7685365853659,13.3367102251523,18.5415137410981,67.85,8.78,24.53
JPN,Japan,1990,3509518031563.1,1244594097943.88,0.33178288536374,78.8370731707317,13.3193263921511,19.3357137329228,72.17,21.38,24.49
JPN,Japan,1991,3633170889060.57,1281759519488.4,0.392819832481862,79.0368292682927,13.3603123526588,17.7594512543168,66.83,12.03,26
JPN,Japan,1992,3665890719857.33,1235474095787.88,0.371192387198527,79.080243902439,13.7426283498214,17.018068824019,69.19,11.79,21.37
JPN,Japan,1993,3649056226895.55,1197663365287.27,0.32416759914373,79.3036585365854,14.3483678224167,15.7233391305175,69.15,3.12,27.83
JPN,Japan,1994,3688589488079.23,1170699841025.2,0.279192363973672,79.6968292682927,14.7483119048313,15.8103062322757,80.19,26.75,16.34
JPN,Japan,1995,3785636263361.93,1220496789202.36,0.234590173412918,79.5360975609756,15.079728572976,16.3901049340172,72.44,19.16,20.04
JPN,Japan,1996,3904273220109.61,1307747569903.12,0.226884732460898,80.219756097561,15.1459373245418,18.2538682255522,72.15,13.57,19.03
JPN,Japan,1997,3942583070732.46,1285931984256.7,0.238271217591483,80.4241463414634,15.3019416593352,19.7835176233669,82.71,12.8,22.11
JPN,Japan,1998,3892499235707.61,1223246035282.07,0.271729610231193,80.5014634146342,15.6654067661838,19.0031862223377,71.7,15.55,28.31
JPN,Japan,1999,3879501014656.82,1167830847061.15,0.182586374140107,80.4609756097561,16.216773574862,18.1256307166911,72.97,13.75,22.51
JPN,Japan,2000,3986755544463.82,1201854935222.81,0.167275578113187,81.0760975609756,16.549191407008,19.5623715839054,61.2,17.95,21.61
JPN,Japan,2001,4002148544212.9,1188805720016.69,0.240952587521069,81.4163414634146,17.2289905143177,19.5596044720071,73.04,16.37,19.98
JPN,Japan,2002,4003827945767.2,1115638941342.94,0.232527187105684,81.6907317073171,17.7749067788644,20.4471220661583,67.85,17.8,20.68
JPN,Japan,2003,4065291729517.45,1121443822909.96,0.213980948779682,81.76,17.8364695899716,21.3261252678119,70.26,10.18,24.06
JPN,Japan,2004,4154163710039.3,1141426027265.61,0.0336622582725446,82.030243902439,17.7233548337375,23.6643534228975,70.13,18.3,24.95
JPN,Japan,2005,4229100705435.58,1166441771685.4,0.00939209655766336,81.9551219512195,17.7438933244397,26.2299545778565,70.71000000000001,16.33,15.38
JPN,Japan,2006,4287138774362.24,1165728239509.91,0.0633735894181335,82.3219512195122,17.595075361072,30.0163760986692,67.38,14.96,23.02
JPN,Japan,2007,4350758602405.54,1155459652596.27,0.114908847726211,82.5070731707317,17.6343087480996,32.816578051879,74.46000000000001,17.16,17.81
JPN,Japan,2008,4297492743392.88,1121926943652.6,0.0484253945978966,82.5875609756098,18.025030322619,34.1294765412245,68.89,15.7,19.12
JPN,Japan,2009,4052826324003.77,942794855725.252,-0.0124946312294096,82.9314634146342,19.3337393097808,24.3901665338555,69.18,8.9,23.33
JPN,Japan,2010,4218907820178.57,970212990317.135,0.0179605415195644,82.8426829268293,19.2025962424431,28.4984726938389,65.25,24.71,26.93
JPN,Japan,2011,4219912322040.1,999830356599.066,-0.185226486410846,82.5912195121951,19.885399284228,30.1949607286296,72.61,17.93,24.03
JPN,Japan,2012,4277925608846.49,1029498099585.43,-0.159710675844347,83.0960975609756,19.9573325085164,30.4709109171752,62.5,18.96,22.58
JPN,Japan,2013,4363702302793.37,1055186909656.4,-0.144271883387076,83.3319512195122,19.854370134417,33.9787686509511,73.31,20.37,21.18
JPN,Japan,2014,4376627829634.98,1082670286198.62,-0.132694222147042,83.5878048780488,19.9261773555302,37.4314345686579,71.03,9.82,22.72
JPN,Japan,2015,4444930651964.18,1118582261576.95,-0.106124993746747,83.7939024390244,19.617744139153,35.4274083544798,73.39,14.02,25.07
JPN,Japan,2016,4478437728050.46,1126649965095.76,-0.0511374152133631,83.9848780487805,19.6572481017318,31.3102468455884,64.42,18.08,27.4
JPN,Japan,2017,4553466417290.11,1150431067614.1,-0.081874296046114,84.099756097561,19.4117955495929,34.4232135721686,65.66,17.869999999999997,21.59
JPN,Japan,2018,4582763011478.55,1164191337446.62,-0.126880068088791,84.2109756097561,19.5636743323798,36.609931802107,72.28,24.69,25.11
JPN,Japan,2019,4564332550096.38,1164912302253.16,-0.140464977878172,84.3563414634146,19.9451059201578,35.2164181084145,70.78,18.94,20.84
JPN,Japan,2020,4374056271824.01,1102143768533.22,-0.294194617750067,84.56,20.9756766472836,31.335208636773,71.95,19.78,25.83
JPN,Japan,2021,4492005937826.88,1126795314242.32,-0.459952415807642,84.4456097560976,21.2457665716874,36.7384462280698,73.67,16.37,27.37
JPN,Japan,2022,4534320578755.85,1129888938704.86,-0.443851919148528,83.9963414634146,21.5663525457355,46.8129868368938,73.86,22.92,21.64
JPN,Japan,2023,4601203385713.7,1132122030148.66,-0.487370782049143,84.0412195121951,20.031682752848663,45.1508795641248,66.61,31.91,21.35
JPN,Japan,2024,4606002855955.13,1128707976885.02,-0.435651699326323,84.0363414634146,20.09516521831594,46.4069516150859,69.52,33.32,26.58
KEN,Kenya,1960,6102055403.60775,1376783917.24507,3.6865649238988714,48.477,10.9591495841468,64.7658510634232,173.89,196.9,5
KEN,Kenya,1961,5627642874.35474,892322439.268414,3.73009594178482,49.33,12.0286048804568,63.8471214284396,138.4,185.18,6.98
KEN,Kenya,1962,6159869249.6291,825607605.27566,3.82605158835613,50.104,11.6001194813919,62.1629631488411,172.29,186.51,4.66
KEN,Kenya,1963,6700603529.23536,986400072.229809,3.88372295387027,50.758,11.4708805532615,60.9957123202273,149.03,171.39,6.54
KEN,Kenya,1964,7033252799.57237,830311499.989735,3.92703224813929,51.323,13.849176662943,62.6016440907098,165.54,178.44,4.58
KEN,Kenya,1965,7174557471.60245,893737419.179056,3.98207596273243,51.886,14.8428773408747,62.0931711821468,186.63,195.13,3.31
KEN,Kenya,1966,8231266932.82613,1333626795.4778,3.98604523872044,52.383,13.7292601912407,63.2844357676802,177.25,209.23,3.77
KEN,Kenya,1967,8507938913.6599,1423669787.61532,3.96686756505209,52.796,14.1299409359382,57.8373466606088,171.75,189.55,5.66
KEN,Kenya,1968,9187101299.91888,1999149494.28237,3.9536741403055,53.302,15.2073160638914,58.6981709840271,165.95,171.27,6.27
KEN,Kenya,1969,9918323313.70066,2049324225.43631,3.92315983423203,53.734,16.4346740904291,57.6173562446002,190.34,216.14,2.52
KEN,Kenya,1970,9456581036.82684,2822921459.05322,3.84740523915883,54.143,16.2574651625747,60.4896448154228,194.38,205.33,4.58
KEN,Kenya,1971,11553473095.7874,2862655870.60292,3.62867804375875,54.543,17.9802878105615,63.828463016028,185.79,197.24,4.82
KEN,Kenya,1972,13527086974.8446,2628915045.15882,3.47737996329827,55.013,17.6322083444061,55.3149083178315,170.93,210.46,4.53
KEN,Kenya,1973,14324722508.4153,3179383868.01935,3.45251320661983,55.5,16.452237276557,56.0628486849596,191.23,227.06,3.52
KEN,Kenya,1974,14907110911.9045,3008208486.43845,3.38678136919723,56.039,17.0359196756859,74.5734043556142,191.31,208.76,3.62
KEN,Kenya,1975,15038621917.7177,2060567648.33424,3.3228334998343,56.62,18.325399013955,64.3352678198379,179.93,197.87,4.37
KEN,Kenya,1976,15362548495.5997,2306469728.3023,3.24719801479584,57.153,17.4601025041277,64.206108970831,164.49,210.38,3.19
KEN,Kenya,1977,16814892774.0725,3133090794.97941,3.32017154246189,57.684,17.2052260874241,66.5519651594172,127.8,182.42,7.9
KEN,Kenya,1978,17977221151.8912,3880701955.13042,3.44214036466766,58.234,19.51476535934,67.623540661453,153.66,178.38,5.62
KEN,Kenya,1979,19346227179.3826,2930173776.56622,3.46501914434705,58.691,19.1957771865076,57.3641747489486,138.24,189.96,5.78
KEN,Kenya,1980,20428063600.0061,3330233322.13472,3.54426236090347,59.175,19.8033752623493,65.4167959407607,199.22,224.92,3.79
KEN,Kenya,1981,21198925607.9366,3172939933.03683,3.57517296207229,59.562,18.5887512899897,64.2801857585139,159.57,200.6,4.75
KEN,Kenya,1982,21518282813.0601,2452022344.13783,3.57748566435714,59.904,18.4330327782507,58.2157371476402,144.14,195.66,4.34
KEN,Kenya,1983,21799967946.1155,2208108895.92987,3.65320193175194,60.342,18.4216543832185,54.1627053907292,157.7,219.94,3.97
KEN,Kenya,1984,22182604684.4938,2223941471.38272,3.67757870524855,60.611,17.3818333396831,58.8038975780625,190.34,211.4,3.0700000000000003
KEN,Kenya,1985,23136581311.9696,2847263090.82459,3.64262207395944,60.856,17.4602922679533,55.4454345531665,165.7,195.46,4.91
KEN,Kenya,1986,24797222251.1412,2324520393.80191,3.5800083750048,60.818,18.3195669682156,55.7413855927369,170.05,200.66,5.2
KEN,Kenya,1987,26269459979.3708,2841526648.45834,3.52696880389304,60.721,18.568755632614,47.7027680056848,189.19,227.15,4.62
KEN,Kenya,1988,27899002871.2389,2891663139.2339,3.52708553980729,60.32,18.4057892238787,49.9749820917703,166.05,211.55,5.03
KEN,Kenya,1989,29207563408.6722,3184680516.53573,3.50683931732563,59.99,18.0566077928876,53.156377223318,165.45,188.88,4.6899999999999995
KEN,Kenya,1990,30431959354.312,2961915411.67523,3.44045635367696,58.334,18.642430895609,57.0209136817269,162.04,197.63,4.77
KEN,Kenya,1991,30869676465.3409,2729551330.57844,3.23997624716531,57.826,16.7713456618015,55.5976992243654,172.34,208.01,3.88
KEN,Kenya,1992,30622875266.9484,2232125460.15635,3.06483168454324,57.095,15.6822725897384,52.9308701038286,190.57,202.73,3.83
KEN,Kenya,1993,30731034422.1691,2566253995.38258,2.96883713169678,56.668,14.4799654869237,72.8584813635643,186.88,199.16,3.2
KEN,Kenya,1994,31540116338.6072,2799459420.05006,2.903399231403,56.101,15.154926314268,71.2661252293107,175.41,209.69,5.04
KEN,Kenya,1995,32929842156.6672,3034729962.80972,2.83906557159965,55.856,14.8429210451121,71.7457416403035,171.39,215.48,3.83
KEN,Kenya,1996,34295389782.3606,3337690504.4874,2.75278021555245,55.575,15.1805673853703,57.3121107038102,189.88,212.87,3.39
KEN,Kenya,1997,34458259247.3522,3622974360.85738,2.73276496655617,55.478,15.5361521874874,54.0571168602893,188.1,195.64,8.21
KEN,Kenya,1998,35592009621.64,4375946095.58369,2.75957646009425,55.568,16.2499609195116,48.8972419400753,173.32999999999998,201.98,6.43
KEN,Kenya,1999,36412543752.2683,4019994396.45126,2.88430050146184,55.866,15.7532966549933,48.1922749889095,198.51,214.54,2.81
KEN,Kenya,2000,36630908098.8264,4466782355.75315,3.01293994477925,56.084,15.0542922556179,53.3090443862273,215.05,227.37,2.2
KEN,Kenya,2001,38015522174.3133,5008220811.65823,3.13629206541925,56.501,15.9729117514735,55.9468360286644,187.42,214.97,4.37
KEN,Kenya,2002,38223413680.2696,3987834649.58965,3.14626442047843,56.759,17.0779999092115,55.1726722640053,176.23,215.8,4.43
KEN,Kenya,2003,39344305939.1787,4386840175.60823,3.08528898836117,57.369,18.1313185754854,54.132265895729,207.42,223.01,3.93
KEN,Kenya,2004,41352557259.2179,4721447835.18891,3.10482476419105,57.947,17.860065964127,59.4770033484289,191.56,222.09,4.19
KEN,Kenya,2005,43795114731.9782,5346590455.8172,3.07223123352542,58.51,17.3802115523848,64.4788661639796,211.31,235.25,3.45
KEN,Kenya,2006,46629751036.7518,7029373603.11584,3.04704867411558,59.059,14.3469988040006,55.2364851257303,165.4,221.07,5.75
KEN,Kenya,2007,49824229272.6978,7602867042.66607,3.02220921188685,59.407,14.6296114670377,53.8947888046059,176.22,226.22,4.22
KEN,Kenya,2008,49939962360.0343,8677625265.41784,3.02964938264436,59.955,15.6739794237589,57.5785986473131,192.72,230.36,3.71
KEN,Kenya,2009,51591446859.569,9640227082.2226,3.0211086032266,60.483,13.5545947939366,45.9451918127805,213.71,242.58,2.53
KEN,Kenya,2010,55748929986.1062,11099946009.4992,2.90158845467743,60.915,12.9529718175577,50.3942873502834,196.37,230.24,5.13
KEN,Kenya,2011,58603891851.295,11454738804.3234,2.75013743696978,61.283,12.6846420216244,58.4022059745625,186.28,229.28,5.37
KEN,Kenya,2012,61281315911.5794,12955005479.5799,2.6080744180495,61.537,12.2713774212109,51.6236920232481,191.32,233.97,4.72
KEN,Kenya,2013,63608687382.876404,13796371250.1629,2.47210752389349,61.729,11.8426259978213,47.4646425127304,185.06,218.79,5.51
KEN,Kenya,2014,66801914096.6185,16158277569.9924,2.33901192230694,61.99,11.7424945888753,46.170489362216,186.44,231.17,4.13
KEN,Kenya,2015,70120446896.8359,15499001598.6502,2.2270329432256,62.279,12.7266800758884,40.3273846919019,195.43,241.93,5.04
KEN,Kenya,2016,73074983895.0953,14894531990.8649,2.20775684612709,62.526,12.609768629814,34.8650195731824,214.77,233.8,4.21
KEN,Kenya,2017,75879571212.3885,16679978073.52,2.17412854990493,62.725,12.3350790178839,35.9950578754074,203.49,243.52,4.14
KEN,Kenya,2018,80165208728.3956,16289740464.7992,2.03083744189606,62.825,12.3486893953272,34.4147531767425,183.01,215.33,6.96
KEN,Kenya,2019,84264984851.3549,17145159071.1384,1.96381549826771,62.939,12.1707972873275,31.759461841481,177.28,236.03,6.57
KEN,Kenya,2020,84035138346.859,17526713379.6293,1.96197633664853,61.596,12.4776599686236,30.3991387830411,167.03,225.85,7.91
KEN,Kenya,2021,90413816676.9795,19873921140.8161,1.90040858948898,61.225,12.1468578016243,35.0020477795269,220.07,242.48,3.23
KEN,Kenya,2022,94807911027.625,19350469988.2695,1.92297608206469,63.549,12.2133041039933,40.2753238373561,236.6,236.13,2.95
KEN,Kenya,2023,100230916344.516,18278904515.4675,1.98296028478422,63.646,11.7769650802435,41.1110904167396,207.64,232.61,6.17
KEN,Kenya,2024,104966566488.391,19608444897.8546,1.95751431565234,63.834,11.1556008150154,40.1860139968756,202.26,245.48,6.51
KOR,"Korea, Rep.",1960,25956065666.4547,1992955519.59063,2.7520328346722778,53.7975609756098,14.1945773524721,14.5534290271132,109.05,35.17,16.9
KOR,"Korea, Rep.",1961,27752325950.9628,2544553967.02941,2.96724397295283,54.4768536585366,13.2386926378343,17.9267084846484,103.73,30.64,19.02
KOR,"Korea, Rep.",1962,28840704941.5108,2429320007.33953,2.85932081160452,55.0549512195122,13.4965986394558,19.4013605442177,109.59,25.31,19.95
KOR,"Korea, Rep.",1963,31439197234.8066,3788853669.69048,2.78482005271866,55.0254634146342,10.4798464491363,18.5220729366603,102.94,15.96,22.63
KOR,"Korea, Rep.",1964,34402880326.8061,3319321912.75568,2.61539463516021,55.392243902439,8.16408876933423,17.2562205783457,113.28,29.73,21.01
KOR,"Korea, Rep.",1965,36918983033.1291,3483860761.60209,2.54215095083813,55.8645853658537,8.89101338432122,21.3193116634799,108.96,20.75,17.580000000000002
KOR,"Korea, Rep.",1966,41352211966.2705,5710446849.71243,2.51438743184719,55.5229756097561,9.61162335848002,26.4692185899227,109.71,18.4,15.45
KOR,"Korea, Rep.",1967,45136528802.2192,6807723914.1485,2.33501369333053,60.9287317073171,9.79459296178825,28.5606403866485,120.97,28.76,13.14
KOR,"Korea, Rep.",1968,51104880669.0777,9454861244.30787,2.32035109131777,60.9432682926829,10.075611042729,32.524471015767,117.99,11.51,11.49
KOR,"Korea, Rep.",1969,58561431044.9918,12107837311.3411,2.26343403916519,61.4829024390244,9.83643289267309,32.7851221151692,112.68,14.13,21.12
KOR,"Korea, Rep.",1970,64515396100.7241,12319734803.7194,2.18417394689467,62.1634146341463,9.80718792089034,32.2464024952151,112.83,15.77,15.8
KOR,"Korea, Rep.",1971,71387189519.7583,14245625942.829,1.97132365752048,62.6121951219512,10.0768721388881,35.2949644430369,123.17,13.99,17.9
KOR,"Korea, Rep.",1972,76624741567.9558,12451511851.2184,1.87599936966995,63.009756097561,10.3471434195595,37.5350269794586,75.16,14,24.41
KOR,"Korea, Rep.",1973,88099059883.6165,16404823276.1876,1.7682927120788,63.4073170731707,8.76253703108827,50.8155762572724,104.97,29.49,14.84
KOR,"Korea, Rep.",1974,96599657797.1897,21408053122.0609,1.712705419969,63.8048780487805,9.45202409998506,54.5560922172982,104.73,10.24,23.73
KOR,"Korea, Rep.",1975,104261471164.404,21300766332.0048,1.68200005474822,64.1536585365854,10.9188533009618,53.0413670744234,111.41,23.3,19.09
KOR,"Korea, Rep.",1976,118089873272.717,25894798035.3059,1.59655859407233,64.5024390243902,10.6465482053933,52.9647065226265,95.06,8.02,15.54
KOR,"Korea, Rep.",1977,132706204222.942,33845292505.3655,1.55903938603208,64.9,10.543073538123,52.968181433528,142.1,16.43,14.34
KOR,"Korea, Rep.",1978,147396058469.561,44589054914.5649,1.5191967189167,65.1975609756098,9.74803654682562,53.2506492693764,126.92,30.15,15.47
KOR,"Korea, Rep.",1979,160273927312.535,52075531990.2927,1.51687486775835,65.5463414634146,9.62989263366168,53.5162627531667,108.47,11.87,20.62
KOR,"Korea, Rep.",1980,157830929681.353,44453953030.7906,1.55846267819582,66.0463414634146,11.6296501531291,64.2288872286844,111.69,2.74,23.33
KOR,"Korea, Rep.",1981,169516449730.117,45968375407.4326,1.56020399239876,66.5463414634146,11.7339173541957,65.7321937547191,102.08,15.24,18.4
KOR,"Korea, Rep.",1982,183871559685.3,50717376918.5926,1.54546853308404,67.0951219512195,11.4627617698,58.9510039500798,117.91,14.61,13.89
KOR,"Korea, Rep.",1983,208633185451.276,58596752329.7866,1.47421882108841,67.5463414634146,10.8121714240509,56.6061835206801,98.99,15.45,18.49
KOR,"Korea, Rep.",1984,230824674324.955,64621436754.3042,1.23401831140412,68.1951219512195,10.2313802462318,55.9989452185313,122.98,19.35,18.32
KOR,"Korea, Rep.",1985,249149373131.462,69267287247.3604,0.984565597108821,68.7951219512195,10.2658484442328,51.3271375876469,96.39,23.11,24.05
KOR,"Korea, Rep.",1986,277808988270.135,79643209233.5103,0.99472386803381,69.4463414634146,9.92240731196422,58.4215727531928,106.2,7.78,19.68
KOR,"Korea, Rep.",1987,313624703636.085,91493817748.1333,0.985133112424576,69.9975609756098,9.6532724310857,61.1109336570096,111.01,4.68,22.98
KOR,"Korea, Rep.",1988,351677400843.66,109125667797.064,0.979189224150187,70.5487804878049,9.59173068849497,56.9328870268389,128.07999999999998,15.13,12.36
KOR,"Korea, Rep.",1989,376875147732.962,127244646907.118,0.989093268458301,71.0487804878049,10.3960320640343,51.3278198378053,98.12,10.39,24.73
KOR,"Korea, Rep.",1990,414656502991.157,147107624283.949,0.985130494218767,71.5975609756098,10.6077713695246,49.1903734944072,88.97,23.3,20.88
KOR,"Korea, Rep.",1991,459750289581.251,175712569351.511,0.989785981821526,72.0463414634146,10.3743765624694,48.2898598963294,104.54,7.859999999999999,20
KOR,"Korea, Rep.",1992,488951752176.177,177854412661.384,1.03916135557339,72.4975609756098,10.6843938675606,47.2068242485094,106.07,13.31,15.03
KOR,"Korea, Rep.",1993,523152547993.21,187951210587.539,1.01582143742509,72.9975609756098,10.394604231934,45.4216180794097,109,1.38,22.36
KOR,"Korea, Rep.",1994,572181545647.577,215601441082.666,1.00615724501748,73.3975609756098,9.94795798196659,47.7418242135125,134.54,39.18,10.75
KOR,"Korea, Rep.",1995,627888532992.027,236248755446.212,1.00620085457685,73.7,9.74337834936025,51.3967337856387,122.94,20.55,13.08
KOR,"Korea, Rep.",1996,678059525601.662,262909725509.069,0.952779421852704,74.1512195121951,10.1106331154125,51.6134521171463,122.32,24.85,16.5
KOR,"Korea, Rep.",1997,720656531307.353,261381841600.19,0.937713808920155,74.6024390243903,9.96132038779523,55.894947743273,137.8,29.78,18.05
KOR,"Korea, Rep.",1998,685063811513.859,191875490515.274,0.72186501759031,75.0048780487805,11.1137672240493,66.3289851108207,113.43,12.27,24.7
KOR,"Korea, Rep.",1999,764649475913.54,241746737148.572,0.710794593061376,75.409756097561,10.7751603285306,57.8948578896383,125.51,17.98,25.63
KOR,"Korea, Rep.",2000,835011437852.054,277364816137.245,0.836180864297766,75.909756097561,10.5657622556615,64.0588155729056,112.41,27.59,17.34
KOR,"Korea, Rep.",2001,874473540684.493,281428009346.437,0.767241774760276,76.4121951219512,11.3505361029289,60.4277386641693,125.04,29.01,13.6
KOR,"Korea, Rep.",2002,942192762521.074,304082308416.783,0.577957276814842,76.7658536585366,11.3173666243086,56.6688767960273,97.34,16.4,19.88
KOR,"Korea, Rep.",2003,971162614185.718,320202574363.941,0.518321452985646,77.2146341463415,11.6926460752812,59.4242945541732,106.53,7.05,26.29
KOR,"Korea, Rep.",2004,1021504157422.6,333048363141.276,0.396331436697806,77.6658536585366,11.8856980801376,67.9270638751076,131.55,27.89,17.81
KOR,"Korea, Rep.",2005,1066023726231.41,343826265942.474,0.211997784117548,78.1682926829268,12.3342666695472,66.1695148242697,125.83,26.31,17.18
KOR,"Korea, Rep.",2006,1121936729365.41,359200227786.165,0.525199940498775,78.6682926829268,12.8064371013535,68.3749509402263,122.81,23.5,16.83
KOR,"Korea, Rep.",2007,1187479862374.9,375996570807.168,0.505234032920336,79.119512195122,12.8258089855345,71.3239614988013,121.53,20.41,20.24
KOR,"Korea, Rep.",2008,1223156560996.14,374455793021.026,0.759316681850927,79.5170731707317,13.3680401279198,92.0833544961819,129.76,25.02,12
KOR,"Korea, Rep.",2009,1233184753860.86,341994362248.319,0.514682827535803,79.9682926829268,13.9553200396238,83.1246099057162,118.81,14.54,15.42
KOR,"Korea, Rep.",2010,1319281537670.41,402435182307.414,0.49822508440111,80.1170731707317,13.5041083461487,88.0278677123124,108.12,29.34,15.23
KOR,"Korea, Rep.",2011,1367937063745.25,413548163730.314,0.768971758582589,80.5682926829269,13.7084319244367,101.68061646213,132.14,18.77,19.99
KOR,"Korea, Rep.",2012,1402787524457.73,403106150486.495,0.525713660600414,80.819512195122,14.0026335270874,101.51727207905,118.18,25.14,19.33
KOR,"Korea, Rep.",2013,1448958816285.78,409187194940.558,0.455218622164662,81.2707317073171,14.2597016228901,94.1675235855873,122.65,33.42,15.56
KOR,"Korea, Rep.",2014,1495538208413.16,423825719218.853,0.628149861433639,81.7219512195122,14.4870309446874,86.9342577972039,113.36,15.829999999999998,15.23
KOR,"Korea, Rep.",2015,1539212301135.55,451177038823.47,0.527288497407793,82.0243902439024,14.3464638758806,75.3881774564907,113.28,19.76,12.73
KOR,"Korea, Rep.",2016,1588028842393.05,481949614955.43,0.396851823381145,82.2756097560976,14.4415307448348,69.8997221316919,111.29,33.5,18.05
KOR,"Korea, Rep.",2017,1642548917819.59,531350356708.98,0.280968018301691,82.6268292682927,14.5742094583287,73.1921408264016,134.14,26.94,11.34
KOR,"Korea, Rep.",2018,1694718171579.25,529791495057.243,0.433519027613049,82.6268292682927,15.1402621209188,74.7075162140824,127.88,38.220000000000006,19.3
KOR,"Korea, Rep.",2019,1733930596323.25,522114123723.169,0.347874968577526,83.2268292682927,16.06298714056,71.4470632403511,130.49,22.24,17.24
KOR,"Korea, Rep.",2020,1721788880530.99,526239515698.78,0.137869266247028,83.4268292682927,16.9828462110022,65.544957860621,135.62,19.73,21.52
KOR,"Korea, Rep.",2021,1801214449834.76,548066822565.807,-0.128757315474928,83.5268292682927,17.0244387167472,75.3063047610912,121.06,25.82,16.35
KOR,"Korea, Rep.",2022,1850343736945.76,548421606924.458,-0.187486566698935,82.6804878048781,17.6379104489815,90.5851475278549,140.4,28.25,14.88
KOR,"Korea, Rep.",2023,1879634949821.72,549112361934.056,0.077477253324535,83.4292682926829,17.7751832803211,82.2580090716629,110.42,31.71,24.4
KOR,"Korea, Rep.",2024,1917295522781.86,536405810812.447,0.0743178674548815,83.6292682926829,17.4846082538666,84.6424951192038,103.89,50.94,19.54
MAR,Morocco,1960,22222922705.635902,5086011749.514222,2.598926884013543,41.73,11.8343171790493,46.2702448807553,218.58,77.71000000000001,2.79
MAR,Morocco,1961,22975538744.367104,6046413521.65103,2.59949911503816,43.694,12.7792386810503,46.5320380049876,254.81,87.49,1.34
MAR,Morocco,1962,17815468832.53881,3741235429.1063285,2.66311341380874,44.226,12.1242327363557,39.1131104876505,216.66,87.10000000000001,3.1999999999999997
MAR,Morocco,1963,19611923387.51572,4413147127.873263,2.61313490930163,44.768,12.716590966635,38.001041585476,228.53,71.72999999999999,4.49
MAR,Morocco,1964,22559445533.78609,5953732169.625568,2.52312886520977,45.346,13.0640506251311,38.6272185441388,243.56,100.82,1.53
MAR,Morocco,1965,18298916717.76439,3924987618.5042095,2.60389842059825,45.922,11.9973190348525,35.0536193029491,215.86,73.21,2.97
MAR,Morocco,1966,11518527478.3275,1492175955.71664,2.66740253728853,46.495,12.7095355866996,38.3347073371805,241.66,83.47,1.77
MAR,Morocco,1967,12673702326.064,2074062571.02468,2.69275670272462,47.099,12.4545926310327,38.0773222625843,200.94,79.78,2.54
MAR,Morocco,1968,13927351920.6705,1923624227.1063,2.68219926809977,47.659,12.8057988523105,38.5382059800665,220.24,86.02,2.87
MAR,Morocco,1969,15091980118.0894,2817364530.72777,2.65715346834029,48.187,11.9486985226473,37.209805725418,202.77,71.33,3.33
MAR,Morocco,1970,15803334620.7818,3994044579.46864,2.64680544039222,48.691,12.0223765046701,39.216322860996,230.9,87.26,2.41
MAR,Morocco,1971,16687830454.1668,4055358210.85919,2.59518253569122,49.169,12.3130766783328,36.6792418526431,198.41,71.62,2.7
MAR,Morocco,1972,17094552490.3422,3342261871.70894,2.52759258309704,49.706,12.383808095952,37.7969586635254,186.11,56.83,2.28
MAR,Morocco,1973,17703000748.8839,3520067827.3422,2.49045450670657,50.22,11.6671867686066,42.9427367764082,201.8,82.69,1.94
MAR,Morocco,1974,18693669512.4496,4641585419.45959,2.46577302950072,50.762,12.0333929636255,55.7492546213476,220.5,79.84,1.5
MAR,Morocco,1975,20106578472.1074,6069949528.23999,2.46108674916092,51.356,16.0912910933509,55.818845953146,227.03,74.6,2.38
MAR,Morocco,1976,22280658838.1136,7169390786.55538,2.43868897625255,52.048,21.6710737557843,54.6444423458306,218.5,60.85,2.91
MAR,Morocco,1977,23630681317.068,8983891775.40994,2.47603066116063,52.791,20.755209903338,54.2171580153132,228.78,61.32,1.97
MAR,Morocco,1978,24158274887.3154,6171557903.69252,2.53563520321846,53.554,20.7945026652645,46.4392428473003,235.49,78.06,1.62
MAR,Morocco,1979,25316371177.7963,6111402287.27783,2.55512702090297,54.376,21.32553229212,46.8747481585352,223.98,69.81,2.63
MAR,Morocco,1980,26238435140.8487,6770995424.14159,2.62593255873845,55.219,17.8247718746698,47.3420678268738,214.24,89.15,1.28
MAR,Morocco,1981,25780985097.3851,6227579952.03718,2.66439093425071,56.023,18.2251305686179,57.4360558027929,241.05,85.12,0.66
MAR,Morocco,1982,28090283843.6343,6813697225.5447,2.64134602477407,56.869,17.9383874238685,55.3402703571435,217.71,74.05,1.83
MAR,Morocco,1983,28479775173.6037,5722712191.56127,2.59930373342767,57.685,16.4747622261415,52.6140950218936,245.11,86.41,0.96
MAR,Morocco,1984,30307717167.6808,6856125944.77958,2.49966630458029,58.438,15.851528630314,60.3626795175262,240.55,83.05,1.35
MAR,Morocco,1985,32128499365.9112,7417020300.50163,2.38035491289014,59.208,17.1929982326408,59.3150746324922,208.53,89.75,1.66
MAR,Morocco,1986,35107166524.2736,7435918417.61832,2.17766698529866,59.951,17.7440862560006,50.2806035838223,229.23,81.81,1.39
MAR,Morocco,1987,34993066802.2243,7129362593.11609,1.9870856970647,60.62,18.4344941425335,49.6575055142262,225.89,87.78,2.11
MAR,Morocco,1988,39148576061.2285,7582689725.15088,1.91664251827313,61.231,17.5497562375996,50.1376031659319,232.57,86,2.09
MAR,Morocco,1989,40262823843.6365,9023194061.41589,1.85035031950596,61.824,17.3414832161909,50.3508447455349,197.84,85.66,2.57
MAR,Morocco,1990,41636515790.1878,9180213474.12448,1.80543997877046,62.396,15.6975493484979,54.6266874206198,237.31,87.86,1.37
MAR,Morocco,1991,44641043473.6915,9424792930.11473,1.72232725594236,62.919,15.5738195976054,49.7792954766494,213.36,83.01,2.15
MAR,Morocco,1992,43704591004.544,9555601782.06461,1.65347397517767,63.388,16.4648336860816,50.2633161845725,235.38,72.89,0.92
MAR,Morocco,1993,43380918430.9002,9185161487.33254,1.58233207878875,63.868,17.9402510908716,49.668456614101,234.93,72.24,1.6
MAR,Morocco,1994,47974090254.8843,9259367982.10516,1.49661980506301,64.346,17.3529143473192,47.3135537325048,242.47,92.45,1.66
MAR,Morocco,1995,45380875814.1028,9990040720.91944,1.52142282241445,64.725,18.0348883814997,51.7150253841236,231.13,82.91,1.66
MAR,Morocco,1996,50995795428.8466,10422297247.3722,1.53619606424248,65.226,15.797244496597,47.0955434479783,193.68,79.46,4.18
MAR,Morocco,1997,50199902853.4782,11190408567.6854,1.5002842238488,65.616,17.0186462627484,51.1501546486104,225.08,73.12,2.09
MAR,Morocco,1998,53833649265.2898,13202480381.2473,1.48926290977857,66.008,14.3046716040456,45.6723595943991,258.49,91.62,1.28
MAR,Morocco,1999,54747239388.7725,12935971766.7981,1.45749048336448,66.404,15.401886989643,48.578876486646,231.61,96.73,1.01
MAR,Morocco,2000,56160912155.7573,13170416255.527,1.40392630100829,66.794,15.9016441146066,53.4403058388785,258.8,94.96,1.71
MAR,Morocco,2001,60497559620.7789,14406442737.8351,1.36697144784375,67.2,16.1030818469656,53.4915710187871,252.74,103.89,1.02
MAR,Morocco,2002,62754238001.606,15152293392.2783,1.32213816814169,67.582,15.8265248737495,54.31012791421,247.1,90.45,2.48
MAR,Morocco,2003,66626866131.8459,17976119390.0979,1.27031081599857,67.958,15.6322916129518,52.3318582669923,212.9,101.24,2.47
MAR,Morocco,2004,69672633474.8662,19663189430.9783,1.28219021585352,68.272,16.147933012371,55.5516384744536,235.98,93.97,1.22
MAR,Morocco,2005,71896757928.9618,19484428901.2767,1.34347301576107,68.748,16.7934779654902,61.4938276863235,249.27,105.05,0.88
MAR,Morocco,2006,77498104932.5221,21102237628.8231,1.35136550551358,69.157,16.1386944575568,64.6721977787154,210.06,102.63,1.91
MAR,Morocco,2007,80164867241.3167,23925547039.8385,1.34058101398506,69.62,15.9218030895099,71.3496467796657,245.95,88.42999999999999,1.2
MAR,Morocco,2008,84721870674.8237,29398641173.0121,1.33869604527126,70.051,15.2331473156845,77.8344716425602,227.53,90.81,2.38
MAR,Morocco,2009,87895356582.8232,28614091362.0895,1.33260098178586,70.454,16.7508457194611,62.3709560152269,221.18,99.63,2.64
MAR,Morocco,2010,90971304769.4422,28116127753.7487,1.35274286216317,70.821,16.5869372261684,69.541979610144,203.07,97.41,3.92
MAR,Morocco,2011,95997146621.9656,31007601780.3217,1.36305168989377,71.263,17.2210400602812,76.8258714906247,230.04,99.72,2.03
MAR,Morocco,2012,98936909179.3524,30718555843.3459,1.3359712863904,71.674,18.2279591190152,78.2221018956072,252.87,108.58,1.81
MAR,Morocco,2013,103015299181.348,32254690547.1167,1.28781015302784,72.117,18.3285750203973,73.8577565315318,241.86,96.48,1.7000000000000002
MAR,Morocco,2014,105816536606.04,31546105886.1938,1.22723874148544,72.522,19.1051211538423,71.8935667539398,218.36,100.43,3.09
MAR,Morocco,2015,110413823841.592,33319787455.3426,1.17075639938741,72.894,18.1564372764046,67.2886759253849,237.74,98.84,1.23
MAR,Morocco,2016,110989284688.174,36013976563.7658,1.19450726277516,73.228,18.3617257132517,71.1226603816864,226.33,102.58,1.86
MAR,Morocco,2017,116603009678.139,37102428716.801,1.20034336418867,73.608,17.9819739836974,74.1733578786573,251.61,120.82,1.02
MAR,Morocco,2018,120177639735.159,39051612443.4627,1.1036421008163,73.946,17.9957615100603,77.2548875243989,202.5,83.04,2.22
MAR,Morocco,2019,123651944968.713,38969472142.4681,1.03022315933698,74.245,18.1789365690301,75.9981158798422,252.79,103.69,0.81
MAR,Morocco,2020,114775951852.213,34330965958.7837,1.02565486360782,73.133,19.4049859563358,68.8438033904364,239.5,110.64,0.84
MAR,Morocco,2021,124135631043.727,39304094899.1149,1.00691847923959,73.385,18.9738383456202,75.5234171756506,248.84,108.07,1.07
MAR,Morocco,2022,126385828220.594,36873602888.5703,1.00863622672701,75.161,18.9405784157794,100.906310201651,249.91,114.29,1.04
MAR,Morocco,2023,131006044306.041,38467374050.3493,1.02195181223548,75.313,18.150541674579,93.1178844179777,263.74,119.76,0.6900000000000001
MAR,Morocco,2024,135975581947.965,42665099226.7777,0.972827595296714,75.493,17.951915050047,92.1872446062404,239.69,107.97,1.52
MEX,Mexico,1960,152252652596.904,31517483533.8071,3.1048282454548426,53.573,5.64840490797546,20.1692024539877,180.53,102.7,5.18
MEX,Mexico,1961,159865285227.85,32633685643.3246,3.12431006208309,54.422,5.71485875706215,19.0277401129944,181.78,104.58,4.66
MEX,Mexico,1962,167322065048.302,32497359758.7327,3.21786520378848,55.057,6.27031578947368,18.6778421052632,195.01,113.98,3.8
MEX,Mexico,1963,180886675666.712,38075396770.3836,3.2556284602266,55.501,6.51042452830189,18.2737264150943,182.67,108.85,4.84
MEX,Mexico,1964,202422104046.083,45506148999.3033,3.28021557071982,55.916,6.39800796812749,17.4864940239044,170.33,102.36,3.86
MEX,Mexico,1965,216794073428.237,64727155586.393,3.30220788165866,56.688,6.28545787545788,17.1569230769231,184.08,105.5,4.93
MEX,Mexico,1966,230010142144.131,69894375473.5669,3.31367366037443,57.355,6.50552631578947,16.4848684210526,169.43,94.67,5.2
MEX,Mexico,1967,243477063180.69,72811299856.8805,3.30687527382857,57.959,6.57009036144578,15.8771987951807,174.66,97,6.01
MEX,Mexico,1968,266420585702.861,84460526928.6288,3.28116698641116,58.22,6.8416348773842,16.3915803814714,165.17,86.92,5.0200000000000005
MEX,Mexico,1969,275528493192.421,77806786661.5225,3.23014011303745,58.413,6.87692118226601,16.8174630541872,183.75,99.98,6.0200000000000005
MEX,Mexico,1970,293444689473.299,82417354492.7126,3.16225908612736,58.893,7.26198198198198,17.4122972972973,194.12,95.78,5.8
MEX,Mexico,1971,304485451087.955,79789189831.9956,3.09555574369582,59.415,7.61865306122449,16.359693877551,181.17,95.45,4.7
MEX,Mexico,1972,329540972152.434,88924881960.5799,3.03963381322988,60.051,8.62642477876106,16.8900884955752,168.59,99.8,5.12
MEX,Mexico,1973,355446582963.243,101621286014.063,2.98500562726971,60.518,9.17897250361795,17.8768162083936,173.12,92.9,7.79
MEX,Mexico,1974,375980117956.701,119086737362.865,2.92595888908101,61.18,9.1409,18.9811111111111,171.37,95.13,6.26
MEX,Mexico,1975,397578239618.523,121825583854.963,2.85868919208384,61.883,10.3175545454545,16.5145454545455,188.2,95.77,5.8
MEX,Mexico,1976,415141036251.632,122157911323.007,2.78065399816892,62.475,11.0077461706783,18.3570751276441,154.82,87.27,5.57
MEX,Mexico,1977,429216973065.039,115138709534.47,2.70521064388125,62.988,10.760811249324,20.5412871822607,169.03,107.88,4.32
MEX,Mexico,1978,467661689803.874,131310240973.554,2.64578827608807,63.435,10.9198587933248,21.5107402652974,155.48,105.99,7.08
MEX,Mexico,1979,513016316146.832,151816693150.522,2.57646884468688,63.862,10.8968676662321,23.6401173402868,174.67,103.92,6.29
MEX,Mexico,1980,557939217934.888,171166837485.973,2.48448875438519,64.282,9.51091719531118,22.4346196504217,170.64,116.8,6.16
MEX,Mexico,1981,611422385105.064,197194884360.344,2.3376429152144,64.722,10.2009527982723,22.1172749435935,156.19,98.75,9.21
MEX,Mexico,1982,611119202965.59,148959809411.451,2.21239661362638,65.256,9.85257669872132,24.1340136217434,169.81,120.22,5.55
MEX,Mexico,1983,582860269033.109,108218725212.248,2.16009999927553,65.756,8.39115711126528,27.0961020358622,160.3,109.46,7.4
MEX,Mexico,1984,603338559533.217,114098300265.696,2.11119499659794,66.215,8.80251316670849,25.6724173446434,155.9,96.63,9.31
MEX,Mexico,1985,614917928411.617,126721057018.824,2.06882546602699,66.775,8.7214630318366,24.3312923896659,144.94,101.7,6.2
MEX,Mexico,1986,590751900359.025,102793865501.311,2.03427532389064,67.377,8.75656475980654,29.6062225899787,156.3,106.08,6.13
MEX,Mexico,1987,602941257829.795,108490144443.431,2.00496770997912,67.904,8.35812828183434,31.262320842785,165.42000000000002,102.42,6.2
MEX,Mexico,1988,610286657409.907,121507692808.968,1.97542817137593,68.299,8.48490939682856,38.7903369479031,172.51999999999998,107.59,7.63
MEX,Mexico,1989,632412287308.164,126911402972.042,1.92826260803177,68.621,8.32743339061301,38.3296500774472,168.29,118.96,6.45
MEX,Mexico,1990,665614206222.858,141000528556.44,1.91754932281513,69.034,8.430745096664,38.5196964133297,153.49,107.87,6.79
MEX,Mexico,1991,692078394538.287,151631702637.684,1.92579327419213,69.368,9.11590346275984,35.7865351574196,160.37,111.5,7.41
MEX,Mexico,1992,716775997861.725,173038572709.105,1.89386319441602,69.663,9.94287452110455,35.553495904112,142.08,106.7,7.49
MEX,Mexico,1993,737325961811.202,168540768293.641,1.8526849091274,69.961,8.57734983797047,26.1631235736702,170.99,112.3,8.03
MEX,Mexico,1994,769725007521.97,199719686808.753,1.81495080594105,70.302,8.97501349673226,29.1584721341582,162.48,127.31,4.67
MEX,Mexico,1995,724231953299.776,141262364979.835,1.78023269604442,70.703,8.04099372436735,43.6658317263397,177.88,119.25,7.69
MEX,Mexico,1996,769266848274.163,159130177449.597,1.73503044582092,71.088,7.66513804599418,47.7678235339067,191.92,119.13,7.18
MEX,Mexico,1997,824645415966.33,179354364001.732,1.68231791926668,71.472,7.85051211515208,46.4918755715735,144.3,116.51,6.53
MEX,Mexico,1998,875650385843.31,192429090774.647,1.63934798033611,71.792,8.03111070015044,48.0318841400179,185.16,134.22,7.140000000000001
MEX,Mexico,1999,899774820109.764,202676682816.656,1.5989280275378,72.203,8.68918618690726,48.0122495761105,198.32,124.96,7.08
MEX,Mexico,2000,945027051117.631,208834434319.922,1.54272528221216,72.562,9.03701601445798,49.9104091872497,186.13,127.94,6.01
MEX,Mexico,2001,940766441516.06,189896688710.343,1.48303091731143,72.912,9.35531059790458,44.7401090123173,176.28,127.98,5.7299999999999995
MEX,Mexico,2002,938540700989.319,191870537102.87,1.43770526775457,73.106,9.83812245798445,45.209829259652,181.95,131.34,5.88
MEX,Mexico,2003,949667522095.5,195881347643.952,1.398263627903,73.308,10.4980403682373,48.700416880838,179.51,127.08,6.14
MEX,Mexico,2004,983527357381.896,212697634961.877,1.3653083154997,73.432,10.0161818460585,52.0406200335632,157.71,117.08,5.63
MEX,Mexico,2005,1004311720993.85,215680174767.163,1.34857895792648,73.627,10.0762299851121,52.5626446517886,182.38,130.72,6.89
MEX,Mexico,2006,1052569035045.56,236030561754.346,1.35374920696209,73.746,9.89214269664029,54.4821160886169,178.22,130.02,6.77
MEX,Mexico,2007,1074439987409.3,251961151097.864,1.40789058424163,73.796,9.94789283371053,55.2585243944498,180.22,125.31,7.02
MEX,Mexico,2008,1084575522159.75,266062932635.172,1.46015632826518,73.695,10.2592375010335,56.3652818862573,181.76,122.36,9.17
MEX,Mexico,2009,1016298775551.17,235758888925.967,1.4619172053372,73.628,11.3834438576777,54.5917421313503,177.28,136.47,5.74
MEX,Mexico,2010,1066822388048.98,252265254139.541,1.43974472572946,73.718,11.2739649249476,59.2733845293851,187.07,120.17,10.46
MEX,Mexico,2011,1103564231781.62,275264489337.715,1.41534883852036,73.921,11.3282462816794,62.1623872764498,208.18,149.31,7.41
MEX,Mexico,2012,1142776194808.08,282263405943.193,1.35716327923769,74.128,11.4486765368681,64.2579318900113,176.54,138.16,6.07
MEX,Mexico,2013,1152513808584.62,271595338869.21,1.29730808025224,74.289,11.7127320792546,62.6916747735807,166.21,128.83,9.53
MEX,Mexico,2014,1181370028689.69,276689240550.639,1.21002702971431,74.404,11.7538929143727,64.0984090351215,168.82,126.83,7.47
MEX,Mexico,2015,1213294467716.88,287989149034.402,1.06956376155677,74.431,11.901246126141,70.412974676264,138.7,128.57,7.18
MEX,Mexico,2016,1234800030119.7,291001090754.363,0.969124204799117,74.376,11.5736804911904,75.6903034088551,169.08,136.39,6.63
MEX,Mexico,2017,1257912134612.3,290368358653.547,0.935239396499786,74.261,11.2156675514112,76.9521260407254,180,139.31,7.53
MEX,Mexico,2018,1282719194577.95,288893149080.9,0.9466023549862,74.301,11.256296772473,80.2126616568975,168.1,131.63,6.7700000000000005
MEX,Mexico,2019,1277682078094.17,276634553240.776,0.950144329831411,74.53,11.1079031013032,77.4619722571128,170.07,139.42,6.1899999999999995
MEX,Mexico,2020,1170944075446.26,225890192727.902,0.820454117563552,70.449,12.1968302781894,76.8545557056016,193.73,145.9,7.2
MEX,Mexico,2021,1241768434200.36,251550652416.249,0.66740537533078,69.75,11.4047335559142,83.0692976357895,181.51,134.28,7.66
MEX,Mexico,2022,1287835026749.81,269998643314.615,0.753116988604166,73.973,11.1310457406985,88.7984855867186,190.33,130.7,7.17
MEX,Mexico,2023,1331023107619.63,312435716550.017,0.872178517508623,75.069,11.1313196484459,73.5788616365245,187.86,150.86,5.2
MEX,Mexico,2024,1350022500028.81,322702594139.71,0.860515443690537,75.264,11.2115184707798,74.5889079825143,200.41,155.22,8.37
MYS,Malaysia,1960,10075053649.8072,2476036917.22481,2.672560968769239,57.168,12.3934538015684,92.3286737129219,28.34,132.84,18.1
MYS,Malaysia,1961,10840555621.6448,2408372904.68248,2.58373842201017,58.015,13.6379251116455,90.054963929921,37.28,138.45,16.16
MYS,Malaysia,1962,11536630907.8954,3075012648.84801,2.6079933251221,58.855,13.9546270605517,89.1790435776073,28.85,126.5,25.37
MYS,Malaysia,1963,12383281583.8406,3182190415.0921698,2.61448951710449,59.667,15.4867256637168,89.7058823529412,31.69,137.76,21.31
MYS,Malaysia,1964,13046897050.9237,3250891453.93643,2.59611428546317,60.448,16.8315622328081,86.4297056308782,30.59,132.57,21.7
MYS,Malaysia,1965,14049533276.9683,3596963927.22662,2.54980960808065,61.144,16.9613259668508,85.3149171270718,33.25,115.74,18.65
MYS,Malaysia,1966,15147744693.7571,3672257185.90273,2.48940182057707,61.679,18.0816793099865,81.0765873428245,18.94,76.31,29.84
MYS,Malaysia,1967,15732015396.7718,4163215805.73418,2.36721910470141,62.044,17.4554394591272,79.4919073960254,38.86,103.34,24.13
MYS,Malaysia,1968,16987114742.2068,4438482112.8902,2.26900009863219,62.443,17.106424717999,82.932810201079,39.87,119.11,22.63
MYS,Malaysia,1969,17817535562.9787,3823108064.17831,2.26022307765599,62.868,16.2774113032626,84.2396149046176,30.89,130.14,25.09
MYS,Malaysia,1970,18884189212.4274,5652648367.91453,2.29763080032873,63.298,18.2771155634458,86.8797024262406,28.26,126.2,26.35
MYS,Malaysia,1971,20779153503.2444,4539461197.99441,2.3751040919662,63.77,16.7502894635276,79.4905441914319,31.73,111.11,22.49
MYS,Malaysia,1972,22729992899.4898,4386499122.51818,2.40180779094825,64.232,19.2545710267229,73.3755274261603,31.18,138.45,17.080000000000002
MYS,Malaysia,1973,25389647919.0597,6715901121.59947,2.39490013420869,64.725,15.6705656144849,77.3326924104043,34.26,145.35,26.07
MYS,Malaysia,1974,27501726905.7384,10238573617.0636,2.3969225246851,65.204,15.3819231778808,96.3863855105434,34.31,119.38,20.35
MYS,Malaysia,1975,27722034464.7822,5669799819.1778,2.39071194293749,65.697,17.5711982804944,90.6457101916532,27.55,125.61,22.1
MYS,Malaysia,1976,30927669086.1643,7300642141.81356,2.3959708559326,66.233,15.3142246750935,93.1956560441517,43.67,133.45,19.49
MYS,Malaysia,1977,33325509326.093,10141484757.8821,2.40168174769843,66.72,16.6604823747681,92.7767470624614,31.75,141.31,21.4
MYS,Malaysia,1978,35542952796.7525,10971139085.6061,2.4007519821355,67.17,16.0745394076968,92.5460592303225,31.23,159.44,19.8
MYS,Malaysia,1979,38865898972.0635,11341279507.7908,2.40198093661577,67.607,13.9475271411339,103.153541271756,40.92,175.08,22.71
MYS,Malaysia,1980,41758231849.7993,12127755283.7106,2.77631260870424,68.061,16.5284760261124,112.587228933744,27.56,165.56,20.75
MYS,Malaysia,1981,44657131817.3834,13957901445.7582,3.15264589492806,68.461,18.0948744207037,110.862131810529,41.66,166.57,21.01
MYS,Malaysia,1982,47311173244.6651,18113234793.8571,3.18472114484825,68.876,18.3213789357657,110.458633524497,33.82,166.21,14.43
MYS,Malaysia,1983,50269176995.279,19353618006.3265,3.22310878172444,69.205,15.6365339844415,108.016296632786,33.7,186.62,20.05
MYS,Malaysia,1984,54170965009.8042,21403115549.531,3.25801491550759,69.551,14.7592708988058,106.629792583281,17.4,124.34,26.57
MYS,Malaysia,1985,53615577053.7607,13023575836.7571,3.28738816697012,69.863,15.2884987737189,104.683103136698,29.17,149.24,20.19
MYS,Malaysia,1986,54280729183.0432,13079870754.8904,3.27741127041741,70.133,16.9385702712518,106.497751208202,27.83,151.41,23.79
MYS,Malaysia,1987,57098947792.52,13288692299.1048,3.22352401394525,70.351,14.8732811247456,111.919590553123,31.9,178.51,23.97
MYS,Malaysia,1988,62773281162.3831,17520460373.2588,3.14398721440995,70.551,14.2340586770597,122.624228645664,22.28,163.27,30.12
MYS,Malaysia,1989,68460289886.5035,19767170118.5561,3.03962219398994,70.759,14.0621287999012,136.689061416096,29.45,147.4,20.04
MYS,Malaysia,1990,74627553679.509,21429614584.7363,2.94872577944909,70.952,13.7939721702035,146.888252533989,35.2,177.86,20.9
MYS,Malaysia,1991,81751102498.1732,31843147038.5052,2.8158546560368,71.219,13.6940883928836,159.311447263255,32.65,161.99,25.88
MYS,Malaysia,1992,89014784403.7144,27614208778.7102,2.64753082839941,71.483,13.0101803798728,150.611220981935,31.17,160.85,17.46
MYS,Malaysia,1993,97822746879.1401,37780647211.3387,2.55845902443816,71.721,12.631102128994,157.940462501597,28.16,154.2,22.42
MYS,Malaysia,1994,106834219205.048,39383304339.9887,2.54353236939425,71.865,12.2648507886484,179.904942673986,29.54,163.63,23.55
MYS,Malaysia,1995,117335045630.591,52667911792.9768,2.54130598813685,71.979,12.37318685863,192.113200253514,25.33,159.73,31
MYS,Malaysia,1996,129071719045.017,52522382699.8582,2.52310298452386,72.119,11.1054183153879,181.766982485457,36.46,158.98,31.08
MYS,Malaysia,1997,138523307832.505,61361341023.6964,2.48740927032502,72.296,10.7670469667666,185.66511116237,33.14,186.39,18.89
MYS,Malaysia,1998,128328802476.716,34827567728.948,2.45609059309708,72.385,9.76899693902409,209.492202808189,28.74,220.22,24.6
MYS,Malaysia,1999,136205126470.557,35845496626.035,2.38527879909653,72.428,10.9866872365044,217.570919391949,28.69,164.05,29.63
MYS,Malaysia,2000,148271359064.948,49343777381.2993,2.34480241175698,72.732,10.1652352266127,220.406788982074,32.57,177.52,27.1
MYS,Malaysia,2001,149038923296.259,37181135190.5802,2.40351289519482,73.08,12.0392876490092,203.364636010653,31.29,182.98,26.29
MYS,Malaysia,2002,157073594223.932,47604614525.0767,2.41855547054066,73.469,12.95780675499,199.356232695655,46.39,211.34,17.77
MYS,Malaysia,2003,166165798103.902,42414053407.8403,2.36624571909165,73.727,12.9680086157285,194.195129056831,41.47,190.32,22.96
MYS,Malaysia,2004,177437551536.374,48815482394.8008,2.31172452935085,74.027,12.579949709734,210.374265897124,52.76,194.88,20.89
MYS,Malaysia,2005,186898768708.901,39482681473.8417,2.26772984873607,74.37,11.4736063637601,203.854644595624,40.14,204.42,20.38
MYS,Malaysia,2006,197336779111.682,45524435090.6697,2.22705351047756,74.697,11.1676921633288,202.577146840398,26.03,191.4,25.03
MYS,Malaysia,2007,209766600383.972,50013985989.9926,2.17350461828888,74.961,11.5668680674542,192.465506357652,29.55,181.59,32.67
MYS,Malaysia,2008,219902039818.778,50107369131.7923,2.09531674831339,75.151,11.5047879794636,176.668324785148,23.16,172.06,35.1
MYS,Malaysia,2009,216573759299.08,35278947836.0484,1.99206021194285,75.269,13.0484795688336,162.558970452699,31.52,203,26.94
MYS,Malaysia,2010,232654030399.227,61049781512.9149,1.87040612656176,75.376,12.581169028796,157.944764886771,25.8,212.82,30.07
MYS,Malaysia,2011,244970531973.676,61064701827.7329,1.75128008243176,75.488,13.2706614765507,154.937684607226,22.15,184.05,28.83
MYS,Malaysia,2012,258378881826.473,71103925367.7,1.70269513202166,75.552,13.842133658412,147.841754766013,26.86,194.68,30.38
MYS,Malaysia,2013,270506469604.101,68341441978.9148,1.70946282045073,75.464,13.7154015161779,142.720991464873,29.33,197.97,30.82
MYS,Malaysia,2014,286755041078.03,65484514916.6789,1.7147407282165,75.345,13.3287480692634,138.312231176843,36.35,203.22,25.45
MYS,Malaysia,2015,301355266964.947,76617356472.7023,1.73319445645586,75.288,13.0865607985559,131.37007244526,34.87,216.33,23.68
MYS,Malaysia,2016,314764917575.088,80012243777.6117,1.76731054757933,75.371,12.5648977951943,126.8990100257,29.57,241.78,23.8
MYS,Malaysia,2017,333061328477.268,85040321147.5936,1.76466064017847,75.542,12.1925918694431,133.155173371956,24.81,211.03,32.32
MYS,Malaysia,2018,349191778300.005,83706378501.6697,1.70174731907235,75.734,11.9694462955517,130.402625502126,27.79,224.47,26.79
MYS,Malaysia,2019,364602265936.14,80566795391.3129,1.59646653343981,75.9,11.653100184343,123.028562027943,36.51,245.89,21.4
MYS,Malaysia,2020,344706479641.244,70851724519.3566,1.33363323143911,76.057,12.9622736088155,116.788182437638,26.98,226.03,32.69
MYS,Malaysia,2021,356134704342.139,76812706407.9474,1.15251304394292,73.917,12.6368812579757,134.035994690727,34.9,206.45,33.61
MYS,Malaysia,2022,388299855024.742,82664609137.7941,1.1977720012836,75.444,11.6132678517006,146.424604753908,24.85,200.93,37.22
MYS,Malaysia,2023,402034268648.217,88557498488.0274,1.23402869169549,76.657,11.9697728310015,132.593461641599,26.11,233.16,32.95
MYS,Malaysia,2024,422559964245.24,92638975504.7633,1.22058891015438,76.821,11.9648833623958,137.362571161559,33.85,247.24,40.21
PAK,Pakistan,1960,18921911099.4869,3468682459.19458,2.700323103284092,44.101,10.2666069228184,20.3931892012994,239.75,175.48,3.29
PAK,Pakistan,1961,20054831466.1635,5550998545.29482,2.61692428891528,44.956,9.79452404017743,20.2314791209912,223.06,165.05,4.53
PAK,Pakistan,1962,20953861208.7756,6108465096.35881,2.59771591436219,45.85,10.095006090134,21.0913520097442,222.62,168.36,2.89
PAK,Pakistan,1963,22774506905.7757,7094733454.85502,2.64686832380638,46.761,10.3165245782695,23.9887538545257,250.02,178.31,2.12
PAK,Pakistan,1964,24498481838.7543,7856655724.94689,2.69792525640101,47.831,11.2240781086097,23.1259582022109,240.34,174.86,4.16
PAK,Pakistan,1965,27051068282.3803,9548695230.44685,2.73587504585891,48.495,10.897821852311,24.0410837612892,245.88,178.49,2.74
PAK,Pakistan,1966,28617312097.6994,7247823066.40625,2.77605746573216,49.797,14.6748175649725,19.1940852643708,259.04,173,2.94
PAK,Pakistan,1967,30162822259.833,8097871455.65064,2.82147937181904,50.763,11.345861700332,20.4945704157992,229.92,166.6,4.93
PAK,Pakistan,1968,32344565831.098,9153633744.92237,2.84908372808406,51.624,10.5441821600167,19.1325464800501,235.22,174.36,2.02
PAK,Pakistan,1969,34126072054.2236,7526304610.67642,2.86375308045611,52.316,10.5347166799681,17.480471111756,247.07,184.43,2.9
PAK,Pakistan,1970,38000562580.8228,8866843219.26391,2.87605370916423,52.943,10.1484785658939,17.9661158928609,242.71,180.7,2.42
PAK,Pakistan,1971,38178546784.2244,8880943681.65441,2.75587700704686,49.002,10.3758539898801,18.202043669154,247.12,183.41,2.25
PAK,Pakistan,1972,38489093528.9446,8398762441.27998,2.76710611631107,53.824,11.8486272931794,15.8213377718435,222.37,172.34,3.09
PAK,Pakistan,1973,41208064651.9774,8702171442.35516,2.91192871794029,54.09,11.444319326735,28.9797309310733,232.68,177.28,4.16
PAK,Pakistan,1974,42666909141.7874,8281175914.30888,2.94062916480139,54.266,9.69217497900161,30.8301741163651,252.68,180.7,1.72
PAK,Pakistan,1975,44463790022.8473,9227661170.64786,2.98931944120814,54.722,10.7480460142288,32.3880449349271,222.28,168.23,4.3100000000000005
PAK,Pakistan,1976,46756427335.2631,9398375561.74545,3.06099476757709,55.069,11.0022705654935,28.9458746279648,214.15,163.84,4.36
PAK,Pakistan,1977,48602230016.4329,10527157141.0768,3.13596391872731,55.482,11.1614178486524,27.200363276972,218.96,185.78,3.16
PAK,Pakistan,1978,52513996839.0732,10936319088.9819,3.20320937214696,56.072,10.8407907720576,27.9180418977622,224.9,170.28,4.22
PAK,Pakistan,1979,54487701574.7253,11478175129.405,3.46407267837998,56.614,10.4348049149629,32.8645819972809,212.85,167.89,3.81
PAK,Pakistan,1980,60054003904.3132,12407285422.888,4.08514964566703,57.199,10.0500044837496,35.8968993803885,224.98,177.81,3.04
PAK,Pakistan,1981,64810739569.0917,13150826955.5023,4.17810201190455,57.764,10.1640569957871,35.1680110425743,225.58,171.76,4.03
PAK,Pakistan,1982,69047733113.396,15587918325.8438,3.75957440174228,58.291,10.3412214376278,31.3222832005281,187.65,165.42,3.19
PAK,Pakistan,1983,73728049698.119,15970138615.4305,3.46220072057645,58.663,11.4180802278896,34.6919621171996,205.5,161.97,4.39
PAK,Pakistan,1984,77462527003.7113,16748677591.9756,3.13509160725294,58.921,12.0868885808071,33.3626328602532,231.93,178.09,2.93
PAK,Pakistan,1985,83343570902.3902,18448773337.955,3.1692834201536,59.075,12.09894166559,33.1707461712947,244.59,179.82,3.5900000000000003
PAK,Pakistan,1986,87928845524.5354,19255012010.2168,3.38057189066263,59.167,12.7614997706654,32.4067307767058,222.53,173.07,4.03
PAK,Pakistan,1987,93602316255.4105,20018947230.3181,3.40943919604165,59.222,13.5344702600445,32.8971019024279,243.34,179.57,3.24
PAK,Pakistan,1988,100739753814.043,19784276435.53,3.36148582370259,59.36,15.5101726560545,33.2842258313357,236.2,183.07,4.18
PAK,Pakistan,1989,105736212788.011,21263051034.4101,3.26806216038551,59.528,16.7849092881409,34.4216591208777,230.3,171.67000000000002,3.1
PAK,Pakistan,1990,110450553630.166,22356832592.1617,3.34304854189447,59.728,15.1367556017165,35.034575900498,220.04,176.05,4.01
PAK,Pakistan,1991,116041083242.324,23030627526.3343,3.30645345087216,59.864,14.2636684303351,35.4196551048403,226.07,167.71,3.09
PAK,Pakistan,1992,124983090542.903,25422648609.5365,2.86254207102062,59.983,12.8420774567953,37.6945397210631,218.57,158.76,5.24
PAK,Pakistan,1993,127179977939.619,26425786586.374,2.7725055318492,60.083,13.0199928594269,38.4993168752315,234.99,179.28,3.24
PAK,Pakistan,1994,131933222221.385,26223597882.3964,2.89269657804833,60.197,12.0210006121682,35.0577237131595,209,169.12,5.890000000000001
PAK,Pakistan,1995,138480552374.263,27226735859.2339,2.89031173222832,60.273,11.7435241130122,36.132753673519,217.12,168.05,4.6
PAK,Pakistan,1996,145192124911.514,28762916779.4959,2.9106898704011,60.466,12.645100187579,38.3301268339895,225.21,176.03,3.75
PAK,Pakistan,1997,146664948034.581,27723520804.8337,2.82827034753681,60.623,11.8935705131795,36.8522661008964,190.81,154.08,3.85
PAK,Pakistan,1998,150405247842.758,28568281828.3292,2.76128567260809,61.134,11.2641056207369,34.011725180531,234,178.45,3.78
PAK,Pakistan,1999,155910279560.875,25942598390.0824,2.7219371038823,61.54,10.360099905424,32.3199628094266,244.71,187.25,2.69
PAK,Pakistan,2000,162552194688.572,27271309816.9809,2.82475983542412,61.903,9.91602763379154,21.4599638884654,247.01,187.5,1.31
PAK,Pakistan,2001,168487544527.033,28569453885.756,2.79615830892104,62.241,8.65570044637045,23.5772074298467,241.69,188.67,2.52
PAK,Pakistan,2002,172859487443.654,27967375095.521,2.45080308981688,62.556,9.6285731910627,23.1290159545291,251.78,187.81,1.59
PAK,Pakistan,2003,182196165734.208,30454120118.7458,2.35391613887513,62.834,9.73121740773071,24.6501585248398,236.1,180.78,3.83
PAK,Pakistan,2004,196464413110.888,33336301397.3133,2.4680911760913,63.097,9.68678523455496,24.8083348519064,247.7,195.54,2.28
PAK,Pakistan,2005,210760292372.08,36412476258.6648,2.40377350441569,62.416,9.16095768410766,29.8784940550747,229.51,176.92,3.06
PAK,Pakistan,2006,223514741630.685,42909650829.7211,2.3820052866049,63.624,11.5685911640004,33.0497193672284,211.01,185.92,4.11
PAK,Pakistan,2007,233449556918.441,44404687705.3959,2.6420312522935,63.807,10.4024928682474,30.7878814312746,217.93,183.19,4.15
PAK,Pakistan,2008,238399717138.761,45986121583.6751,2.67715693120755,64.002,10.5820952940762,34.3489608135242,224.41,191.38,3.54
PAK,Pakistan,2009,246678267936.347,44399194277.8474,2.5412831091032,64.206,11.5288210154985,33.3268872863988,224.97,183.32,2.27
PAK,Pakistan,2010,250382678707.751,41376679302.872,2.47081701538021,64.378,10.9187548907222,31.9890020462315,244.77,190.01,4.71
PAK,Pakistan,2011,257093227079.837,38301536901.2944,2.23690940334662,64.659,10.2265876334272,32.3626382751438,220.17,183.46,3.76
PAK,Pakistan,2012,264876940258.885,39683067085.5089,1.90619981284679,64.883,10.0992931187824,31.3189732760076,210.6,176.17,2.82
PAK,Pakistan,2013,276443758787.987,40741805549.8639,1.62722414834854,65.129,10.2598043429356,30.8902743401844,214.74,177.09,3.82
PAK,Pakistan,2014,287823367553.405,42142088294.923,1.50032405388564,65.374,10.0273769948874,29.4698256903998,232.31,174.2,2.43
PAK,Pakistan,2015,299963590534.773,47427034960.6943,1.40250113589189,65.641,9.78896217919677,26.6881860172247,212.15,176.34,4.42
PAK,Pakistan,2016,319682711890.74,51714028071.0774,1.30216393815952,65.943,10.6089550735279,24.7015780480573,243.72,190.83,2.64
PAK,Pakistan,2017,333853050597.697,55547733236.7968,1.41409990353131,66.223,10.7537396159781,25.472035002344,220.72,190.52,2.79
PAK,Pakistan,2018,354390697428.203,61025461914.8897,1.62371483290292,66.481,10.9936267499128,27.6260570796337,244.49,190.96,1.63
PAK,Pakistan,2019,363242090361.647,55108191130.1162,1.69187124669657,66.729,10.7497525398245,28.9055769867032,183.78,171.7,3.55
PAK,Pakistan,2020,358614068499.253,51769564606.4998,1.80375141301202,65.701,11.7888005549132,26.7162807328814,212.07,174.63,4.61
PAK,Pakistan,2021,381973779235.3,53844546814.2651,1.8867779716011,65.773,10.9295676776143,27.0304204125548,248.71,192.34,1.89
PAK,Pakistan,2022,400224894618.857,56320262421.2727,1.74799739792983,67.417,10.4918852190112,33.031353478032,231.96,188.53,5.95
PAK,Pakistan,2023,398564217461.774,48363163093.3547,1.54880458608849,67.649,10.3442770582193,28.4676925469837,223.52,182.13,2.59
PAK,Pakistan,2024,410716372191.504,47906758621.9691,1.50959876314033,67.799,8.86584603855631,27.5784683520695,234.54,185.23,4.62
PER,Peru,1960,27514598739.2362,3641166333.67524,2.874927019340487,50.597,7.623460023847,40.481307519072,85.93,79.63,12.2
PER,Peru,1961,29536122813.8214,4089516199.76685,2.91552788607425,51.192,8.563691227928,43.0081880467796,76,76.75,12.65
PER,Peru,1962,32500159377.7442,4559250578.46913,2.91170953188299,51.532,8.61309673905775,41.9262285099283,86.27,78.03,11.45
PER,Peru,1963,33906847467.0061,4419345123.08403,2.9013886238878,52.597,8.95612220878794,40.02640036037,79.58,88.36,12.13
PER,Peru,1964,36127022963.5927,4546564850.64924,2.89303697300122,53.302,9.80227080530605,37.3122161348033,78.21,73,11.66
PER,Peru,1965,38157987897.8373,5175052051.78331,2.87316408489562,53.871,10.1103562259132,34.6636826770649,72.84,71.77,12.02
PER,Peru,1966,41301794164.4427,6066315043.47228,2.85164368215185,54.4,10.0705126855425,34.7276170845867,84.14,76.61,13.71
PER,Peru,1967,42892972386.2168,5787953930.16722,2.83127203880249,54.893,9.92696424604416,35.5979163539654,60.61,59.69,12.96
PER,Peru,1968,42958271665.5281,4534604021.56191,2.81317180743938,55.384,9.7303240463335,36.9837839204578,69.77,56.68,14.35
PER,Peru,1969,44468022472.7392,4779982242.53525,2.79389280597849,55.816,9.37666442091951,34.2867623821047,72.41,74.68,12.75
PER,Peru,1970,45964792097.9186,5202960652.98707,2.50853074131782,47.728,11.8903984572682,32.9936758795719,71.87,67.39999999999999,13.42
PER,Peru,1971,48074824231.8113,5980052094.29702,2.46419619287587,56.493,12.0945043159232,28.6149997879165,62.07,47.85,17.28
PER,Peru,1972,49746643129.8434,5633188050.76454,2.65330140780541,56.989,12.7941854608277,28.146861360849,72.84,83.72,14.55
PER,Peru,1973,52869207462.2149,8331623582.73868,2.58910595982888,57.333,12.5739578067439,28.6729886582217,57.32,66.1,16.26
PER,Peru,1974,57831952689.8792,11118859209.4521,2.53021182166389,57.769,11.1873158985311,35.4634343281208,66.98,55.26,13.75
PER,Peru,1975,60319225840.9985,10898852444.1185,2.49203162088518,58.205,12.025892379037,31.9224798968511,61.45,43.23,17.03
PER,Peru,1976,61192111990.3475,9450142327.08686,2.46609956670875,58.57,11.8627940384468,31.4188767856073,64.58,65.63,14.04
PER,Peru,1977,61405711440.1431,8298278241.04068,2.46973783326123,58.895,13.70401429264,37.593827695349,63.94,72.8,14.3
PER,Peru,1978,59783063686.1708,7699149438.5755,2.49050254044295,59.261,10.8648325674039,39.7109149432931,66.43,70.95,15.26
PER,Peru,1979,62228639707.1274,8986932036.97767,2.49394091615229,59.624,8.38733301614957,45.5871354282311,74.74,79.25,12.39
PER,Peru,1980,65927096478.7269,12290658010.6438,2.49507841641763,59.982,13.3615299026563,47.6433980529002,70.73,89.35,12.02
PER,Peru,1981,69587396442.536,15017002143.8217,2.49079465762394,60.325,13.1256120391474,41.2800498631186,68.86,71.82,17.42
PER,Peru,1982,69432408996.4596,13998156975.2012,2.48421250164339,60.559,13.8129329400685,41.0704539418038,63.96,70.18,17.11
PER,Peru,1983,62205824296.2837,9053985169.73995,2.48685840526671,60.764,13.4517636112299,43.2368001967268,66.05,100.71,16.89
PER,Peru,1984,64450388680.324,8511398468.41487,2.47505069098403,61.066,11.7997926413524,39.1900613100916,52.72,61.18,16.43
PER,Peru,1985,65778796308.2426,7266747344.60033,2.43933984551116,61.71,11.7228852406873,44.8787094814746,63.78,61.82,15.1
PER,Peru,1986,71979080889.6031,9431657409.40645,2.35853586036006,62.154,12.4309304720086,34.516331615351604,62.17,55.73,18.06
PER,Peru,1987,78979871696.2567,11551623752.7935,2.28611616082833,62.544,12.2047640228817,27.3509083778214,64.62,82.79,17.4
PER,Peru,1988,71523166041.881,10169241869.7916,2.2691453247117,62.995,8.5077600860946,33.2217909613643,68.7,81.32,15.91
PER,Peru,1989,62717204194.5052,8010130994.846,2.24436468535525,63.405,8.58435859444137,22.5367606006625,64.78,67.62,17.4
PER,Peru,1990,59592279647.2189,8057974311.1953,2.21460821954372,63.979,7.27374848190843,29.469676899683,61.15,64.37,15.86
PER,Peru,1991,60914786737.8504,8396864468.66956,2.10803008186069,64.248,7.61217251643866,26.659254111884,69.15,73.07,15.36
PER,Peru,1992,60585536757.2262,8503424582.35665,2.0364508690957,65.031,7.85955799014648,27.9772921552067,67.87,74.04,15.55
PER,Peru,1993,63762386032.6397,9499797890.26758,2.01664193906499,65.732,7.98563822184906,28.7665865706199,58.82,66.48,17.9
PER,Peru,1994,71610493993.7311,12636797155.4437,1.977894145288,66.544,8.79700544740766,28.9229957698901,57.97,72.81,19.42
PER,Peru,1995,76917830598.9662,15146396567.5846,1.93836467845591,67.22,9.87834994969359,30.9272178475508,75.02,88.08,14.58
PER,Peru,1996,79070739970.4791,14403012917.3389,1.88065410074516,67.85,10.3594236243234,31.6542040912644,67.33,73.79,13.21
PER,Peru,1997,84192012966.592,16551250311.296,1.84880202733493,68.324,10.2385332945999,33.4695458506827,67.26,90.32,14.34
PER,Peru,1998,83862369616.815308,16210185457.6241,1.81901745317137,68.724,10.9812652995953,32.9530217853936,69.75999999999999,95.13,18.16
PER,Peru,1999,85116037105.7632,14028965171.3353,1.72719734410339,69.302,11.5489906334077,33.2057765558493,67.57,66.52,14.23
PER,Peru,2000,87409379264.7108,13620484735.5347,1.56043059120612,69.821,11.4506268550924,35.5380321623178,65.11,73.07,14.76
PER,Peru,2001,87949475111.0632,12679566180.665,1.3676462262452,70.315,11.7171706103755,35.0644014310212,61.92,77.67,13.19
PER,Peru,2002,92745825187.2292,13181196103.6002,1.19300655774598,70.815,11.165025870435,35.2491813317695,59.92,83.22,13.4
PER,Peru,2003,96608710264.5646,13849915184.3916,1.06536414066423,71.278,11.518716629881,37.6246103251002,71.03,84.64,14.13
PER,Peru,2004,101398766434.291,13877461336.2291,0.980296012446146,71.447,11.2562792024042,41.9360782679273,70.37,87.5,12.62
PER,Peru,2005,107771740073.589,14741540625.4469,0.889996951132914,71.988,11.444512241325,47.3573174768394,80.04,105.36,13.46
PER,Peru,2006,115885765581.756,19846639949.5377,0.791526842084803,72.337,10.9166950883829,51.7850560338442,75.13,95.99,14.93
PER,Peru,2007,125757364463.195,25529483563.4829,0.725382868960412,72.746,10.455030294689,55.6881132836815,73.31,92.36,15.71
PER,Peru,2008,137234696225.05,33468212033.1713,0.657968680657885,72.743,10.3708617908307,58.4337673899053,71.14999999999999,94.54,16.42
PER,Peru,2009,138738546494.974,26706356655.8026,0.617089075143821,72.631,11.466355995307,48.1119296153519,64.38,94.24,17.83
PER,Peru,2010,150298879148.001,36271395432.0011,0.652636898148331,72.886,10.5258359246036,51.6728089370033,81.54,111.61,15.48
PER,Peru,2011,159808578409.161,40699801789.2422,0.746934823460309,73.327,10.3623514688753,55.9882802838607,69.67,92.53,16.44
PER,Peru,2012,169620385179.423,44563874483.1812,0.83691693370644,73.979,10.8712123448481,52.6198952632294,69.61,97.5,19.33
PER,Peru,2013,179547449111.361,48353645057.0324,0.901339196033327,74.591,11.5009309068431,49.7871424471444,65.79,96.22,18.49
PER,Peru,2014,183824551906.256,47842591450.5739,0.994129278893009,75.26,12.4020903759554,46.8531210912899,66.55,91.3,19.27
PER,Peru,2015,189802976285.619,46131830441.7199,1.12847381931302,75.732,12.9655733799238,45.1627686891148,64.09,100.61,19.05
PER,Peru,2016,197306492869.139,43468190048.9089,1.33357065112944,75.951,13.1636888035228,45.3888411964154,77.88,114.95,17.86
PER,Peru,2017,202276318741.548,43481963124.8276,1.47336535107465,75.958,13.2122751962604,47.5135503619971,68.83,100.79,21.91
PER,Peru,2018,210305376512.78,45740022676.7684,1.81253577188754,76.018,13.0774424949562,48.631470171736,70.82000000000001,89.05,18.99
PER,Peru,2019,215017545590.315,45905662037.1595,1.71486934751345,76.275,13.2443725852511,46.9435053754409,69.48,97.75,23.16
PER,Peru,2020,191509018299.917,34907498466.6796,1.19250495254373,73.832,15.8181030380089,44.245967197744,81.42,115.12,17.97
PER,Peru,2021,217099648514.382,47886447823.8941,0.961612354333265,71.596,13.7498135562536,55.427249365522,72.36,101.21,19.81
PER,Peru,2022,223198050485.251,48708482986.6231,0.959183909355287,76.834,13.3949556323686,57.2969759649721,88.19,104.11,19.08
PER,Peru,2023,222298021864.381,43768660573.5572,1.09975320783678,77.74,13.5642010031547,50.7851842068664,81.93,121.49,19.83
PER,Peru,2024,229642617310.3,47582715254.9492,1.0937871324756,77.941,13.411797315364,51.4758878672647,90.92,135.56,18.01
SEN,Senegal,1960,3845391101.77094,1457104127.6991525,2.8152951201053966,39.668,5.18570914255023,24.0922122787737,258.53,307.69,5.01
SEN,Senegal,1961,3960500894.65365,2017358256.8795009,2.81748096900715,39.715,4.84496823605349,31.0092686118425,250.4,311.32,7.05
SEN,Senegal,1962,3955105291.97973,1079170105.357935,2.82073326778007,39.738,5.01666305194035,29.8557028252819,242.01,300.55,4.97
SEN,Senegal,1963,4028847382.54161,2311382392.3342338,2.82256029455455,39.745,5.27467670631651,27.9205523879157,257.4,315.54,7.25
SEN,Senegal,1964,4185324877.91611,1096354242.5892618,2.8378577001018,39.755,5.26916958057249,28.0073275490751,248.19,296.54,6.4399999999999995
SEN,Senegal,1965,4241081336.12329,573173436.548316,2.87894325241237,39.761,5.43227046222484,26.9518559906328,252.23,280.34000000000003,5.47
SEN,Senegal,1966,4363087108.93029,487072492.078992,2.93109606343671,39.848,5.37036248890981,28.6840155172826,246.11,313.2,4.76
SEN,Senegal,1967,4309866483.6694,529393957.960156,2.9716025775211,39.992,5.47693535874502,27.878278351881,232.84,290.28,6.159999999999999
SEN,Senegal,1968,4580990423.65839,567698408.058074,2.98442559728274,40.15,16.86430867046,35.6041185550288,243.27,325.2,4.11
SEN,Senegal,1969,4280745764.02574,595070840.145602,2.98262882904199,40.398,16.2522493308961,38.930677349546,242.67,318.24,9.28
SEN,Senegal,1970,4647265164.70415,722770761.804711,2.98509819973603,40.789,15.5787303228458,39.3467451277861,242.96,330.53,4.74
SEN,Senegal,1971,4640738106.81172,761072917.158266,2.98948442892748,41.243,16.4468702108475,39.6811824660468,246.71,322.84000000000003,5.4399999999999995
SEN,Senegal,1972,4936966115.3942,891926112.822034,2.99197305396704,41.77,15.6057248209026,43.8706013364347,242.56,333.61,4.33
SEN,Senegal,1973,4661323443.12333,836070504.432241,2.98251676613151,42.429,16.5043764229029,45.2983085904488,247.73,329.59,4.51
SEN,Senegal,1974,4857135177.50285,857461602.632082,2.91017124088259,43.104,15.4644503441586,61.3942914614354,256.71,304.53000000000003,6.06
SEN,Senegal,1975,5223152496.43671,898019762.135509,2.77212999447369,43.938,15.933773446562,52.3800366767628,252.64,307.8,6.800000000000001
SEN,Senegal,1976,5689084008.34184,842046675.912758,2.6292016172694,44.809,16.3688800648868,54.1158121978957,223.45,298.41,4.62
SEN,Senegal,1977,5536451271.68326,786613994.522424,2.43747874841247,45.714,16.8801217457187,63.9537489590316,266.3,336.90999999999997,4.76
SEN,Senegal,1978,5317543794.14988,728172582.856449,2.3357011243472,46.596,19.2614846353482,50.2097268519194,236.88,324.34000000000003,5.85
SEN,Senegal,1979,5689861492.96184,737467312.306345,2.39207763796717,47.478,19.9852459891554,49.8026813756319,215.08,325.2,5.86
SEN,Senegal,1980,5916759625.81974,930720385.295922,2.47218014471202,48.294,23.0351210767583,49.3008323036292,241.65,329.76,5.36
SEN,Senegal,1981,6223261363.46036,1358690951.60564,2.55902817475478,49.083,21.4846405439363,65.8519215038223,240.33,328.72,4.13
SEN,Senegal,1982,6721768519.10687,964182357.618767,2.62972878181791,49.863,18.4660353328923,57.1036068416595,253.93,318.33,4.05
SEN,Senegal,1983,6342159311.79994,679296119.254391,2.68483009110068,50.811,17.5981370101796,68.5643150477465,258.78,339.72,2.02
SEN,Senegal,1984,6591776709.80046,992979099.312975,2.72727133941746,51.694,16.742382529003,65.4332867839953,241.73,329.31,3.4
SEN,Senegal,1985,6820055505.01507,1385968801.54233,2.79056064316103,52.586,16.1863210699508,52.6337717754652,255.99,304.01,5.88
SEN,Senegal,1986,7033317655.08876,1133726303.84238,2.87458943199436,53.718,16.3500620758628,44.8247040340199,256.85,309.75,4.4399999999999995
SEN,Senegal,1987,7473312400.54532,1239457949.42028,2.91341593418838,54.632,16.3066990891119,39.3920531855599,249.6,339.43,4.8
SEN,Senegal,1988,7412287163.3226,1048290720.68415,2.89611580449774,55.546,16.8529521875874,40.6318676835579,256.23,315.4,6.93
SEN,Senegal,1989,7706835393.86617,832147383.115741,2.87460998220746,56.209,16.4198335764995,42.9574202579719,242.07,329.32,6.78
SEN,Senegal,1990,7649320651.26936,1057382763.14404,2.86848639350223,56.674,17.0879039399212,44.7892639604104,261.56,329.16,3.65
SEN,Senegal,1991,7852789724.13743,1211464767.67495,2.84196309841074,57.037,16.0953898921598,42.1828996492748,257.12,331.01,5.43
SEN,Senegal,1992,7956464848.37129,1290382954.00433,2.79707003044845,57.287,16.0408336336672,41.4568617276384,254.44,331.9,4.44
SEN,Senegal,1993,8064689718.09751,1205348126.20732,2.75172642740774,57.348,14.9213280338116,38.7742599564223,256.97,330.28,4.42
SEN,Senegal,1994,8060857301.03684,693810129.661363,2.67683552339622,57.479,13.3450872023032,54.7381345984609,250.4,320.67,6.4399999999999995
SEN,Senegal,1995,8501672122.84215,924771691.837771,2.56448010712284,57.336,12.3144923137639,52.7254034277702,244.98,329.29,5.68
SEN,Senegal,1996,8673403962.06847,919933156.288758,2.44401329997373,57.129,12.8031331514298,46.272432717398,253.22,338.35,5.09
SEN,Senegal,1997,8937561242.89432,1218773708.7296,2.35950995516652,57.107,12.4296583607673,47.2413224036235,245.31,342.65999999999997,3.49
SEN,Senegal,1998,9464741444.3125,1233436366.33869,2.33643949046346,57.076,11.8321263753652,48.0986748167655,263.71,336.6,3.74
SEN,Senegal,1999,10059440324.3535,1518102906.62988,2.37025662196919,57.315,12.4661115181788,49.4852621662422,241.65,317.15999999999997,5.2
SEN,Senegal,2000,10450471990.9721,1448959353.57332,2.41009917724256,57.615,12.0861305779367,48.680089723263,251.09,334.44,4.65
SEN,Senegal,2001,10900976316.0181,2062201224.20852,2.42496943712898,58.158,11.403967254473,49.7205780648314,253.69,344.5,4.41
SEN,Senegal,2002,10908464913.3606,1591070979.30869,2.44966153599012,58.912,12.1765581492826,53.1442994641329,251.59,342.84000000000003,3.91
SEN,Senegal,2003,11518679089.4187,2126170244.31862,2.40684962152091,59.474,12.0382995461628,50.8212198933376,251.29,330.85,5.8999999999999995
SEN,Senegal,2004,12053525217.1809,2111311140.05298,2.34632515714346,60.308,12.6790636644135,53.6592031275529,260.54,340.26,2.76
SEN,Senegal,2005,12573060904.8807,2483493862.36129,2.33918136359556,60.98,12.4486735029545,54.9032435689485,242.49,338.23,3.72
SEN,Senegal,2006,12866110160.1646,2367347378.1995,2.32792929230269,61.801,12.869881187405,54.1362378092613,257.93,337.62,2.5500000000000003
SEN,Senegal,2007,13229850430.9674,2669992496.08387,2.32279384441662,62.653,13.5873050542098,59.2713043549794,269.04,337.18,4.55
SEN,Senegal,2008,13719774159.3291,2532221105.59909,2.3395118470328,63.201,12.788197053837,62.7617698176319,249.73,336.15999999999997,6.26
SEN,Senegal,2009,14097356679.2382,2495444753.07545,2.36561415953051,63.751,13.5676551477361,52.3072908773365,244.44,325.51,5.24
SEN,Senegal,2010,14575382431.8826,2635365214.01994,2.38690195279185,64.221,14.1628239594365,52.4578551962948,246.84,344.59,5.56
SEN,Senegal,2011,14769831308.7257,2783636780.236,2.52791519909846,64.799,14.8307179076936,57.5768785989578,267.78,342.66,4.7
SEN,Senegal,2012,15361066998.8901,2991418653.32455,2.67702425205872,65.229,14.5744556263971,61.9753040040375,242.16,329.94,5.37
SEN,Senegal,2013,15731635117.4164,3396386130.93383,2.96345954605318,65.638,14.5997172827542,60.6267663596737,247.57,337.12,4.58
SEN,Senegal,2014,16710783797.4248,4110145557.2397,3.16757470346908,66.001,14.7346215191571,58.4425289760992,256.72,338.75,2.49
SEN,Senegal,2015,17774766696.1759,4591810360.28824,3.07014792428801,66.451,14.2992772620651,58.1103376742017,258.51,339.9,5.37
SEN,Senegal,2016,18904543055.8656,5173350566.04338,2.97843134010735,66.724,14.0312810079519,54.1081692072139,271.56,341.32,4.56
SEN,Senegal,2017,20304894471.3123,6564025353.26091,2.88769908740551,67.059,13.6339715657972,57.7052798455617,263.19,342.55,4.51
SEN,Senegal,2018,21565674310.7132,7378344092.45263,2.8004569855314,67.379,13.7846307930863,61.7898394793183,265.02,337.62,5.48
SEN,Senegal,2019,22560634320.127,7474988644.23816,2.71760793051867,67.668,14.0076479696607,64.2362506061005,277,346.23,4.55
SEN,Senegal,2020,22863414676.2849,8730322119.77035,2.63303572524896,67.496,14.2802395565824,60.0468716137065,261.53,345.09,8.7
SEN,Senegal,2021,24359596784.117,9733325644.7641,2.53848919398481,66.868,15.1624726863083,69.3759939883832,273.55,347.69,6.23
SEN,Senegal,2022,25297546478.5042,11388843256.2833,2.46764281803509,67.788,15.1470361751039,79.5998216515832,247.9,338.74,5.23
SEN,Senegal,2023,26374572022.2227,11722901445.03,2.38738348832592,68.683,8.0703764544053,71.3930249127445,271.21999999999997,347.8,3.99
SEN,Senegal,2024,27973016519.3217,12331559989.2548,2.32058603495657,68.924,7.92293645951653,68.1405147656211,261.73,341.27,6.5600000000000005
SWE,Sweden,1960,125834712614.541,82043703156.9866,0.6461987283458129,73.0056097560976,14.9733451047734,42.261043818812,97.5,0,2.38
SWE,Sweden,1961,132983751117.043,81017055587.79779,0.471081377263699,73.4743902439024,14.9416090519988,40.0738690135387,97.85,0,1.99
SWE,Sweden,1962,138647591837.048,71004108570.13628,0.55153490392046,73.3504878048781,15.792441332719,39.4023016023198,101.44,0,1.31
SWE,Sweden,1963,146034643797.803,71184834694.49922,0.563633784442054,73.5553658536585,16.2926154665631,39.5536654968845,102.16,0,1.69
SWE,Sweden,1964,155995907021.394,76353190377.6928,0.747117164606475,73.7331707317073,16.2014657044864,40.2302966522402,114.63,0,2.79
SWE,Sweden,1965,161957302442.495,75092035651.58994,0.941845548835765,73.8617073170732,16.7271684995106,40.4013385208758,98.76,0,1.52
SWE,Sweden,1966,165343577415.436,68915739648.71658,0.951566377508855,74.0785365853659,17.7987450135629,39.4599471105089,98.81,0.06,1.72
SWE,Sweden,1967,170908031395.295,68069445774.633575,0.767228099090544,74.1224390243903,18.3939158454582,38.3148357084202,92.93,0,2.43
SWE,Sweden,1968,177126529754.472,69470243742.22296,0.561996748688562,73.9729268292683,19.365657492587,39.2672336932166,111.49,0.25,1.96
SWE,Sweden,1969,185998930797.591,72445182620.3272,0.702745811085643,74.0848780487805,19.5605697425806,41.7599252182972,126.71,0.23,1.52
SWE,Sweden,1970,198039895153.403,57537330815.7984,0.933484921810651,74.6492682926829,20.2664637186319,44.3607461895623,98.85,0.24,2.09
SWE,Sweden,1971,199910671533.143,53465294567.482,0.688095590706231,74.6239024390244,21.2409084982551,43.2420809190305,83.69,0.01,1.95
SWE,Sweden,1972,204486104612.027,52292665578.7811,0.295500378583874,74.7180487804878,21.4643556965819,42.6585435708081,105.31,0.29,2.73
SWE,Sweden,1973,212600074709.457,52961292028.8889,0.172364079652845,74.8673170731707,21.4274530858366,47.3810661084945,93,0.23,1.98
SWE,Sweden,1974,219399440984.236,57875189747.56,0.290164816134143,74.9804878048781,21.924902513371,59.3065344355706,98.95,0.04,1.71
SWE,Sweden,1975,225000407386.083,61572389981.5379,0.3972757346008,74.9846341463415,22.484817520466,51.4061451577882,102.51,1.93,2.16
SWE,Sweden,1976,227381147701.208,60399761099.5647,0.363686099368844,74.9692682926829,23.4960599663194,51.8280659408503,116.01,0.01,1.58
SWE,Sweden,1977,223751556630.806,51706097873.0297,0.355157699857837,75.379756097561,25.9653755442866,51.3490573127088,96.03,0.18,1.56
SWE,Sweden,1978,227670672633.622,44929670261.8483,0.291145575708214,75.4690243902439,26.3780041542142,50.437703442462,100.09,0.02,1.87
SWE,Sweden,1979,236413234399.524,52073842367.2251,0.21822324745441,75.5241463414634,26.7214576853438,56.2326127452152,86.38,0.06,2.16
SWE,Sweden,1980,240432191895.085,56676727539.3904,0.202996791804766,75.7409756097561,27.2493415160501,55.953841492404,106.4,0.01,1.92
SWE,Sweden,1981,241525750662.298,49315338687.3713,0.119920399357645,76.0260975609756,27.557446316177,55.8238360049681,97.46,0,2.75
SWE,Sweden,1982,244541597390.036,49156834967.4599,0.0571917222643352,76.3273170731707,27.4021216355234,60.7438881598141,98.45,0.85,1.62
SWE,Sweden,1983,249189449580.302,49068957857.3556,0.0452736046530332,76.5517073170732,26.7826662513256,64.3946709467025,92.93,0.31,2.02
SWE,Sweden,1984,259729005209.761,54545350535.2533,0.0908696147250346,76.8158536585366,25.8777213892952,64.2765609460771,98.51,0,2
SWE,Sweden,1985,265340122457.298,60446313895.5702,0.165170618633822,76.6678048780488,25.5697132963405,64.0894777838294,101.86,0,2.63
SWE,Sweden,1986,272481282704.234,59809458032.033,0.23256888459452,76.9312195121951,25.267297615522,58.3300241427248,93.76,0.16,1.82
SWE,Sweden,1987,281619877045.928,63857288337.6904,0.333678891427395,77.0921951219512,24.5353535800843,58.7705267884249,101.35,0,2.88
SWE,Sweden,1988,288826638633.873,68468506806.4584,0.459598369773659,76.9792682926829,23.8824928840447,58.4388803652281,90.19,0.27,2.09
SWE,Sweden,1989,296494428192.776,77481702649.5275,0.66718292068369,77.7268292682927,24.1516990037533,59.1255769216923,91.01,0.26,1.62
SWE,Sweden,1990,298731996822.795,78169092998.3166,0.772602675661167,77.5368292682927,25.1987144508567,55.9055187749585,87.24,0,2.28
SWE,Sweden,1991,295308603268.775,66500504252.9841,0.681643117607529,77.6668292682927,26.0243525185501,51.1702274975964,98.85,0.48,1.66
SWE,Sweden,1992,291887179172.021,62169762156.4016,0.586529928761034,77.9987804878049,27.0915497745408,50.8524074665653,96.39,0.13,2.41
SWE,Sweden,1993,285857909819.787,51696749596.2694,0.580838814302139,78.0604878048781,27.4162617561015,58.2335910018621,89.91,0,3.11
SWE,Sweden,1994,297337294167.624,59173022995.7051,0.710705461619655,78.650243902439,26.4292134041919,63.9497416473143,105.48,1.66,1.17
SWE,Sweden,1995,309511442391.393,64463833862.6605,0.524703941553734,78.7404878048781,25.5060103908184,68.6810841853675,94.27,0.03,2.38
SWE,Sweden,1996,314787745399.443,65079332345.0952,0.159147080582875,78.9590243902439,25.8175700040964,66.506522070023,128.55,0,1.79
SWE,Sweden,1997,324435964184.782,66248747443.4195,0.0572622034229794,79.1975609756098,25.3019566330853,71.9948985844646,104.46,0.02,1.88
SWE,Sweden,1998,338210969503.89,72326247978.1442,0.0555121222123307,79.3390243902439,25.3662480201084,74.3347541033848,81.06,0,2.6999999999999997
SWE,Sweden,1999,352419615811.858,74890487017.3282,0.0779271508703018,79.4414634146342,25.3727286845783,74.8479171666973,91.63,0.03,2.19
SWE,Sweden,2000,368740595935.982,80661572406.7314,0.160575484575313,79.6439024390244,24.5255368392648,81.4721590850121,95.99,0.03,3.5700000000000003
SWE,Sweden,2001,373758441664.22,81410160295.7198,0.268470527954234,79.7951219512195,24.7267628665785,80.5691828117714,100.16,0.1,2.27
SWE,Sweden,2002,382271644878.765,79998580110.4102,0.325438067703728,79.8463414634146,25.4018261314798,77.0853186972402,111.27,0.01,1.57
SWE,Sweden,2003,389462280395.789,81681248581.7236,0.372092942799084,80.0951219512195,25.7330801322272,75.3282174864238,117.7,0.17,1.88
SWE,Sweden,2004,405740184306.611,84940818401.7403,0.393298991357658,80.4975609756098,25.0585813234744,78.7358819187356,84.22,0.01,2.13
SWE,Sweden,2005,417073066879.505,87613812938.3408,0.399942762807279,80.5463414634146,24.9303156303092,84.167923018031,88.62,0.07,2.62
SWE,Sweden,2006,436575715827.722,97269358665.3008,0.562483906481893,80.7487804878049,24.6622051843481,88.3302608918239,106.42,0.34,2.38
SWE,Sweden,2007,450654706998.622,108302011539.626,0.741552514625445,80.9,24.2059275965503,89.5469236610223,92.09,0.13,1.79
SWE,Sweden,2008,446494653686.263,106151555683.448,0.779033290770134,81.1,24.7855683275877,92.8083687095596,99.67,0.17,1.99
SWE,Sweden,2009,427493565399.86,86287935073.3702,0.851904412936677,81.3512195121951,26.1322419215826,81.958313967393,88.16,0.04,2.78
SWE,Sweden,2010,452077714777.655,100398613998.227,0.852524628765313,81.4512195121951,25.1879057776486,85.0914849272733,98.43,0.49,2.79
SWE,Sweden,2011,466380936831.165,108202114438.957,0.755150133665177,81.8024390243903,25.0926024146402,86.3907448060188,89.67,0.09,3.54
SWE,Sweden,2012,464448264944.252,102159834035.878,0.739763272434863,81.7048780487805,25.8787030187985,85.2980605424359,78.56,0,2.46
SWE,Sweden,2013,469732138276.917,103105868117.428,0.847348652246305,81.9560975609756,26.3184051620825,81.6402521329964,103.94,0,1.99
SWE,Sweden,2014,480516119003.081,110008587009.39,0.992219728591882,82.2536585365854,26.2755994072154,83.8229810483527,89.3,0.54,1.8
SWE,Sweden,2015,501602351911.6,119334557686.279,1.05745468551674,82.2048780487805,25.8977209771077,84.1730765958171,95.25,0.07,2.89
SWE,Sweden,2016,512292396637.964,124823241656.483,1.25645398510305,82.3073170731707,26.4988102124362,83.4519478574149,100.42,0,1.53
SWE,Sweden,2017,521937949816.044,130058340678.835,1.34744505956262,82.409756097561,26.3066887513623,86.0693088740521,83.47,0,2.32
SWE,Sweden,2018,531177584320.755,132865918809.392,1.16164515996039,82.5585365853659,26.3346572936666,90.4087142361701,112.82,1.84,1.18
SWE,Sweden,2019,545031918111.884,132480738642.389,1.01372226345511,83.109756097561,25.8980495807728,92.7511390290561,89.85,0.7999999999999999,2.03
SWE,Sweden,2020,534492107010.626,130653560903.655,0.722703912882934,82.3560975609756,26.5741578401929,84.4745958141618,87.53999999999999,0.38,2.44
SWE,Sweden,2021,562423939232.591,141542878514.947,0.600591532839468,83.0560975609756,25.9763998405245,91.110237441304207,91.51,0.39,3.46
SWE,Sweden,2022,569484812988.256,148457337450.791,0.68058286829853,83.0585365853659,25.5364171916894,107.111751826512,98.8,0.69,2.42
SWE,Sweden,2023,568322714847.714,140524376344.343,0.472717863265105,83.309756097561,26.3170240463134,107.619709443974,98.11,0,3.26
SWE,Sweden,2024,572983369203.274,142590410612.241,0.313432129983607,84.0634146341463,25.689034811720298,105.883091480464,89.6,0.01,3.22
USA,United States,1960,3414529777328.55,938138933052.8734,1.4301263333922964,69.7707317073171,15.51861155619839,20.57633054295599,128.24,49.82,7.03
USA,United States,1961,3493063962207.1,930151877668.466,1.65773003738953,70.2707317073171,15.056094946400465,20.47968237068275,125.94,46.08,7.65
USA,United States,1962,3706140863901.74,904638845047.1046,1.53799735825387,70.119512195122,15.564809178239171,18.839616106211217,126.96,48.27,6.3100000000000005
USA,United States,1963,3869211061913.41,960869558138.5298,1.43916476170683,69.9170731707317,15.600013579822816,18.15151920298809,131.24,50.27,5.89
USA,United States,1964,4093625303504.4,952948002152.1217,1.38904605518369,70.1658536585366,16.22180555928739,15.431464716022157,129.08,48.73,7.23
USA,United States,1965,4355617322928.67,916369231861.5437,1.25017164562845,70.2146341463415,16.865826315490196,13.937323576725674,117.65,40.55,6.53
USA,United States,1966,4638732448919.04,984199705388.2726,1.1548931907552,70.2121951219512,16.2450118561497,15.600867613245098,137.4,45.46,6.12
USA,United States,1967,4754700760142.02,937486817036.6335,1.08888120728762,70.5609756097561,17.004359417453877,13.163694814530292,128.1,40.07,6.67
USA,United States,1968,4982926396628.82,930940535477.1138,0.998461043585335,69.9512195121951,17.10826514810336,13.657374395560911,126.98,42.3,6.58
USA,United States,1969,5137397114924.31,966020474388.743,0.977242811872469,70.5073170731708,16.915769902326886,13.26412327477252,130.96,45.76,7.05
USA,United States,1970,5148525050913.32,846580601965.77,1.16500266687286,70.8073170731707,17.9618430210295,10.7582854049602,127.44,51.27,6.65
USA,United States,1971,5318051691111.46,892719973462.543,1.26433369185094,71.1073170731707,17.9387904021977,10.7571790359274,128.66,45.91,6.45
USA,United States,1972,5597542001855.35,962503944583.873,1.07052275237269,71.1560975609756,17.6292891150878,11.3406196496001,125.1,44.34,6.83
USA,United States,1973,5913561297887.83,1049008843617.93,0.954476728552297,71.3560975609756,16.7762751723054,13.0792155894304,121.39,45.5,8.82
USA,United States,1974,5881595530900.61,998355108146.066,0.913660196067714,71.9560975609756,17.1626727964469,16.4449863225396,130.25,44.54,7.140000000000001
USA,United States,1975,5869501841744.93,874393827336.613,0.985986067347125,72.6048780487805,17.6107956298994,15.5163736331565,117.37,43.91,7.25
USA,United States,1976,6185752591778.3,1005305451049.37,0.950220048994522,72.8560975609756,16.7879782984202,16.0488456356637,133.24,39.83,6.29
USA,United States,1977,6471793328422.88,1116098025769.66,1.00577199618134,73.2560975609756,16.3879690233478,16.4178946751554,124.37,49.43,7.33
USA,United States,1978,6830020452267.68,1235301937256.96,1.0595730803427,73.3560975609756,15.7667187305319,16.9728342289651,121.59,48.77,7.45
USA,United States,1979,7046258095084.5,1282899338941.17,1.10357656509899,73.8048780487805,15.4036431620963,18.3761632042836,126.14,42.1,8.28
USA,United States,1980,7028165014324.83,1184063409145.94,0.959589922764484,73.609756097561,15.876837875664,20.1098446894226,125.26,53.79,7.52
USA,United States,1981,7206518847030.84,1264236344667.77,0.981415437259678,74.009756097561,15.8102437729982,19.4259131704272,127.94,45.29,7.72
USA,United States,1982,7076584318487.23,1135585854353,0.953317566163514,74.3609756097561,16.5838514332094,17.5368122809184,111.63,41,8.49
USA,United States,1983,7400960152426.85,1234047398312.12,0.914378513375149,74.4634146341463,16.3837857501765,16.6655934803103,116.17,49.23,9.19
USA,United States,1984,7936527167598.33,1527039515354.97,0.865817336309961,74.5634146341464,15.7203773615748,17.5224074224053,114.51,45.84,8.06
USA,United States,1985,8267446647785.83,1563733295284.72,0.886129040850881,74.5634146341464,15.9171086101131,16.603906126303,119.5,44.77,8.02
USA,United States,1986,8553719807215.75,1592056238864.89,0.924164157058979,74.6146341463415,16.1145952588757,16.8979771514343,122.29,46.379999999999995,8.38
USA,United States,1987,8849219149441.71,1647769617794.01,0.893829201032046,74.7658536585366,16.0012069496407,17.9735809845702,121.8,49.05,7.58
USA,United States,1988,9218849474658.13,1675598648806.63,0.907999040167679,74.7658536585366,15.6681698513379,19.0701007058615,128.94,57.51,6.71
USA,United States,1989,9557387553833.15,1736299560439.44,0.944405555428529,75.0170731707317,15.6237968795976,19.4151106604887,130.29,47.3,7.51
USA,United States,1990,9737636593624.97,1718466340568.08,1.12965052045579,75.2146341463415,15.9007731491978,19.8150673537315,118.48,50.47,8.7
USA,United States,1991,9727089478755.8,1628181030849.81,1.33626074073779,75.3658536585366,16.3175698333049,19.7864481240974,119.87,49.96,8.1
USA,United States,1992,10069725930661.5,1717820301777.61,1.38688569247935,75.6170731707317,16.0786874646011,19.9505945023923,116.77,38.33,7.83
USA,United States,1993,10346824232649.6,1810229437052.29,1.31867999977741,75.419512195122,15.6452689260237,20.0446187019752,111.47,43.27,8.67
USA,United States,1994,10763700132799,1973781790743.24,1.2262960888682,75.619512195122,15.2060534337024,21.0554591617453,121.53,48.32,7.99
USA,United States,1995,11052644207040.4,2030321980398.12,1.19078709090209,75.6219512195122,14.9447710913016,22.4533816490568,126.46,47.54,8.32
USA,United States,1996,11469635349338.5,2184458378337.26,1.16341161998189,76.0268292682927,14.5283200229106,22.6870719902412,126.12,44.78,8.62
USA,United States,1997,11979704707077.8,2391583731368.16,1.20396029701272,76.4292682926829,14.2293238255567,23.4283210916839,118.02,41.15,7.79
USA,United States,1998,12516770844481.1,2598878003524.22,1.16571452642589,76.5804878048781,13.9868964790694,22.8258909523693,123.65,51.98,8.64
USA,United States,1999,13116127034705.4,2805055043629.56,1.14834004729055,76.5829268292683,14.0317985261662,23.3135637046602,139.74,45.99,7.23
USA,United States,2000,13650948362520,2976123764492.38,1.11276899679534,76.6365853658537,14.0239517400802,25.1029953595813,129.27,52.24,6.87
USA,United States,2001,13781388409036.2,2857428583953.98,0.989741382223669,76.8365853658537,14.5356379493206,22.967181335596,127.1,49.28,7.12
USA,United States,2002,14015733659783.6,2871166277987.98,0.927797485710314,76.9365853658537,15.0590355024837,22.2863741094897,130.76,55.19,7.66
USA,United States,2003,14407558345762.9,2989613514982.16,0.859481712840946,77.0365853658537,15.2436331781727,22.6273130062789,129.09,48.67,7.27
USA,United States,2004,14961928297813.8,3223056525507.83,0.925483968943482,77.4878048780488,15.158309850606,24.4480622643257,128.84,41.03,8.17
USA,United States,2005,15483134541390.2,3404075616054.93,0.921713167161207,77.4878048780488,15.047143394,25.6385530316517,131.9,55.46,7.37
USA,United States,2006,15914268559668.9,3508550056488.95,0.964253917136075,77.6878048780488,15.0044511883738,26.9752780973197,131.61,56.370000000000005,7.74
USA,United States,2007,16233167950743.9,3450985491270.77,0.951055242772428,77.9878048780488,15.1892879283282,28.0120176822667,131.18,56.82,6.98
USA,United States,2008,16251606759787.8,3235232466369.81,0.945865287282592,78.0390243902439,15.9340733958399,29.8677957945319,126.65,48.53,7.89
USA,United States,2009,15832884074310.8,2701831191203.66,0.876651298802912,78.390243902439,16.8076950275681,24.7595311689876,126.65,45.18,8.06
USA,United States,2010,16259610790677,2981901558441.12,0.846129865832117,78.5414634146342,16.6858457892174,28.2198952346731,126.25,56.89,7.47
USA,United States,2011,16513977256911.2,3109982072603.14,0.79239433316435,78.6414634146341,16.098427999507,30.8424862411943,132.07,59.97,7.64
USA,United States,2012,16892000920975.5,3349693825968.83,0.79838290137163,78.7414634146342,15.4758416244692,30.6818353657295,135.61,63.12,6.47
USA,United States,2013,17249744800617.5,3523302247796.99,0.756560083436754,78.7414634146342,15.0253298264668,30.0079539684645,124.45,51.43,7.89
USA,United States,2014,17685097277697.8,3705342751178.58,0.796023797809134,78.8414634146341,14.5992974323344,30.0044781614855,127.43,48.51,7.56
USA,United States,2015,18206020741000,3917913000000,0.797904713382564,78.690243902439,14.3028948337723,27.8235649187872,123.6,52.43,8.69
USA,United States,2016,18537270454435.6,3932585177733.6,0.785625485688815,78.5390243902439,14.1928765356073,26.6079620604584,127.7,57.69,7.8
USA,United States,2017,18992846546661.7,4098579437705.31,0.692906252591617,78.5390243902439,13.9429433442707,27.3130208877206,128.12,55.21,8.49
USA,United States,2018,19556270302218.3,4326299973081.03,0.586433075122573,78.6390243902439,13.9274534549159,27.6103792720958,122.16,60.6,9.48
USA,United States,2019,20061570168697.6,4467841591072.99,0.515108555014533,78.7878048780488,14.1009184202812,26.4537594940475,115.36,56.07,9.51
USA,United States,2020,19627632559934.5,4333520979783.32,0.408427566758519,76.9804878048781,15.0912418134706,23.4015629969394,131.45,61.05,7.84
USA,United States,2021,20816096100824.5,4622758371020.46,0.157317408951545,76.3292682926829,14.4381701420122,25.6095576621932,127.96,59.31,8.01
USA,United States,2022,21339074561820,4844078782119.65,0.575744520494521,77.4341463414634,13.9429723365358,27.3139397355363,131.67000000000002,62.87,7.77
USA,United States,2023,21955252291273.6,4905698371810.27,0.83149318773707,78.3853658536585,14.89061972161415,25.2903297883366,124.06,55.71,7.46
USA,United States,2024,22568462768174.3,5076733506868.63,0.976421684505429,78.890243902439,14.805762666329938,25.3786342507088,130.69,61.07,8.69
VEN,"Venezuela, RB",1960,33195620728.0197,7442874966.37168,3.3333807639801596,58.376,13.4665575941724,48.5820575746952,71.7,176.18,18.17
VEN,"Venezuela, RB",1961,34255397372.6231,7253239991.65646,3.5610998156399,59.115,11.3513913558319,48.6556394316164,78.76,176.05,18.35
VEN,"Venezuela, RB",1962,37178387740.6498,7932964203.81397,3.49723386798958,59.667,11.2802709568163,49.5793395427604,71.45,172.29,24.01
VEN,"Venezuela, RB",1963,38628698489.9073,7919120179.69386,3.44743054176691,60.502,12.053998632946,47.2245696886845,67.37,182.51,17.37
VEN,"Venezuela, RB",1964,42927819727.1426,10730700342.774,3.40229694421621,61.168,11.1316889749418,48.1611807952409,92.59,180.4,22.18
VEN,"Venezuela, RB",1965,44714847624.4737,10685516198.6133,3.35622144763596,61.909,11.4821357943309,48.2249176005274,76.53,164.28,14.79
VEN,"Venezuela, RB",1966,45390153660.3642,9507687662.33625,3.31693849961177,62.894,11.9994432634882,44.8139993926511,80.89,183.82,18.52
VEN,"Venezuela, RB",1967,46676451168.0637,9875643146.07097,3.27412842154232,63.55,12.0888888888889,44.6359159159159,68.91,157.06,18.37
VEN,"Venezuela, RB",1968,50101210986.8633,12956119475.3533,3.2204179987469,63.908,12.21525855387,44.7895028236076,65.6,158.82,21.16
VEN,"Venezuela, RB",1969,50454943971.7505,13190945486.0234,3.15375291477192,63.84,12.7539269278137,44.3251301773869,52.88,154.48,21.65
VEN,"Venezuela, RB",1970,54345986051.9564,17410420204.2572,3.09913259359461,64.816,12.276213358962,42.0369053339741,59.16,143.18,22.03
VEN,"Venezuela, RB",1971,55149921446.6053,13830708025.5273,3.05459422386915,65.184,13.2094293064525,44.2006615214994,67.89,126.3,16.73
VEN,"Venezuela, RB",1972,55857387416.3792,15014083877.0259,3.00500106904498,65.555,13.3740366166954,43.2691619784722,53.11,136.99,19.73
VEN,"Venezuela, RB",1973,59828824142.9063,15346908750.461,2.96696597438552,65.74,12.6818014279279,47.8209766152922,72.86,133,21.63
VEN,"Venezuela, RB",1974,61066881865.0777,15420869509.7945,2.9395819591844,66.223,11.0362278810343,61.4753105119661,66.72,129.5,18.86
VEN,"Venezuela, RB",1975,62835536182.1423,19137410430.392,2.9216883785441,66.686,13.0283324019035,57.8492438483294,66.9,134.91,20.63
VEN,"Venezuela, RB",1976,67691302949.6391,23020363126.5456,2.911170001683,67.266,14.181815490289,58.5896050450024,56.47,137.89,17.59
VEN,"Venezuela, RB",1977,71936078014.732,29177617572.1152,2.90120378571083,67.726,14.2941184026306,62.148407896934,74.83,175.11,18.84
VEN,"Venezuela, RB",1978,73624343219.7559,28807812716.2227,2.88423643148571,68.108,13.7946882763516,61.3605820418786,65.21,171.24,21.77
VEN,"Venezuela, RB",1979,74187094675.4418,22890930539.0284,2.85729074115345,68.226,12.9498837472381,58.3211464495973,69.42,181.19,19.8
VEN,"Venezuela, RB",1980,70907044067.0446,19211370924.9193,2.81591887200814,68.179,13.3618278448944,57.36822435789,79.75,173.6,15.53
VEN,"Venezuela, RB",1981,69993533420.1474,18996283218.0247,2.77330334164225,68.697,14.4538371995175,55.4064051499257,65.14,165.44,18.52
VEN,"Venezuela, RB",1982,71844719792.0186,21235899331.6441,2.73257068541178,68.985,14.1531167172501,53.0575964403917,52.42,152.03,14.04
VEN,"Venezuela, RB",1983,64764041716.4493,9820042767.19388,2.69463088437118,69.541,13.7578659653278,35.710518706195,63.7,183.27,13.37
VEN,"Venezuela, RB",1984,68146604685.7602,13716260904.2848,2.66099754289596,69.672,9.97721819116723,42.6126711611343,61.56,149.6,15.46
VEN,"Venezuela, RB",1985,68737739371.1559,14385886033.0525,2.62614099270944,69.961,10.1085120529499,39.4405916413658,80.16,145.58,17.16
VEN,"Venezuela, RB",1986,72916862077.9924,14988221203.7708,2.61200318869266,70.528,10.8232073789996,39.0019257030247,62.7,142.57,18.57
VEN,"Venezuela, RB",1987,76417654524.1503,17302880765.8097,2.59621676285258,70.673,9.8816807649396,42.3057460932396,70.23,188.26,18.48
VEN,"Venezuela, RB",1988,81392715709.551,20069984990.4165,2.5550534835076,70.762,10.188461243377,46.3720351821803,81.07,177.16,21.12
VEN,"Venezuela, RB",1989,70063088334.8752,8961532314.28038,2.50092436734704,70.805,9.2498482150956,53.4273196937686,67,152.82,17.53
VEN,"Venezuela, RB",1990,74594665387.4323,8257967549.22097,2.44084938719203,70.964,8.14378432307665,57.7072173831781,49.54,157.6,18.38
VEN,"Venezuela, RB",1991,81852658918.4789,14881417707.6388,2.38168897149485,71.172,9.3412492938253,55.7196397554298,62.65,155.34,19.59
VEN,"Venezuela, RB",1992,86813216020.7278,20564912210.7816,2.31745661857209,71.177,8.88702676496551,53.4761391974746,74.16,163.64,14.64
VEN,"Venezuela, RB",1993,87052308655.3059,16724855531.8012,2.25329732143847,71.385,8.26862890667472,52.3901855240183,58.65,166.84,19.6
VEN,"Venezuela, RB",1994,85007160806.3061,11819347185.636,2.19027461047796,71.283,6.99398697801035,51.4448140048405,68.84,164.04,17.69
VEN,"Venezuela, RB",1995,88366311675.0864,16133945568.0525,2.13415920641198,71.714,6.89278929824928,47.3423429413769,81.78999999999999,193.77,18.14
VEN,"Venezuela, RB",1996,88191409485.9002,14352172043.2718,2.08805824636671,71.92,4.85079327917191,55.9724277883021,68.68,160.01,20.6
VEN,"Venezuela, RB",1997,93810088635.0827,19231174234.6604,2.05088234370289,72.56,13.5321926576284,51.2450364065399,72.41,177.8,14.9
VEN,"Venezuela, RB",1998,94085942041.8022,20067509361.4829,2.01000402655574,72.446,13.4677152827186,43.5993929334366,66.94,201.53,21.48
VEN,"Venezuela, RB",1999,88468580250.5407,17939363117.5147,1.95213333149154,72.088,12.3169723951295,42.0702304843238,50.04,157.64,20.86
VEN,"Venezuela, RB",2000,91730367409.6068,19142407851.305,1.89379499634952,72.388,12.449784505042,47.8572215529808,69.03999999999999,166.5,20.63
VEN,"Venezuela, RB",2001,94843912662.0328,21739604619.6077,1.83097359469052,71.019,14.2372389072529,42.141268017362,79.82,187.15,16.44
VEN,"Venezuela, RB",2002,86444870221.0213,14351382785.9172,1.80801767033013,72.823,13.0073547920911,48.5757106494068,64.00999999999999,188.92,19.48
VEN,"Venezuela, RB",2003,79740811157.8949,9256924133.55054,1.78086326604433,72.056,12.8707769572649,50.577007378194,77.79,203.57,21.06
VEN,"Venezuela, RB",2004,94322699665.0565,17711706317.6859,1.71593189812023,72.752,11.9559161739061,55.3674556023219,65.81,194.77,21.22
VEN,"Venezuela, RB",2005,104054834514.4,23107784089.8996,1.67515351433713,73.075,11.0559042160378,60.1273297561422,57.05,207.35,17.77
VEN,"Venezuela, RB",2006,114327282932.275,31486645323.743,1.62520895526481,72.972,11.7106781208584,58.6655915584603,58.48,198.77,20.92
VEN,"Venezuela, RB",2007,124335011742.635,40354605700.9397,1.54785544927575,73.348,12.4710694856514,56.1990954818909,64.98,204.26,22.82
VEN,"Venezuela, RB",2008,130897232287.454,41238927103.7604,1.45176982660994,72.578,11.8580025862905,51.8290123789932,61.21,187.11,24.06
VEN,"Venezuela, RB",2009,126705506739.332,33370739938.8413,1.36163698615317,72.785,13.7002994343477,38.5209296583297,59.5,214.41,15.58
VEN,"Venezuela, RB",2010,124819126240.736,33717835073.2638,1.30934216855774,73.092,11.2095388384583,46.1368935240203,60.7,216.07,29.73
VEN,"Venezuela, RB",2011,130032103882.235,38840456906.7895,1.28319630933634,73.09,11.5177950119703,49.6381215967995,46.7,196.33,23.41
VEN,"Venezuela, RB",2012,137347654100.449,48185584027.5083,1.25510683013417,73.086,12.035853038397658,50.6485838828706,51.02,197.03,22.35
VEN,"Venezuela, RB",2013,139192362251.361,41463550015.1221,1.20531461336652,73.076,12.16843750722449,62.4795214214587,71.82000000000001,212.76,22.16
VEN,"Venezuela, RB",2014,133771673722.298,31958312326.2518,1.13646612916995,72.837,12.296489154920813,64.2074401112959,77.4,214.86,19.71
VEN,"Venezuela, RB",2015,125449241571.391,24374910168.8171,1.0518040406043,73.004,12.334797674858068,60.288846101805,77.67999999999999,231.21,18.46
VEN,"Venezuela, RB",2016,104072271054.897,11183449109.7193,0.62520243689416,72.002,12.801412811602548,41.307217198655,74.32,226.7,22.43
VEN,"Venezuela, RB",2017,87762679935.5076,3930714116.71384,-0.653495206896492,71.903,13.589498657258877,42.5829358408751,61.7,197.3,21.29
VEN,"Venezuela, RB",2018,70512625399.3064,2702793096.5455,-2.51030049026678,72.641,13.80471473265284,54.6450667905599,72.53,197.6,22.56
VEN,"Venezuela, RB",2019,51010266124.708,3592493107.09261,-2.96041293052007,72.766,13.715304398550915,58.1292903256504,85.63,209.05,21.51
VEN,"Venezuela, RB",2020,35707915777.1561,2435593085.6834,-1.72190477685565,72.369,12.601095787026889,26.0912344958707,84.96,219.61,20.21
VEN,"Venezuela, RB",2021,36049081141.1399,2656844219.52707,-0.727752243229035,71.536,12.402016082501978,29.2263400311727,64.71,177.42000000000002,22.76
VEN,"Venezuela, RB",2022,38933336798.9515,2769154953.03784,-0.087895947265923,72.566,12.326126436358035,27.8982770650022,65.67,186.94,23.87
VEN,"Venezuela, RB",2023,40491326652.4278,2839965885.33448,0.310851368612458,72.514,12.505677338534603,28.0946077372131,89.71000000000001,232.77,17.86
VEN,"Venezuela, RB",2024,42637366965.0064,2937214157.77978,0.369232130679939,72.673,12.231502930652319,26.0811657596499,99.28,257.21,20.49
ZAF,South Africa,1960,65652787805.9248,8519610556.68895,2.909995409012399,52.575,8.0812930068811,46.8554968795007,168.41,73.61,4.13
ZAF,South Africa,1961,68176962953.7039,8630349573.2316,2.80611008680151,53.067,8.36115326251897,43.7481031866464,180.43,67.66,5.09
ZAF,South Africa,1962,72388888580.9052,8309975010.5002,2.9745170090651,53.566,9.24393723252496,43.3523537803138,191.56,75.97,4.9799999999999995
ZAF,South Africa,1963,77726634753.2789,10529696246.4823,3.03102216345899,53.895,8.8868824970979,44.9761382690571,162.23,66.28,5.16
ZAF,South Africa,1964,83897825365.4676,12398377937.1067,3.05403072515018,54.215,9.73067915690867,45.9484777517564,187.67,73.37,3.09
ZAF,South Africa,1965,89034719819.5419,14101813800.6382,3.07475077680414,54.427,9.94108194965185,45.5168719871452,189.77,76.31,2.19
ZAF,South Africa,1966,92986424438.8101,13164139805.0405,3.0983151654606,54.731,10.018717367747,42.0943749384297,193.36,73.48,3.46
ZAF,South Africa,1967,99678213920.999,15704470884.9506,3.11982413750612,54.955,9.82213963366074,42.4918148836386,175.89,63.83,4.82
ZAF,South Africa,1968,103818221927.864,15227085337.0078,3.1172861549371,55.191,10.0801177240026,41.2933289731851,202.98,71.75999999999999,3.03
ZAF,South Africa,1969,108714188432.46,17073964303.4122,3.08861143644416,55.44,10.3089785532534,39.62195565249,179.13,75.09,3.24
ZAF,South Africa,1970,114420228110.938,20027449164.5876,3.03161685092829,55.681,10.754816574294,39.7862232779097,183.88,86.76,4.07
ZAF,South Africa,1971,119316194615.533,22097217851.257,2.928682802326,56.02,11.6758241758242,40.4980888676541,165.54,63.42,4.21
ZAF,South Africa,1972,121290674451.497,19557827896.1334,2.86717847984546,56.377,11.0262124588772,40.7725777353285,196.96,71.79,4.3
ZAF,South Africa,1973,126836017069.922,22197055505.6895,2.85929221900803,56.72,10.2976216263051,41.1514967725166,196.23,68.16,5.37
ZAF,South Africa,1974,134587120944.563,25757879562.4077,2.81998179943284,57.11,10.6994275148455,48.796358852185,155.65,48.44,5.7700000000000005
ZAF,South Africa,1975,136868956455.659,26289066077.3109,2.76983506331808,57.591,12.0359281437126,49.8140560983297,177.77,51.05,5.43
ZAF,South Africa,1976,139948316809.936,23462554635.2449,2.70532462484405,58,12.7798116424,48.8807534303999,168.76,42.12,6.06
ZAF,South Africa,1977,139816794618.765,22176272333.3214,2.70411724439704,58.48,12.467018469657,48.2113862390907,170.19,65.26,5.14
ZAF,South Africa,1978,144031543620.374,21585559675.6732,2.7300332808096,58.991,13.3166948925929,50.9515108298422,179.91,64.37,3.41
ZAF,South Africa,1979,149491087027.625,23644819135.5602,2.70673284661844,59.472,13.3760361718161,54.1070082893745,166.65,78.12,3.29
ZAF,South Africa,1980,159388269160.579,31102840933.098,3.04287989384909,59.961,12.7705099300659,56.5073165127734,186.68,71.07000000000001,3.0500000000000003
ZAF,South Africa,1981,167932741243.855,34208631155.5524,3.40422044115816,60.445,13.272733945852,52.1929556270568,173.54,61.79,4.7
ZAF,South Africa,1982,167288855024.707,27368457780.3396,3.4570930329234,60.936,14.7680003430679,47.141815686779,179.21,77.67,3.29
ZAF,South Africa,1983,164199769714.136,28274996230.9179,3.49338991062419,61.393,14.4055382950336,40.2562021253767,168.6,89.38,3.29
ZAF,South Africa,1984,172572564947.995,28298994912.9731,3.46259350729788,61.837,15.9487888057377,43.392941289225,187.77,84.22,3.79
ZAF,South Africa,1985,170481777771.837,23194098789.9011,3.3347747628988,62.195,16.3261612568652,47.9482663808045,179.32999999999998,73.02,5.72
ZAF,South Africa,1986,170512207473.79,20178891828.1456,3.19707182299971,62.421,16.7804173776086,46.6489279194359,182.32,74.78,4.19
ZAF,South Africa,1987,174094206899.749,19375249687.556,3.11745107840955,62.694,17.4057491732384,44.9712541338082,157.87,82.94,5.2
ZAF,South Africa,1988,181406354481.02,23534785962.6074,3.04602665260698,62.902,16.846878860179,45.8513122493528,154.47,65.61,6.64
ZAF,South Africa,1989,185750664997.127,24237806178.109,2.93949573883366,63.017,16.8213976957956,42.6997653451896,166.46,64.49,5.36
ZAF,South Africa,1990,185160422891.731,21479761564.2596,2.78138037228425,62.942,17.5888534221331,38.2118009241798,170.47,78.43,3.35
ZAF,South Africa,1991,183275036203.752,21334044076.486,2.28466181858316,62.983,17.66995232228,34.8816092569776,173.97,69.56,5.25
ZAF,South Africa,1992,179358388483.382,20026508039.8011,1.79631209038171,62.839,17.9005585499176,34.3213534993474,203.26,97.15,2.47
ZAF,South Africa,1993,181570878123.149,19978074519.251,1.99129597975592,62.618,18.1205609764085,35.6981243460429,176.59,77.34,4.13
ZAF,South Africa,1994,187381146228.486,24168064510.0994,1.61967461179144,62.069,18.1888688750082,37.1146091666279,199.61,73.64,3.36
ZAF,South Africa,1995,193189961762.588,27607036874.2795,1.21388535311637,61.603,16.5269303515062,39.4780337793026,167.12,71.12,5.01
ZAF,South Africa,1996,201497130113.101,27890735223.7214,1.29699420436442,61.079,17.4247248982139,42.199251732528,157.58,60.56,6.22
ZAF,South Africa,1997,206736055498.991,28711980468.1829,1.19798957270412,60.538,17.4918768157123,42.3013344291831,177.72,69.47,4.45
ZAF,South Africa,1998,207769735777.192,29670972704.8034,1.2124158688717,59.912,17.1000261817972,44.0357453368965,181.54,76.19,4.92
ZAF,South Africa,1999,212756209430.574,28742314119.9853,1.08969778624124,59.19,16.8105311881129,42.2582960172673,167.61,85.69,3.74
ZAF,South Africa,2000,221691970228.101,29751974797.5572,0.914659168313889,58.368,16.5672154108403,46.2207217354077,162.3,56.82,7.41
ZAF,South Africa,2001,227677653424.683,29894363856.3547,0.859492168208101,57.161,16.6218512164789,49.170945185829,165.47,69.74,5.99
ZAF,South Africa,2002,236102579035.79,32553747896.2274,0.947036940076663,55.58,16.7803880295906,53.4655016294369,166.27,86.92999999999999,3.53
ZAF,South Africa,2003,243065422272.369,36278232933.7408,0.996556488051653,54.245,16.8663209712168,45.723862568979,180.74,100.25,3.19
ZAF,South Africa,2004,254135982543.496,42074280912.3291,1.00742279739678,53.963,17.0044389815087,45.6435752240041,176.54,82.73,4.28
ZAF,South Africa,2005,267546870424.295,44802006987.2717,1.01260946155511,53.914,16.1488985315911,47.4277813970329,173.1,84.56,3.64
ZAF,South Africa,2006,282539679229.874,50521978296.7323,1.02172490694402,54.22,15.8607403931821,53.7681412741145,157.47,69.35,6.1
ZAF,South Africa,2007,297685145427.081,54881773856.4216,1.05506511201209,54.948,15.8864978575358,57.125139137747,196.57,87.86,3.65
ZAF,South Africa,2008,307184409060.741,59710413472.3457,1.15309551684298,55.982,17.0724538163321,65.9745237996233,181.9,82.27,3.54
ZAF,South Africa,2009,302459639039.778,54681819888.3499,1.19390450655684,57.413,17.7936331368919,49.5875353278801,174.55,77.95,4.4799999999999995
ZAF,South Africa,2010,311653604140.269,55099591706.2009,1.1829095702162,58.886,17.996063602882,50.4060871625999,177.63,88.06,5.1899999999999995
ZAF,South Africa,2011,321528523981.702,61564072364.4535,1.23631458705301,60.602,18.1951431854763,54.6363504358971,169.88,73.3,5.06
ZAF,South Africa,2012,329233094599.263,61123563395.2673,1.47479434391075,61.737,18.8205452606488,55.5826171933345,170.81,87.22,4.54
ZAF,South Africa,2013,337416077838.151,64182455118.7545,1.65265199501405,62.388,19.0813745546722,58.875027630051,196.64,88.77,4.22
ZAF,South Africa,2014,342186555600.731,62115231092.339,1.66144540694123,63.184,19.3140625940978,59.4995740550593,181.72,81.85,4.89
ZAF,South Africa,2015,346709790458.563,64603151779.9023,2.00988840160514,64.053,18.9850713286308,56.7266761447156,192.15,110.19,1.88
ZAF,South Africa,2016,349013858372.625,59185652510.4503,0.940521897823675,64.749,19.3075616545523,55.8612575048782,176.44,105.72,3.28
ZAF,South Africa,2017,353055253707.071,60947260591.0807,0.653837462693277,65.422,19.2360771279531,53.5359318293741,195.56,89.3,4.47
ZAF,South Africa,2018,358551560868.533,60207230839.4183,1.68236992028419,65.726,19.352226142463,54.4855451276341,184.82,97.5,2.77
ZAF,South Africa,2019,359483563936.676,60087702282.0448,1.64957495527878,66.071,19.5800800398681,53.8979964081406,218.71,110.66,3.41
ZAF,South Africa,2020,337307318679.639,44610809808.8882,1.62216431400652,65.15,20.6203398698938,50.7596590804177,197.01,88.39,4.72
ZAF,South Africa,2021,353695896167.047,48295971351.043,1.54055743832642,62.01,19.1219841764515,56.1647136277546,187.13,77.44,6.819999999999999
ZAF,South Africa,2022,360975440918.611,56945377320.8845,1.41397227960081,65.454,18.775567058988,64.94713440234,161.04,79.62,6.51
ZAF,South Africa,2023,363885280375.697,55933210082.9271,1.32810094082844,66.139,19.1795974311491,65.6798759740707,193.02,96.59,4.78
ZAF,South Africa,2024,365831497261.341,50747629433.975,1.24951426055192,66.312,19.1885263808601,61.646770473025,221.19,114.76,3.53
