Code,Name,Year,GDP,emp,rnna,hc,infl,hd30,cdd,r20mm
ARG,Argentina,1960,327019.34375,7.57764291763306,816702.75,1.95386576652527,27.28418,18.28,4.0000000000000036,-1.6540000000000008
ARG,Argentina,1961,337660.5625,7.67295646667481,878633.75,1.96492779254913,13.51399,10.668181818181814,8.796363636363637,-0.5536363636363628
ARG,Argentina,1962,339820.9375,7.77618455886841,925532.4375,1.9760525226593,28.05955,15.059166666666664,12.133333333333333,-2.5074999999999985
ARG,Argentina,1963,327342.6875,7.88867855072022,952883.25,1.98724031448364,24.07401,3.360769230769229,0.509999999999998,0.49538461538461753
ARG,Argentina,1964,352784.5,7.98553991317749,999868.4375,1.99849140644073,22.13781,3.700714285714284,13.473571428571432,-2.1499999999999995
ARG,Argentina,1965,385236.90625,8.0875244140625,1047281.5625,2.00980615615845,28.58496,13.324000000000003,-4.5646666666666675,-1.666666666666667
ARG,Argentina,1966,386146.21875,8.19963932037354,1088177.25,2.02271342277527,31.86142,0.00124999999999886,5.570625,-0.14250000000000007
ARG,Argentina,1967,396909,8.2967119216919,1130581.375,2.03570342063904,29.22604,9.111176470588234,1.7829411764705867,2.235882352941177
ARG,Argentina,1968,417411.03125,8.40144634246826,1179486.625,2.04877686500549,16.2273,8.024999999999999,3.4138888888888914,0.8816666666666659
ARG,Argentina,1969,455670.46875,8.48287391662598,1249613.125,2.06193423271179,7.578273,15.652631578947364,5.284210526315796,1.3852631578947374
ARG,Argentina,1970,470236.90625,8.57740497589111,1318808.875,2.07517623901367,13.57761,9.679999999999993,6.840000000000003,-0.07399999999999984
ARG,Argentina,1971,487923.25,8.65678024291992,1394710.625,2.09646344184876,34.72416,8.359047619047615,10.29428571428572,-0.800476190476191
ARG,Argentina,1972,498060.84375,8.74315738677979,1468528,2.1179690361023,58.45499,4.569090909090896,-1.5736363636363606,1.415909090909091
ARG,Argentina,1973,516708.90625,8.83120441436768,1528677.875,2.1396951675415,60.30293,-1.4995652173913143,-0.6852173913043416,2.474347826086957
ARG,Argentina,1974,544641.75,9.16103172302246,1591252.25,2.16164422035217,24.21354,-2.6270833333333385,-3.0466666666666633,-0.21875
ARG,Argentina,1975,541411.75,9.26017761230469,1652333.125,2.18381834030151,182.7994,4.42799999999999,-2.1947999999999936,0.46000000000000085
ARG,Argentina,1976,541351.3125,9.23285484313965,1724784.875,2.19690632820129,444.0138,-1.1623076923076925,0.4996153846153888,0.2423076923076923
ARG,Argentina,1977,575913.5,9.45600986480713,1823331.625,2.21007299423218,176.031,6.450740740740741,-2.2788888888888863,0.14333333333333265
ARG,Argentina,1978,557362.1875,9.59162712097168,1895201.375,2.22331833839417,175.5097,3.880357142857136,3.4425000000000097,0.9782142857142856
ARG,Argentina,1979,596473,9.75939464569092,1974660.5,2.23664307594299,159.5101,-1.9534482758620797,1.47379310344828,0.9144827586206912
ARG,Argentina,1980,605140.75,9.78753852844238,2058199.75,2.25004768371582,100.7651,14.471666666666664,1.844666666666669,0.9540000000000024
ARG,Argentina,1981,572360.5625,9.83670520782471,2114802.75,2.28316402435303,104.4758,0.8748387096774195,-0.5848387096774204,0.30322580645161246
ARG,Argentina,1982,554266.875,9.98936080932617,2144526.5,2.3167679309845,164.7767,4.3074999999999974,-6.4065625,0.34375
ARG,Argentina,1983,577060.25,10.3157749176025,2175729.75,2.3508665561676,343.8091,6.9869696969696875,-2.9424242424242415,0.8133333333333344
ARG,Argentina,1984,588633.1875,10.5572557449341,2202909,2.38546681404114,626.7217,-5.178529411764707,-5.735882352941186,2.7194117647058835
ARG,Argentina,1985,547687.3125,10.6875839233398,2215763.25,2.42057633399963,672.1798,1.63942857142856,-5.382000000000005,2.2217142857142864
ARG,Argentina,1986,586812,10.9587926864624,2239318.75,2.44188833236694,90.09358,4.443888888888878,-4.352500000000003,1.6900000000000013
ARG,Argentina,1987,601674.75,11.1771202087402,2276186.75,2.46338820457459,131.331,5.683783783783774,-0.554864864864868,0.7343243243243247
ARG,Argentina,1988,589925.5,11.3988361358643,2308918.75,2.48507714271545,342.955,12.284210526315782,7.489736842105259,-1.6449999999999996
ARG,Argentina,1989,548568.4375,11.4962272644043,2318552.5,2.50695705413818,3079.469,15.059230769230751,-0.7923076923076948,-1.1928205128205107
ARG,Argentina,1990,541225.25,11.8114786148071,2316432,2.52902960777283,2313.965,-0.6372500000000088,-0.20250000000000057,1.447000000000001
ARG,Argentina,1991,598032.5,12.1906824111938,2337542.75,2.55256795883179,171.6717,-3.351707317073185,-6.507560975609753,2.8117073170731715
ARG,Argentina,1992,659656.875,12.3859348297119,2388928.5,2.57097387313843,24.89994,-5.681904761904775,-4.152619047619048,2.1747619047619065
ARG,Argentina,1993,700896.375,12.3450126647949,2457381,2.58705997467041,10.61152,5.94023255813952,2.163953488372094,0.634186046511628
ARG,Argentina,1994,741802.4375,12.4161834716797,2540939.25,2.60324645042419,4.177332,8.715227272727255,-1.0352272727272762,0.22977272727272968
ARG,Argentina,1995,720696.3125,11.8353137969971,2597811.25,2.6195344924926798,3.376141,8.201555555555544,3.117777777777775,-2.4053333333333313
ARG,Argentina,1996,760526.75,12.1372137069702,2664185.75,2.62702393531799,0.1556414,3.4532608695651987,1.7099999999999935,0.25695652173913075
ARG,Argentina,1997,822213.5625,12.7625093460083,2753937,2.63453459739685,0.5285887,7.539787234042542,-5.116382978723408,0.971489361702128
ARG,Argentina,1998,853870.25,13.3511428833008,2850290,2.64206695556641,0.885049,-9.177291666666676,-1.8897916666666672,1.0712500000000027
ARG,Argentina,1999,824962.8125,13.461275100708,2917020.25,2.64962077140808,-1.127867,3.809999999999988,-5.771224489795923,0.06938775510204209
ARG,Argentina,2000,818454,13.5983610153198,2969278.5,2.65719604492188,-0.1546154,-4.216200000000008,-1.1458000000000013,1.9680000000000015
ARG,Argentina,2001,782369.6875,13.505482673645,2996496.25,2.68300294876099,-1.065365,7.726470588235294,-1.7833333333333383,1.6894117647058842
ARG,Argentina,2002,697134.5,13.4126663208008,2974311.25,2.70905995368958,25.8685,3.967884615384612,-3.1990384615384677,2.4169230769230783
ARG,Argentina,2003,758740.625,14.0691041946411,2987798.25,2.73537039756775,13.44285,9.90301886792453,2.611320754716978,-0.9886792452830182
ARG,Argentina,2004,827251.625,14.9968576431274,3045520.75,2.76193618774414,4.415718,11.029629629629632,0.0429629629629531,-1.4403703703703703
ARG,Argentina,2005,900477.125,15.7495889663696,3125045.5,2.7887601852417,9.641663,8.17909090909091,-2.1878181818181908,-1.4141818181818184
ARG,Argentina,2006,972939.75,16.2981224060059,3225173,2.7969753742218,10.8978,10.753035714285724,5.1912499999999895,-0.7089285714285722
ARG,Argentina,2007,1060578.875,16.9614124298096,3358898.25,2.80521464347839,14.30391,5.74438596491229,3.96017543859648,-0.5464912280701757
ARG,Argentina,2008,1103609,17.3702507019043,3500743,2.81347823143005,22.93376,13.155344827586203,5.731896551724134,-2.3970689655172412
ARG,Argentina,2009,1038291.6875,17.5620536804199,3574509.25,2.82176613807678,16.53515,18.932372881355924,6.674745762711858,-1.896440677966103
ARG,Argentina,2010,1143422.75,18.0767459869385,3694759.75,2.83007836341858,22.45452,6.9468333333333305,7.24349999999999,-1.1248333333333331
ARG,Argentina,2011,1212073.375,18.4880313873291,3844723,2.8585422039032,24.30076,8.732950819672126,1.7447540983606515,-2.28639344262295
ARG,Argentina,2012,1199632.5,18.7912883758545,3963128.25,2.88729238510132,23.41039,14.622096774193544,3.7666129032257984,-0.17951612903225822
ARG,Argentina,2013,1228487.5,19.124418258667,4081183.25,2.91633176803589,24.57876,18.089999999999996,4.646825396825392,-2.756666666666667
ARG,Argentina,2014,1197620.25,19.3830509185791,4177142.5,2.9456627368927,39.47392,4.627343749999994,-2.1957812500000102,1.2864062500000006
ARG,Argentina,2015,1230329.125,19.8544502258301,4277609,2.97528910636902,29.28398,4.66615384615384,0.5479999999999876,-0.14338461538461544
ARG,Argentina,2016,1204734.25,19.7231750488281,4359475,3.00521349906921,38.2736,4.7854545454545345,0.9996969696969628,-0.1212121212121211
ARG,Argentina,2017,1238689.875,20.0336608886719,4468098.5,3.03543877601624,26.80145,8.694029850746261,-5.325223880597026,0.08059701492537208
ARG,Argentina,2018,1206268.25,20.1350708007813,4558053,3.06596803665161,34.1503,13.526176470588233,-1.0769117647058977,-1.590588235294118
ARG,Argentina,2019,1182132.5,20.6432781219482,4605820,3.09680438041687,54.38623,5.480144927536223,5.138695652173901,-1.2675362318840584
ARG,Argentina,2020,1065095.75,18.7495632171631,4625739,3.12795066833496,40.40476,21.78185714285714,7.535285714285699,-3.3094285714285707
ARG,Argentina,2021,1176311,20.9869899749756,4714402.5,3.13874697685242,48.04678,14.19507042253521,9.53915492957745,-2.7028169014084504
ARG,Argentina,2022,1238301.125,22.083532333374,4829826,3.14963102340698,72.35871,14.007916666666652,9.77666666666665,-3.8552777777777782
ARG,Argentina,2023,1218352.25,22.7903251647949,4936365.5,3.16060328483582,117.2037,22.566027397260264,8.142739726027386,-2.7624657534246584
AUS,Australia,1960,216140.953125,4.15227031707764,1100372.25,2.74675846099854,3.728814,-5.231999999999999,-7.480999999999995,0.11400000000000032
AUS,Australia,1961,219088.328125,4.16426372528076,1135589.375,2.76815295219421,2.287582,11.03363636363636,17.819090909090917,-1.246363636363636
AUS,Australia,1962,232842.765625,4.26416921615601,1182194.125,2.78971362113953,-0.3194888,0.7041666666666515,-9.755833333333342,-0.04249999999999954
AUS,Australia,1963,248562.109375,4.38606357574463,1231092.375,2.81144237518311,0.6410257,-10.159999999999997,11.264615384615382,0.7507692307692304
AUS,Australia,1964,264281.46875,4.54341506958008,1290835.375,2.8333406448364298,2.866242,-1.8842857142856817,-7.939999999999998,-0.112857142857143
AUS,Australia,1965,270176.1875,4.68104219436646,1344057.5,2.8554093837738,3.405573,7.681333333333356,7.99933333333334,-0.6253333333333333
AUS,Australia,1966,286878,4.84978771209717,1402941.625,2.87764978408813,3.293413,-4.5887500000000045,-12.040624999999991,-0.4762500000000003
AUS,Australia,1967,301614.90625,5.00150632858276,1463248.5,2.90006351470947,3.478261,-6.768823529411776,25.637647058823543,0.6217647058823532
AUS,Australia,1968,323228.96875,5.12361621856689,1535040.75,2.92265176773071,2.521008,-8.992777777777746,-17.48666666666665,1.647222222222222
AUS,Australia,1969,346807.96875,5.26686716079712,1611390.25,2.94541621208191,3.278688,2.9505263157894888,5.933684210526323,-0.7494736842105265
AUS,Australia,1970,360562.40625,5.46656227111816,1685673.5,2.96835780143738,3.439153,1.863000000000028,16.517000000000024,-1.0620000000000005
AUS,Australia,1971,374662.03125,5.64900827407837,1761507.25,2.99199271202087,6.138107,-9.155714285714282,-12.949523809523797,0.02857142857142847
AUS,Australia,1972,384476.6875,5.76099920272827,1838995.375,3.01581621170044,6.024096,-1.639545454545441,24.219090909090923,-0.47272727272727266
AUS,Australia,1973,400267.59375,5.92150211334229,1919370.5,3.03982925415039,9.090909,-0.9182608695652164,-32.07391304347824,2.0878260869565213
AUS,Australia,1974,405614.21875,6.03445529937744,1984156.125,3.06403350830078,15.41667,-36.05999999999999,-23.31749999999998,4.040833333333333
AUS,Australia,1975,416113.34375,6.01168203353882,2050902.75,3.08843040466309,15.16245,-20.887599999999964,-14.62479999999998,2.3091999999999997
AUS,Australia,1976,431073.09375,6.09550762176514,2120486.75,3.11302161216736,13.32288,-25.874230769230792,22.987692307692328,1.240384615384615
AUS,Australia,1977,434924.65625,6.14987134933472,2192115.25,3.13780879974365,12.30982,-1.2959259259259284,10.196296296296325,0.5344444444444436
AUS,Australia,1978,452540.96875,6.17055416107178,2274668.75,3.16279315948486,8.004926,-1.1796428571428803,-26.277857142857123,0.6353571428571421
AUS,Australia,1979,466278.5625,6.25266456604004,2355175.5,3.18797659873962,9.122006,7.371034482758631,-12.571724137931014,0.03344827586206822
AUS,Australia,1980,481852.09375,6.43097400665283,2451078.75,3.21336030960083,10.13584,20.655333333333317,-4.292666666666648,-0.3676666666666679
AUS,Australia,1981,497875.53125,6.52753734588623,2551982.25,3.23260474205017,9.487666,10.449032258064506,-17.04419354838707,1.2041935483870958
AUS,Australia,1982,486801,6.53168630599976,2626699.5,3.25196480751038,11.35182,0.5524999999999807,10.758437500000014,-0.5834375000000014
AUS,Australia,1983,509163.40625,6.42645740509033,2705562.5,3.27144050598145,10.03891,-0.06424242424245108,-4.417575757575747,0.8042424242424229
AUS,Australia,1984,536039.375,6.64158773422241,2796189.25,3.29103326797485,3.960396,-9.9523529411764855,-14.367647058823522,1.6905882352941155
AUS,Australia,1985,557300.5,6.86523818969727,2891848.25,3.31074285507202,6.734694,2.6419999999999675,2.5128571428571576,-0.8077142857142876
AUS,Australia,1986,571565.1875,7.15787935256958,2981028,3.33057069778442,9.090435,8.848611111111097,-18.47694444444444,-0.6652777777777796
AUS,Australia,1987,604474.9375,7.32305145263672,3077088,3.35051727294922,8.487576,4.729459459459434,-10.847567567567566,0.5027027027027007
AUS,Australia,1988,627888.4375,7.60127115249634,3185545.75,3.37058329582214,7.212056,10.465000000000003,-7.632105263157882,0.5894736842105246
AUS,Australia,1989,650350.5625,7.9344048500061,3286824.25,3.39076972007751,7.580321,-3.9133333333333553,2.5335897435897436,0.11435897435897324
AUS,Australia,1990,647864.5625,8.06645011901856,3360047.25,3.41107678413391,7.232851,12.684499999999986,-3.379750000000002,-0.3785000000000016
AUS,Australia,1991,650639.25,7.87423372268677,3420984.75,3.42362284660339,3.307224,13.505121951219508,11.812682926829268,0.7507317073170716
AUS,Australia,1992,676968.875,7.83751249313355,3492737.75,3.43621516227722,0.968829,-0.7864285714285586,-15.448571428571428,-0.5471428571428589
AUS,Australia,1993,703914.875,7.87055444717407,3572427.75,3.4488537311554,1.75219,3.411860465116291,-17.06930232558139,0.8655813953488352
AUS,Australia,1994,731268.4375,8.1211748123169,3669155.75,3.46153879165649,1.927019,8.234318181818196,40.408636363636376,-1.1940909090909102
AUS,Australia,1995,759523.875,8.4172887802124,3763744.75,3.4742705821991,4.625905,1.4613333333333571,-12.26933333333332,0.7724444444444423
AUS,Australia,1996,789245.9375,8.6054220199585,3864806.25,3.48704934120178,2.652826,13.05956521739131,-13.642608695652171,0.23565217391304216
AUS,Australia,1997,826050.1875,8.65484237670898,3979691.5,3.49987483024597,0.2247191,8.571702127659563,-8.102340425531906,0.7306382978723391
AUS,Australia,1998,867581.375,8.79393672943115,4097570.25,3.5127477645874,0.8594918,14.153124999999989,-25.87354166666666,1.2054166666666657
AUS,Australia,1999,901603.5,8.95317459106445,4225215,3.52566766738892,1.407929,-2.4357142857142833,-5.61551020408163,0.6608163265306102
AUS,Australia,2000,919862,9.15580081939697,4319261,3.53863549232483,4.457435,-11.257000000000003,3.906800000000004,3.0475999999999983
AUS,Australia,2001,956468.75,9.33692646026611,4429619,3.52751183509827,4.407135,-5.326274509803909,-8.96980392156864,0.7478431372549004
AUS,Australia,2002,986030.875,9.45518779754639,4563002,3.51642346382141,3.048576,22.81615384615384,50.4526923076923,-1.696538461538463
AUS,Australia,2003,1027683.6875,9.67939853668213,4708955.5,3.50536966323853,2.730819,12.2656603773585,-7.439245283018877,0.33547169811320643
AUS,Australia,2004,1060098.5,9.86977863311768,4858963,3.49435067176819,2.341772,11.838518518518498,1.4285185185185156,0.00925925925925774
AUS,Australia,2005,1089307.875,10.1498174667358,5022133.5,3.4833664894104,2.659245,24.033272727272703,0.5425454545454613,-1.1009090909090928
AUS,Australia,2006,1130410.875,10.4159488677979,5187847,3.472416639328,3.554217,4.444107142857149,1.9128571428571348,0.07874999999999854
AUS,Australia,2007,1170950.625,10.7361841201782,5369089.5,3.46150135993958,2.356021,11.3061403508772,-1.1907017543859553,0.6473684210526303
AUS,Australia,2008,1193111.375,11.0429754257202,5542700,3.45062017440796,4.347826,3.361206896551721,2.6298275862069005,0.10620689655172288
AUS,Australia,2009,1219598.25,11.1730194091797,5712208.5,3.43977355957031,1.770152,16.33423728813557,19.22525423728814,0.03440677966101635
AUS,Australia,2010,1248954.875,11.3007745742798,5883105,3.4289608001709,2.863259,-8.468000000000018,-40.795166666666674,2.573833333333331
AUS,Australia,2011,1297872.875,11.5834360122681,6086152,3.44216704368591,3.355879,-16.799180327868868,-11.10639344262296,2.7416393442622944
AUS,Australia,2012,1331646,11.7063789367676,6291468.5,3.45542430877686,1.686383,4.741774193548395,12.882741935483864,0.11741935483870858
AUS,Australia,2013,1366206.125,11.8428659439087,6480480.5,3.4687328338623,2.450495,26.346507936507976,13.988253968253971,-0.6644444444444453
AUS,Australia,2014,1396128.25,11.8968238830566,6648222.5,3.48209238052368,2.512684,16.554843750000003,2.609687500000007,0.44593749999999854
AUS,Australia,2015,1434652.875,12.0478782653809,6797224,3.49550342559814,1.484799,15.810153846153868,3.359538461538463,-0.0709230769230782
AUS,Australia,2016,1467357.125,12.3064651489258,6940895,3.50896620750427,1.277287,15.00060606060606,-32.72136363636364,0.18015151515151384
AUS,Australia,2017,1509594.5,12.4996700286865,7098245,3.52248072624207,1.994955,18.396716417910454,7.797014925373119,0.00746268656716342
AUS,Australia,2018,1542376,12.8947973251343,7245557,3.53604745864868,1.933453,17.03617647058823,27.442352941176463,-0.7026470588235307
AUS,Australia,2019,1540531.375,13.1821699142456,7380284,3.54966616630554,1.565946,25.25927536231885,28.614637681159408,-2.3524637681159435
AUS,Australia,2020,1573054.625,13.200291633606,7524767.5,3.56333756446838,0.8903366,14.398428571428582,-4.894142857142867,0.8311428571428561
AUS,Australia,2021,1639789.75,13.3665046691895,7691365.5,3.5980269908905,2.81963,2.9656338028169387,-9.755211267605633,0.6994366197183091
AUS,Australia,2022,1696231.25,13.7700872421265,7862773.5,3.62050604820251,6.61503,-4.3055555555555145,-23.15972222222223,1.8197222222222216
AUS,Australia,2023,1720506.25,13.7563667297363,8045612.5,3.60863065719605,5.635186,14.143424657534268,13.627534246575324,0.3947945205479444
BGD,Bangladesh,1960,97154.53125,19.6051959991455,102070.109375,1.129225730896,4.423381,28.27500000000001,10.260999999999996,-1.1729999999999947
BGD,Bangladesh,1961,94047.328125,19.8406677246094,102063.4921875,1.13452041149139,1.210287,18.604545454545445,-1.5218181818181833,-10.186363636363634
BGD,Bangladesh,1962,100992.6015625,20.0617847442627,104505.15625,1.13984000682831,4.633782,24.814166666666665,11.165,-5.927499999999995
BGD,Bangladesh,1963,106316.9453125,20.3774356842041,105451.7890625,1.14518451690674,0.8571429,17.065384615384573,10.36615384615385,4.808461538461543
BGD,Bangladesh,1964,105828.515625,20.6118335723877,107608.859375,1.15055406093597,3.966006,15.846428571428532,-8.854285714285709,2.734999999999999
BGD,Bangladesh,1965,103755.59375,20.7543125152588,110405.796875,1.15594875812531,7.084469,-16.730000000000047,-12.303999999999997,7.292666666666669
BGD,Bangladesh,1966,106044.046875,20.9889278411865,113351.75,1.15830588340759,8.778625,-0.854375000000033,-1.4649999999999963,-0.9431249999999948
BGD,Bangladesh,1967,99996.109375,21.2358322143555,117125.9765625,1.16066777706146,5.146199,-1.354117647058871,4.0711764705882345,0.602352941176477
BGD,Bangladesh,1968,105077.78125,21.4876823425293,123417.984375,1.16303443908691,2.669633,-0.5188888888889096,-5.664999999999999,1.8488888888888937
BGD,Bangladesh,1969,108662.21875,21.7444725036621,128655.7265625,1.16540598869324,4.875406,34.04842105263157,-1.6768421052631552,-6.118421052631579
BGD,Bangladesh,1970,117670.328125,22.1809844970703,132961.5625,1.16778242588043,3.54,14.815999999999974,-1.452999999999996,0.7875000000000014
BGD,Bangladesh,1971,111222.59375,22.5561275482178,134962.609375,1.1685893535614,-0.59,-27.269523809523804,-5.983809523809519,7.109999999999999
BGD,Bangladesh,1972,95680.65625,23.0727615356445,133264.1875,1.16939675807953,45.29,26.629999999999995,-2.8118181818181753,-9.343181818181822
BGD,Bangladesh,1973,98862.6875,23.9122867584229,134686.9375,1.1702047586441,45.01,9.792173913043456,-12.089565217391296,5.723043478260863
BGD,Bangladesh,1974,108345.5546875,24.7988567352295,144714.59375,1.17101335525513,54.65,-3.485833333333374,3.684166666666677,5.694583333333327
BGD,Bangladesh,1975,103916.15625,25.7673301696777,150808.25,1.17182242870331,16.62,11.243599999999958,-3.613199999999985,-5.093200000000007
BGD,Bangladesh,1976,109799.2265625,26.8482398986816,158672.125,1.19690370559692,-2.43,27.881153846153836,-11.64423076923076,-2.567307692307697
BGD,Bangladesh,1977,112734.2265625,27.9211730957031,169206.40625,1.2225216627121,9.34,-4.211481481481485,-10.802962962962953,-3.5422222222222324
BGD,Bangladesh,1978,120708.8515625,28.9751319885254,183136.6875,1.24868810176849,17.37,17.13892857142855,12.042857142857152,-8.625714285714292
BGD,Bangladesh,1979,126504.84375,30.0261383056641,198284.09375,1.27541446685791,13.59,37.80793103448272,-6.282413793103444,-7.978275862068966
BGD,Bangladesh,1980,127541.1015625,31.0935707092285,218224.03125,1.30271291732788,15.385,17.937666666666644,14.437000000000012,-8.332333333333338
BGD,Bangladesh,1981,131870.359375,31.9480304718018,237905.96875,1.31782627105713,14.545,18.619032258064493,4.1112903225806505,-9.893548387096772
BGD,Bangladesh,1982,133492.5625,32.9465065002441,252472.015625,1.33311498165131,12.875,17.517187499999977,-3.9671874999999943,-10.574375000000003
BGD,Bangladesh,1983,140025.125,33.9322204589844,266500.3125,1.34858119487762,9.531,5.756363636363602,-5.9369696969696975,5.216060606060601
BGD,Bangladesh,1984,147622.328125,34.9876556396484,281525.78125,1.36422657966614,10.414,1.7570588235294051,16.267647058823535,-1.3973529411764751
BGD,Bangladesh,1985,152068.53125,36.0754051208496,297501.21875,1.38005363941193,10.465,10.256857142857116,3.3028571428571425,-10.577428571428571
BGD,Bangladesh,1986,158667.96875,37.1923637390137,325316.15625,1.39622092247009,10.175,5.361944444444447,6.751111111111108,0.4463888888888867
BGD,Bangladesh,1987,165302.53125,38.3389930725098,343954.15625,1.41257762908936,10.828,17.767027027026984,-14.251351351351351,-6.37567567567568
BGD,Bangladesh,1988,170081.34375,39.5148773193359,359655.25,1.42912590503693,9.674,17.28947368421052,-2.1863157894736887,4.262105263157888
BGD,Bangladesh,1989,174366.859375,40.7872695922852,375304.84375,1.44586801528931,8.734,11.716153846153816,7.669743589743589,-4.637179487179495
BGD,Bangladesh,1990,185923,40.8156814575195,393349.03125,1.46280634403229,10.522,-7.386750000000035,-4.292000000000002,2.618749999999995
BGD,Bangladesh,1991,192244.03125,40.8699531555176,406599.1875,1.48074245452881,8.285,6.323414634146303,1.7426829268292678,4.084878048780482
BGD,Bangladesh,1992,200370.765625,41.2327880859375,423443.6875,1.49889862537384,3.624,21.552857142857135,-13.008809523809532,-6.5523809523809575
BGD,Bangladesh,1993,209537.15625,41.6074905395508,443306.0625,1.51727735996246,2.979,-9.158372093023274,3.9637209302325473,12.429999999999996
BGD,Bangladesh,1994,218096.09375,42.0249290466309,466192.90625,1.53588140010834,6.15,24.469772727272726,-1.356363636363639,-6.452500000000004
BGD,Bangladesh,1995,228837.234375,42.4722709655762,492356.5625,1.55471360683441,10.117,25.256,-13.03622222222222,-0.929111111111112
BGD,Bangladesh,1996,239414.28125,42.836841583252,522630.53125,1.57138729095459,2.455,19.96695652173915,4.647173913043474,2.2610869565217406
BGD,Bangladesh,1997,252313.140625,43.1735191345215,557333,1.5882396697998,4.959,9.832127659574468,-11.631702127659572,-1.4570212765957429
BGD,Bangladesh,1998,265502.78125,43.5127868652344,597802.9375,1.60527288913727,8.648,19.41729166666667,-10.379375000000003,4.063333333333336
BGD,Bangladesh,1999,278430.4375,43.8208045959473,643713.1875,1.62248873710632,6.179,29.49102040816328,32.272448979591836,-2.6895918367346887
BGD,Bangladesh,2000,294982.59375,44.1163177490234,693898.8125,1.63988935947418,2.483,11.671200000000027,-1.5529999999999973,0.5742000000000047
BGD,Bangladesh,2001,310538.6875,44.2188110351563,746589.9375,1.66190958023071,1.908,23.262352941176516,2.177450980392152,-3.047058823529415
BGD,Bangladesh,2002,324250.6875,44.2825202941895,803894.9375,1.68422555923462,3.719,13.505000000000052,-1.504423076923075,6.131538461538462
BGD,Bangladesh,2003,341293.3125,44.3240013122559,867497.9375,1.70684111118317,5.361,16.700188679245343,0.113962264150949,-4.50415094339623
BGD,Bangladesh,2004,362694.09375,44.249927520752,939279.9375,1.72466349601746,6.103,12.830925925925982,17.451851851851856,4.449259259259261
BGD,Bangladesh,2005,384294.40625,46.4735450744629,1021773.75,1.74209010601044,7.04,23.927636363636395,5.084545454545456,-2.9516363636363643
BGD,Bangladesh,2006,409770.5625,47.3579292297363,1112747.625,1.76760101318359,6.77,42.43035714285722,11.683749999999996,-7.398928571428573
BGD,Bangladesh,2007,446688.59375,48.8369064331055,1213553.625,1.79348564147949,9.109,10.895964912280787,-6.361228070175443,7.530877192982452
BGD,Bangladesh,2008,482180.5625,49.6407737731934,1329582.375,1.81974923610687,8.9,20.508103448275904,12.088448275862063,-2.738965517241386
BGD,Bangladesh,2009,515736.84375,52.3062744140625,1458039.25,1.84639751911163,5.4408010000000004,52.60050847457632,7.583559322033892,-1.662542372881358
BGD,Bangladesh,2010,554394.1875,54.4359970092773,1601848,1.87343597412109,8.150903,48.19383333333337,3.747166666666665,-0.9348333333333372
BGD,Bangladesh,2011,600987.6875,56.1404838562012,1764593.5,1.89753115177155,10.26403,24.71377049180333,11.455737704918027,0.820491803278685
BGD,Bangladesh,2012,651846.25,57.5638732910156,1951428.75,1.92193627357483,6.548605,35.73516129032265,0.3809677419354855,-6.26274193548387
BGD,Bangladesh,2013,703638.125,59.3994255065918,2151329.25,1.9466552734375,7.524092,25.167936507936588,10.66492063492064,-5.333333333333336
BGD,Bangladesh,2014,759885.125,51.1524238586426,2378194.5,1.9716922044754,6.982977,34.534687500000075,4.838281250000001,-9.349999999999998
BGD,Bangladesh,2015,824431.75,59.6965103149414,2627871.5,1.99705111980438,6.185943,20.17338461538469,-11.956153846153846,5.533846153846156
BGD,Bangladesh,2016,899169.125,59.5298004150391,2907876.75,2.02273631095886,5.505753,40.167727272727376,3.5350000000000037,-0.7300000000000004
BGD,Bangladesh,2017,958426.6875,63.0452766418457,3209303.25,2.04875159263611,5.611,20.01820895522394,3.682238805970151,6.320895522388064
BGD,Bangladesh,2018,1028577.875,64.7662887573242,3550131,2.07510161399841,5.55,35.25382352941185,7.038088235294126,-6.602058823529411
BGD,Bangladesh,2019,1109649.375,66.7121200561523,3911620.75,2.10179042816162,5.475,32.92289855072471,-5.903913043478255,-2.7363768115942015
BGD,Bangladesh,2020,1147910.375,68.6794052124023,4280055.5,2.12882280349731,5.691075,28.6425714285715,-0.4295714285714282,-1.1372857142857136
BGD,Bangladesh,2021,1227560.25,70.6599578857422,4679440.5,2.07164478302002,5.306676,44.66915492957753,10.716478873239438,-2.721267605633802
BGD,Bangladesh,2022,1314714.875,72.8205413818359,5132436.5,2.1118311882019,7.696954,45.33875000000006,9.217638888888892,-7.943472222222223
BGD,Bangladesh,2023,1390641.125,73.9222640991211,5583867,2.15412998199463,9.783334,50.48767123287678,13.761369863013698,-3.014657534246574
BRA,Brazil,1960,339493.78125,21.0227394104004,1041793.6875,1.3960999250412,29.101680000000002,4.557999999999993,-0.2569999999999979,4.296999999999999
BRA,Brazil,1961,387271.46875,21.5700263977051,1107400.625,1.40659320354462,37.21679,37.91363636363636,34.86636363636364,-2.113636363636365
BRA,Brazil,1962,407305.25,22.1415843963623,1174712.625,1.41716527938843,51.86657,2.044166666666655,6.330833333333338,2.522499999999999
BRA,Brazil,1963,433560.9375,22.7384376525879,1227664.125,1.42781686782837,73.8131,25.586923076923057,25.003846153846148,-0.8715384615384618
BRA,Brazil,1964,451610.53125,23.3606548309326,1289220.5,1.4385484457016,90.65168,-19.330714285714308,-3.4821428571428683,3.280714285714284
BRA,Brazil,1965,483087.34375,24.0123405456543,1362310.75,1.44936072826386,57.0941,-7.102000000000004,-18.13000000000001,5.181999999999999
BRA,Brazil,1966,502236.28125,24.6957607269287,1441968.75,1.46191036701202,38.45749,-8.38812500000003,-7.236875000000005,4.188125000000001
BRA,Brazil,1967,531033.6875,25.411678314209,1509781.625,1.47456860542297,28.58253,12.745294117647036,5.77882352941176,-0.40823529411764703
BRA,Brazil,1968,590508.4375,26.1540565490723,1602325.625,1.48733639717102,24.23655,-0.07277777777778738,-1.2422222222222246,-0.6755555555555564
BRA,Brazil,1969,628390.4375,26.9343070983887,1755663,1.50021481513977,20.14109,54.17105263157893,6.243157894736832,-2.6499999999999986
BRA,Brazil,1970,697031.625,27.7511119842529,1899489,1.51320481300354,22.26,25.622499999999977,-6.499000000000002,1.6024999999999991
BRA,Brazil,1971,776075,29.4819374084473,2069543.625,1.50219655036926,20.14,-8.737619047619035,-33.87952380952381,1.196190476190477
BRA,Brazil,1972,868738.375,31.2122459411621,2272261.5,1.49126839637756,16.52,18.709545454545463,-25.569545454545462,1.031818181818183
BRA,Brazil,1973,990101.1875,35.0051422119141,2526317.75,1.48041987419128,12.65,21.216086956521735,-30.087826086956525,1.396956521739133
BRA,Brazil,1974,1070794.375,35.9837989807129,2814517.75,1.4696501493454,27.59,-17.74791666666667,-18.40416666666667,1.4387500000000024
BRA,Brazil,1975,1126154.5,37.0475997924805,3125674.5,1.45895874500275,28.92,-0.3779999999999859,-16.028,-0.14879999999999782
BRA,Brazil,1976,1241698,38.187385559082,3450161.75,1.46344685554504,42.01,9.04653846153846,-15.611538461538466,1.466923076923079
BRA,Brazil,1977,1302913.75,42.0481796264648,3750936.25,1.46794879436493,43.65,14.001481481481475,-16.013333333333335,3.012592592592594
BRA,Brazil,1978,1367668.375,43.7294235229492,4061561.75,1.4724645614624,38.7,7.7914285714285825,-22.411428571428573,2.7950000000000017
BRA,Brazil,1979,1460122.75,43.1212692260742,4376795,1.47699427604675,53.92,22.48275862068965,-14.18862068965518,2.028620689655174
BRA,Brazil,1980,1594892,42.1300430297852,4752166,1.48153781890869,90.227,31.913333333333355,-13.785666666666671,0.8410000000000011
BRA,Brazil,1981,1527109.25,44.284351348877,5030963.5,1.50794196128845,101.7251,27.423870967741948,-7.890967741935491,-0.5061290322580643
BRA,Brazil,1982,1539784.125,46.8284416198731,5265711,1.53481662273407,100.5434,22.706875000000025,-16.854375000000005,-0.8403124999999996
BRA,Brazil,1983,1494668.625,47.7217712402344,5415232.5,1.56217014789581,135.0275,49.668787878787896,-8.963636363636368,1.415151515151516
BRA,Brazil,1984,1575380.5,49.1119995117188,5565121,1.59001123905182,192.122,16.627941176470614,-9.530000000000008,-1.2964705882352927
BRA,Brazil,1985,1699032.25,52.1274032592773,5752437,1.61834859848022,225.99,-5.637142857142834,-9.767714285714291,1.8805714285714303
BRA,Brazil,1986,1826289.75,54.538631439209,6040676.5,1.63802647590637,147.1427,6.579444444444476,-19.3263888888889,0.13833333333333364
BRA,Brazil,1987,1890757.75,56.79638671875,6317081.5,1.65794384479523,228.3363,50.891621621621624,-10.114054054054066,-0.715405405405404
BRA,Brazil,1988,1889623.25,59.0159568786621,6558632,1.67810320854187,629.1132,24.13236842105266,4.70210526315789,1.85342105263158
BRA,Brazil,1989,1949335.5,60.1461982727051,6802021,1.69850778579712,1430.725,-2.6264102564102245,-24.57846153846154,2.905897435897435
BRA,Brazil,1990,1864539.25,61.6319313049316,6993437,1.71669137477875,2947.733,35.54925000000003,-21.584000000000007,-1.85675
BRA,Brazil,1991,1877728.5,61.4488830566406,7212156,1.74462711811066,432.7867,20.662195121951218,0.83243902439024,0.6085365853658544
BRA,Brazil,1992,1854206.5,61.2696113586426,7392581,1.77301752567291,951.962,22.880238095238127,-4.10738095238095,1.564047619047621
BRA,Brazil,1993,1937672.125,61.982177734375,7600646.5,1.80186975002289,1927.381,32.538139534883726,-11.101860465116289,-0.3123255813953474
BRA,Brazil,1994,2044520.75,62.4584197998047,7878747.5,1.8311915397644,2075.888,27.77863636363639,-9.15954545454546,1.2947727272727274
BRA,Brazil,1995,2124068.25,62.9320640563965,8179733.5,1.86099052429199,66.00703,38.451333333333366,4.613999999999997,1.5860000000000003
BRA,Brazil,1996,2170986,61.7838821411133,8460979,1.89644837379456,15.75767,26.49543478260873,-14.376304347826084,0.6815217391304369
BRA,Brazil,1997,2244687.5,62.7958793640137,8777883,1.932581782341,6.926713,42.61170212765961,-0.20042553191489532,2.307021276595746
BRA,Brazil,1998,2252276.75,62.6113662719727,9074652,1.96940386295319,3.195076,72.46395833333332,-3.7562500000000014,-0.5810416666666658
BRA,Brazil,1999,2262816,65.8896026611328,9293648,2.0069272518158,4.858448,29.62510204081633,-0.37959183673469,1.570816326530613
BRA,Brazil,2000,2362107.25,68.1304397583008,9537031,2.04516577720642,7.044141,23.632599999999996,-11.792000000000002,1.889400000000002
BRA,Brazil,2001,2394938,68.4563980102539,9778965,2.08590292930603,6.840359,37.9492156862745,-7.450784313725492,-0.6176470588235254
BRA,Brazil,2002,2468066.75,71.2536468505859,10002563,2.12745189666748,8.450165,58.349423076923046,-6.387500000000003,0.2842307692307724
BRA,Brazil,2003,2496223,72.3045654296875,10191649,2.16982817649841,14.71492,48.70849056603771,-5.286981132075475,-0.4311320754716945
BRA,Brazil,2004,2640004.75,76.1592712402344,10431064,2.21304869651794,6.597185,37.22648148148144,0.9209259259259142,2.3268518518518544
BRA,Brazil,2005,2724541.25,78.4147644042969,10671937,2.25713014602661,6.869537,52.23963636363632,4.774181818181816,2.284545454545457
BRA,Brazil,2006,2832487.25,80.8791198730469,10945942,2.29880857467651,4.183568,37.94678571428568,0.4989285714285643,2.0237500000000015
BRA,Brazil,2007,3004415.5,81.3537826538086,11292221,2.34125638008118,3.641273,56.81105263157892,9.080175438596484,0.8482456140350916
BRA,Brazil,2008,3157466.25,82.7599563598633,11717546,2.38448834419251,5.678594,28.161551724137897,8.663620689655168,3.7936206896551745
BRA,Brazil,2009,3153493.75,83.1514282226563,12089364,2.42851853370667,4.888035,35.14423728813557,-10.733220338983052,4.1193220338983085
BRA,Brazil,2010,3390896,86.3538513183594,12606681,2.47336173057556,5.038727,65.37849999999997,12.16566666666666,1.4206666666666692
BRA,Brazil,2011,3525664.5,88.6289138793945,13162274,2.5608959197998,6.63645,35.07672131147538,0.5262295081967139,4.427377049180329
BRA,Brazil,2012,3593399,89.5062713623047,13695775,2.62187433242798,5.403499,49.66096774193545,9.137741935483866,-0.20403225806451353
BRA,Brazil,2013,3701374,91.148193359375,14268476,2.68430471420288,6.204311,42.11269841269839,-6.537301587301592,4.029206349206351
BRA,Brazil,2014,3720027.5,92.8335876464844,14758300,2.74822163581848,6.32904,44.38468749999995,-6.915156250000003,1.6362500000000022
BRA,Brazil,2015,3588124,92.4472122192383,15059962,2.81366038322449,9.029901,66.9518461538461,4.111230769230758,-0.5689230769230775
BRA,Brazil,2016,3470579.75,90.6264724731445,15229873,2.8806574344635,8.739143,68.7674242424242,2.23893939393939,2.7196969696969724
BRA,Brazil,2017,3516491.25,90.5014038085938,15382827,2.94924998283386,3.446373,50.911044776119354,12.285522388059697,2.219104477611941
BRA,Brazil,2018,3579213.5,92.0909423828125,15590053,3.01947546005249,3.66485,35.78235294117641,0.4648529411764599,2.1364705882352943
BRA,Brazil,2019,3622908,94.1440277099609,15835345,3.09137320518494,3.732976,57.813768115942,4.138115942028975,0.5055072463768138
BRA,Brazil,2020,3504194,86.8884887695313,16064923,3.16498303413391,3.211768,50.377857142857096,12.968999999999989,2.5582857142857147
BRA,Brazil,2021,3671084.75,91.2021942138672,16418747,3.22658061981201,8.30166,33.218309859154914,8.046338028169004,3.29225352112676
BRA,Brazil,2022,3781830.25,97.9345245361328,16772648,3.29099345207214,9.280107,33.156944444444406,2.6645833333333258,3.34652777777778
BRA,Brazil,2023,3904424,99.2975463867188,17073944,3.35838437080383,4.593563,59.25273972602733,6.218082191780809,-0.90931506849315
CAN,Canada,1960,339713.21875,6.57863283157349,1139645.5,2.62957048416138,1.358696,0.06500000000000017,-1.1619999999999957,0.14299999999999935
CAN,Canada,1961,349327.78125,6.59509134292603,1187119.375,2.64926934242249,1.018767,1.479090909090909,2.2136363636363647,-0.02000000000000046
CAN,Canada,1962,373364.0625,6.75977182388306,1241848.5,2.66911578178406,1.061571,-0.6441666666666667,0.62916666666667,0.17166666666666597
CAN,Canada,1963,392593.125,6.90796947479248,1298774.75,2.68911075592041,1.628151,0.26538461538461544,-1.6192307692307717,0.1484615384615382
CAN,Canada,1964,418231.875,7.1467490196228,1364242.25,2.70925569534302,1.912145,0.5364285714285715,-2.893571428571427,0.04785714285714215
CAN,Canada,1965,445473.03125,7.45139455795288,1446952.75,2.72955131530762,2.332657,-0.2393333333333334,-0.05066666666666464,-0.2653333333333334
CAN,Canada,1966,475919,7.70663166046143,1539131.25,2.74999904632568,3.815659,0.13562499999999988,-0.8975000000000009,0.23124999999999973
CAN,Canada,1967,488738.375,7.84659862518311,1614439.375,2.77060008049011,3.579952,0.4276470588235295,1.115294117647057,-0.3323529411764712
CAN,Canada,1968,514377.09375,7.85483026504517,1692662.75,2.79135537147522,4.0553,-0.426111111111111,-1.8166666666666664,0.3661111111111106
CAN,Canada,1969,541618.25,8.10184001922607,1782433.125,2.81226634979248,4.561559,0.1763157894736842,0.14894736842105516,-0.1231578947368428
CAN,Canada,1970,556040.0625,8.09360694885254,1857970.375,2.83333349227905,3.36611,0.9075000000000002,-1.0384999999999955,-0.22700000000000076
CAN,Canada,1971,578386.4375,8.30304431915283,1942730.25,2.85760188102722,2.704915,0.4542857142857144,-1.7190476190476185,-0.10619047619047706
CAN,Canada,1972,610311.4375,8.60748863220215,2030653.375,2.88207769393921,4.988034,-0.3163636363636362,0.3190909090909102,-0.3613636363636372
CAN,Canada,1973,651377.125,9.03525733947754,2128702.5,2.90676331520081,7.487639,-0.19260869565217387,-1.3647826086956556,0.1143478260869557
CAN,Canada,1974,673248.9375,9.49257755279541,2231910.5,2.93166065216064,10.99718,-0.12458333333333328,2.4420833333333327,-0.05041666666666788
CAN,Canada,1975,683653.375,9.58891773223877,2338360.25,2.9567711353302,10.67219,1.0404,2.7144000000000013,-0.13840000000000074
CAN,Canada,1976,723915.5625,9.72191905975342,2449426.25,2.98209643363953,7.541739,0.1803846153846156,-0.629999999999999,0.40692307692307583
CAN,Canada,1977,749504.75,9.88956928253174,2562379.25,3.00763869285584,7.976441,-0.40629629629629616,-3.1766666666666623,-0.01814814814814935
CAN,Canada,1978,777506.0625,10.1958246231079,2676455.25,3.03339982032776,8.973725,-0.2717857142857142,3.5967857142857156,-0.27750000000000075
CAN,Canada,1979,806469.75,10.6511421203613,2798397.75,3.05938172340393,9.144674,0.0475862068965518,1.7327586206896548,-0.05793103448275927
CAN,Canada,1980,824028.125,10.9574146270752,2927349.25,3.08558583259583,10.12922,-0.16399999999999992,0.995000000000001,0.00399999999999911
CAN,Canada,1981,852169.25,11.2800168991089,3075546.5,3.10549879074097,12.47162,0.6012903225806452,-2.4570967741935483,0.00387096774193462
CAN,Canada,1982,825188.25,10.9168910980225,3185758.25,3.12554049491882,10.76897,-0.6174999999999999,-1.4003124999999983,-0.27625000000000144
CAN,Canada,1983,846331.75,11.0030822753906,3287797.75,3.14571118354797,5.86359,1.2412121212121214,-1.9978787878787865,0.27212121212121065
CAN,Canada,1984,896253.1875,11.287880897522,3390773.5,3.16601204872131,4.304776,1.0947058823529414,-0.24911764705882433,0.1041176470588221
CAN,Canada,1985,938714.75,11.651647567749,3509605.5,3.18644404411316,3.962028,-0.49657142857142855,-2.4819999999999993,-0.27885714285714425
CAN,Canada,1986,958629.4375,12.0118141174316,3632857,3.20700788497925,4.194785,-0.12277777777777764,-2.7930555555555543,-0.06111111111111267
CAN,Canada,1987,997664.9375,12.3289222717285,3775359,3.22770428657532,4.356109,0.11054054054054065,-1.0475675675675689,-0.18945945945946097
CAN,Canada,1988,1041670.375,12.7252635955811,3937817,3.24853444099426,4.028234,1.7976315789473682,-1.0600000000000025,0.2955263157894721
CAN,Canada,1989,1066017.625,12.9899101257324,4106727,3.26949906349182,4.983625,1.7115384615384617,-1.2028205128205158,-0.352051282051284
CAN,Canada,1990,1068181.125,13.0858545303345,4255429,3.29059886932373,4.78048,0.31874999999999987,-3.602750000000004,0.30674999999999875
CAN,Canada,1991,1045844.875,12.8660945892334,4381388.5,3.31135082244873,5.625858,1.1009756097560974,-1.27487804878049,0.12926829268292517
CAN,Canada,1992,1055157.625,12.742922782898,4493383,3.33223342895508,1.490138,-0.5852380952380953,-1.474523809523813,-0.04380952380952552
CAN,Canada,1993,1083200.625,12.8117399215698,4598013.5,3.35324788093567,1.86545,-0.8316279069767445,1.3697674418604606,-0.06279069767442014
CAN,Canada,1994,1131880.25,13.0777921676636,4717530.5,3.37439489364624,0.1363725,-0.19272727272727289,0.5786363636363632,0.17863636363636193
CAN,Canada,1995,1162241.125,13.3187160491943,4825124.5,3.39567494392395,2.188716,0.6915555555555553,0.7257777777777754,-0.01533333333333475
CAN,Canada,1996,1181870.875,13.442967414856,4942917.5,3.41708946228027,1.5802,0.01652173913043464,-1.5300000000000047,0.3449999999999984
CAN,Canada,1997,1232456.875,13.7290811538696,5090566.5,3.43863916397095,1.611845,-0.21382978723404267,1.432553191489358,0.5076595744680832
CAN,Canada,1998,1280435,14.0778570175171,5239633.5,3.46032452583313,0.9868118,0.6306249999999998,0.7327083333333277,-0.1929166666666684
CAN,Canada,1999,1346262.25,14.4439992904663,5392401.5,3.48214673995972,1.744292,-0.29224489795918385,-1.8222448979591872,0.6910204081632636
CAN,Canada,2000,1415440.5,14.806040763855,5549067.5,3.50410676002502,2.737636,-0.5764,-0.07580000000000808,-0.1428000000000016
CAN,Canada,2001,1441981.375,14.9712743759155,5715992,3.51891613006592,2.507426,0.7849019607843137,-1.8443137254902064,0.09999999999999833
CAN,Canada,2002,1485230.125,15.3218393325806,5878819.5,3.53378772735596,2.275633,0.919807692307692,2.0611538461538395,-0.0319230769230785
CAN,Canada,2003,1512059.125,15.6996545791626,6055079,3.54872250556946,2.741667,1.062452830188679,1.3922641509433902,0.3386792452830174
CAN,Canada,2004,1558817.375,15.9533767700195,6256085,3.56372046470642,1.841187,-0.6772222222222223,-1.7035185185185249,0.01240740740740653
CAN,Canada,2005,1608862.5,16.1636619567871,6484737.5,3.57878160476685,2.23001,0.8350909090909091,-2.0825454545454605,0.7221818181818169
CAN,Canada,2006,1651303.5,16.4316177368164,6729171,3.59390640258789,2.017763,0.5801785714285714,-1.7853571428571475,0.2092857142857132
CAN,Canada,2007,1685153.5,16.8124904632568,6974573.5,3.60909533500671,2.130584,1.2200000000000002,0.03596491228069709,0.4656140350877181
CAN,Canada,2008,1701927.625,17.0522804260254,7216122.5,3.62434840202332,2.385225,-0.29103448275862065,-0.4646551724137993,0.15758620689655034
CAN,Canada,2009,1652315,16.7656116485596,7393991,3.6396656036377,0.2994231,-0.3261016949152542,-1.0667796610169589,-0.3350847457627131
CAN,Canada,2010,1703384.875,16.9990310668945,7616430.5,3.65504789352417,1.769332,-0.5206666666666666,1.1909999999999954,0.40049999999999875
CAN,Canada,2011,1756823.375,17.2673625946045,7854439,3.66232514381409,2.890463,-0.16213114754098368,-0.37852459016394135,0.4839344262295074
CAN,Canada,2012,1787667.25,17.4798488616943,8110618.5,3.66961669921875,1.529796,0.5604838709677418,-1.3224193548387149,0.19612903225806333
CAN,Canada,2013,1829245.125,17.7335376739502,8366380,3.67692279815674,0.9245942,0.17158730158730173,-1.6314285714285788,0.0830158730158721
CAN,Canada,2014,1881807.875,17.8370094299316,8628899,3.68424344062805,1.920467,-0.18109375000000005,3.164062499999993,0.5217187499999985
CAN,Canada,2015,1894039.125,18.0122566223145,8857728,3.69157862663269,1.118583,0.03169230769230768,-1.0146153846153894,0.0836923076923064
CAN,Canada,2016,1913709.625,18.1368522644043,9056973,3.69892859458923,1.435438,-0.4087878787878788,1.4707575757575704,0.3624242424242414
CAN,Canada,2017,1971768.25,18.4826793670654,9269414,3.7062931060791,1.603376,0.2973134328358209,-3.5311940298507487,0.3270149253731329
CAN,Canada,2018,2025853.25,18.7060432434082,9490253,3.7136721611023,2.242525,1.3329411764705883,0.12073529411764385,0.1022058823529397
CAN,Canada,2019,2064515.375,19.0792541503906,9710064,3.72106599807739,1.955883,-0.44637681159420295,3.408985507246374,0.12072463768115815
CAN,Canada,2020,1960500.25,18.0728626251221,9905462,3.72847461700439,0.7232165,0.9000000000000001,-3.049714285714291,0.9789999999999988
CAN,Canada,2021,2064151,19.0036144256592,10147049,3.73541975021362,3.401485,3.2373239436619716,-3.3867605633802853,0.35521126760563293
CAN,Canada,2022,2142998.75,19.6082496643066,10370393,3.75202083587647,6.802801,0.7723611111111108,1.4302777777777749,0.3602777777777768
CAN,Canada,2023,2169763.25,20.1884651184082,10570840,3.76877570152283,3.879002,1.2517808219178082,0.7106849315068473,-0.284657534246576
CHN,China,1960,302222.4375,294.125854492188,818756.8125,1.23037278652191,2.5,2.3209999999999944,-1.2860000000000085,-0.3210000000000006
CHN,China,1961,245150.078125,284.456817626953,829186.875,1.25271499156952,16.1,5.339999999999993,-11.259090909090917,0.8681818181818173
CHN,China,1962,244256.328125,279.537719726563,820127.375,1.27546286582947,3.8,3.7849999999999966,1.409166666666657,-0.03416666666666757
CHN,China,1963,264542.65625,280.674987792969,830423.9375,1.298623919487,-5.9,4.403846153846146,-2.159230769230774,-0.5915384615384633
CHN,China,1964,298682.03125,286.261535644531,859110.5625,1.32220542430878,-3.7,0.32928571428570663,-1.5350000000000108,0.7907142857142855
CHN,China,1965,335528.9375,291.360473632813,909331.5625,1.34621524810791,-1.2,-3.2226666666666723,0.6973333333333258,-0.26200000000000045
CHN,China,1966,361677.8125,299.956024169922,978724.375,1.36638224124908,-1.2,-1.8612500000000016,-1.586250000000014,-0.48562500000000064
CHN,China,1967,349710.84375,313.570617675781,1014783.125,1.38685119152069,-0.6,5.088235294117645,-4.472941176470599,-0.1570588235294128
CHN,China,1968,340278.59375,327.481292724609,1049282.875,1.4076269865036,0.1,0.5955555555555527,-0.0444444444444585,-0.3583333333333343
CHN,China,1969,374077.0625,343.213073730469,1094459.875,1.42871379852295,1,2.3042105263157815,0.6078947368420913,-0.189473684210526
CHN,China,1970,417947.15625,359.084259033203,1189310.25,1.4501166343689,1.06,0.4589999999999961,-2.6925000000000097,-0.5300000000000002
CHN,China,1971,447203.4375,373.853088378906,1293724.375,1.4778516292572,1.05,-0.9528571428571482,-4.72428571428572,-0.694761904761906
CHN,China,1972,464197.125,383.989898681641,1395914.875,1.50611710548401,1.04,1.4304545454545377,-7.199545454545458,-0.3331818181818207
CHN,China,1973,500868.75,392.371795654297,1504131.5,1.53492307662964,1.03,-0.8817391304347879,1.7834782608695503,0.7413043478260857
CHN,China,1974,512388.71875,403.6015625,1629548.125,1.56428015232086,0.92,-0.23500000000000296,-4.590833333333343,-0.5495833333333344
CHN,China,1975,556966.5625,415.203491210938,1782123.875,1.59419858455658,1.11,1.9743999999999955,-0.9772000000000104,-0.06760000000000232
CHN,China,1976,548055.125,426.217315673828,1921344.5,1.62360882759094,0.34,-4.931538461538466,-1.009615384615394,-0.46500000000000075
CHN,China,1977,589707.25,436.008911132813,2063369.75,1.65356159210205,2.49,-0.7188888888888947,-1.6922222222222274,-0.16777777777777914
CHN,China,1978,658703,446.707305908203,2240512.25,1.68406701087952,0.68,4.916785714285709,-2.9917857142857187,-0.8117857142857154
CHN,China,1979,708715.3125,459.57373046875,2418464.75,1.71366083621979,1.93,-1.2327586206896548,-2.628620689655179,-0.5437931034482766
CHN,China,1980,764227.5,476.466247558594,2626428.75,1.73743569850922,5.99,0.32833333333333314,1.408999999999999,-0.2356666666666678
CHN,China,1981,803291.75,496.539215087891,2820224.5,1.75906920433044,2.5,1.587741935483869,-3.486451612903231,-0.0680645161290343
CHN,China,1982,875739.75,522.161193847656,3040363.75,1.78097200393677,2,0.14812499999999673,-4.687500000000007,-0.15593750000000117
CHN,China,1983,970043.8125,536.20751953125,3285501.75,1.80314755439758,2,-0.04636363636364393,4.144545454545451,1.2787878787878757
CHN,China,1984,1117421.875,550.419982910156,3572324.5,1.825599193573,2.7,-1.105000000000004,2.6826470588235196,-0.20882352941176663
CHN,China,1985,1267498.75,564.915832519531,3923363.75,1.84833037853241,9.500469,0.536571428571424,-1.284000000000006,-0.19285714285714484
CHN,China,1986,1380926.875,577.687683105469,4299320,1.86939430236816,5.67514,1.0316666666666627,1.1716666666666669,-0.5775000000000015
CHN,China,1987,1541915,588.969787597656,4697350.5,1.89069819450378,7.241523,0.2137837837837786,-3.0500000000000043,0.5581081081081063
CHN,China,1988,1714947.375,605.54052734375,5153502,1.91224467754364,18.87687,1.6181578947368358,1.5002631578947287,-0.5765789473684242
CHN,China,1989,1787095.625,627.566162109375,5487767,1.93403697013855,18.18786,-3.013333333333339,-1.6782051282051356,-0.531794871794876
CHN,China,1990,1857144.75,647.399780273438,5772352.5,1.9560774564743,3.043559,2.901999999999994,-6.316250000000004,0.6314999999999973
CHN,China,1991,2029162.375,662.983947753906,6129512,1.99119687080383,3.582364,2.7212195121951197,0.47780487804877936,-0.29390243902439384
CHN,China,1992,2317807.25,670.216125488281,6667980,2.0269467830658,6.374114,-0.7435714285714319,-0.9135714285714372,-0.3369047619047656
CHN,China,1993,2639603.75,676.427795410156,7461987.5,2.0633385181427,14.62621,-4.906279069767443,-1.992325581395356,0.21093023255813748
CHN,China,1994,2983718.25,682.057006835938,8335410,2.10038375854492,24.24497,4.065227272727274,-1.8870454545454576,0.5161363636363596
CHN,China,1995,3310553,687.490051269531,9279385,2.13809394836426,16.81983,1.194888888888887,-1.395111111111106,0.14466666666666228
CHN,China,1996,3639051,693.967651367188,10315911,2.17208456993103,7.878632,-0.31108695652174134,0.6752173913043436,0.1015217391304315
CHN,China,1997,3975175,701.586730957031,11413979,2.20661544799805,1.758243,6.905531914893615,-1.0791489361702205,-0.18063829787234376
CHN,China,1998,4287072,709.1591796875,12711590,2.24169540405273,-1.666063,4.501666666666665,-4.556666666666672,1.473124999999996
CHN,China,1999,4615530.5,716.567687988281,14058341,2.27733302116394,-2.236028,4.729795918367344,3.256326530612234,-0.7669387755102077
CHN,China,2000,5007389.5,723.768676757813,15487957,2.31353735923767,-0.8329222,6.725199999999994,-2.9488000000000127,-0.8716000000000026
CHN,China,2001,5424793,731.01123046875,17124416,2.32968354225159,0.2612238,5.433333333333334,0.2490196078431239,-1.074509803921571
CHN,China,2002,5920274,736.9638671875,19022494,2.34594249725342,-0.7319761,4.318846153846145,-2.8757692307692366,-0.2138461538461565
CHN,China,2003,6514553.5,741.641784667969,21374392,2.36231517791748,1.127604,2.0473584905660296,-7.391509433962277,-0.9298113207547196
CHN,China,2004,7173414,746.582580566406,24049898,2.37880182266235,3.824639,3.45944444444444,-0.35462962962964184,-1.5825925925925937
CHN,China,2005,7990793.5,751.312194824219,27050484,2.39540362358093,1.776414,6.616545454545449,1.491818181818175,-1.1738181818181834
CHN,China,2006,9007300,755.541564941406,30437274,2.40445852279663,1.649432,7.018392857142846,-1.3248214285714468,-1.772857142857145
CHN,China,2007,10289115,759.478332519531,34227428,2.41354775428772,4.816767,7.485263157894725,2.5084210526315616,-1.3517543859649148
CHN,China,2008,11282083,763.157104492188,38462012,2.4226713180542,5.925254,5.0162068965517115,7.525172413793086,-0.8884482758620713
CHN,China,2009,12342457,766.974548339844,43962712,2.43182945251465,-0.7289405,5.551186440677956,5.8376271186440505,-1.9733898305084772
CHN,China,2010,13655183,771.193298339844,50110612,2.44102191925049,3.174829,5.338666666666651,0.04033333333330802,0.04949999999999743
CHN,China,2011,14959365,772.32763671875,56670656,2.47546982765198,5.526515,5.9411475409835965,4.539672131147519,-2.291311475409838
CHN,China,2012,16135730,772.423400878906,63722176,2.5104036331176798,2.613292,2.3153225806451516,2.6264516129032103,-0.5243548387096801
CHN,China,2013,17388854,773.677185058594,71349296,2.54583048820496,2.569532,5.988571428571422,3.2947619047618915,-0.6360317460317484
CHN,China,2014,18680110,773.977111816406,79360160,2.57462215423584,2.056133,1.8049999999999928,3.3132812499999815,-1.2360937500000029
CHN,China,2015,19995438,774.418212890625,87775192,2.59902787208557,1.542432,1.2972307692307616,-3.737692307692328,-0.48707692307692607
CHN,China,2016,21364878,772.982360839844,96755824,2.62366509437561,2.120335,6.237575757575751,0.7489393939393807,0.07030303030302765
CHN,China,2017,22849138,771.330383300781,106217664,2.64853596687317,1.517566,7.85447761194029,2.37776119402983,-1.06074626865672
CHN,China,2018,24391402,769.240295410156,116379784,2.67364239692688,1.926825,6.018970588235277,0.1927941176470398,-1.465147058823533
CHN,China,2019,25842820,765.730224609375,126968344,2.69898700714111,2.898673,7.601739130434769,0.2799999999999798,-1.1639130434782636
CHN,China,2020,26421342,762.124328613281,137695824,2.7245717048645,2.490399,5.013142857142846,6.125999999999976,0.24271428571428277
CHN,China,2021,28653542,757.859619140625,148589856,2.73290514945984,0.8488963,9.302535211267596,-0.91028169014087,-0.44070422535211495
CHN,China,2022,29499014,744.443420410156,159623808,2.74130630493164,1.875982,10.683333333333325,6.782361111111086,-0.8345833333333355
CHN,China,2023,31047584,751.184936523438,171095104,2.74977564811707,0.3346692,10.396986301369854,-0.5205479452055073,-1.19315068493151
COL,Colombia,1960,77214.6328125,4.18358373641968,255918.640625,1.58133471012115,5.8099,30.280000000000015,-4.268000000000001,-0.2170000000000023
COL,Colombia,1961,81723.546875,4.29408884048462,270040.34375,1.59134590625763,8.285265,30.437272727272727,-3.920000000000003,-3.1972727272727326
COL,Colombia,1962,85689.84375,4.40686798095703,282011.125,1.60142040252686,4.692258,31.120833333333323,-1.6733333333333356,-0.940833333333341
COL,Colombia,1963,88255.4375,4.52068519592285,292915.65625,1.61155879497528,26.34721,47.97692307692307,-2.704615384615387,-2.478461538461545
COL,Colombia,1964,95229.9375,4.63522863388062,306541.4375,1.62176120281219,17.06659,24.34999999999999,10.768571428571429,3.698571428571423
COL,Colombia,1965,96211.046875,4.76037216186523,318967.84375,1.63202834129334,7.586766,31.916666666666657,-3.589333333333336,-3.218000000000007
COL,Colombia,1966,101569.0703125,4.92188787460327,333577.34375,1.64236044883728,16.74436,29.451874999999987,-3.705000000000002,1.2431249999999956
COL,Colombia,1967,105590.2734375,5.086021900177,348338.34375,1.6527578830719,8.319088,13.539411764705877,-3.537058823529417,1.8699999999999903
COL,Colombia,1968,112503.65625,5.2592945098877,367322.15625,1.66322124004364,7.437305,17.48722222222223,-5.410555555555561,7.386111111111102
COL,Colombia,1969,119906.234375,5.43368864059448,386308.6875,1.67375075817108,6.987465,35.696842105263144,-8.485789473684214,4.777368421052614
COL,Colombia,1970,128314.8984375,5.6399245262146,409863.4375,1.68434691429138,6.906484,13.852000000000004,-3.5415000000000063,7.258499999999991
COL,Colombia,1971,135963.40625,5.83294105529785,433945.40625,1.69703042507172,11.51807,-17.38761904761904,-6.1528571428571475,9.642857142857125
COL,Colombia,1972,146390.640625,6.03272581100464,455843.5,1.70964860916138,13.63778,9.312727272727273,-5.5331818181818235,2.0845454545454416
COL,Colombia,1973,156232.421875,6.23954296112061,480267.3125,1.7193431854248,21.21352,13.787826086956542,-2.6526086956521784,9.75391304347825
COL,Colombia,1974,165209.140625,6.45365953445435,507448.3125,1.72909271717072,24.58544,-1.7366666666666504,-3.1920833333333363,4.3474999999999895
COL,Colombia,1975,169047.390625,6.82159805297852,531400.4375,1.73889756202698,23.16598,-13.967199999999991,-3.5344000000000033,8.623599999999989
COL,Colombia,1976,177040.5625,7.04112052917481,558505.75,1.74875795841217,20.11122,1.5900000000000034,-2.53846153846154,-0.4380769230769346
COL,Colombia,1977,184402.8125,7.35281133651733,584342.5625,1.75867426395416,33.71805,18.061111111111117,-1.1044444444444448,0.8281481481481379
COL,Colombia,1978,200021.546875,7.53997898101807,613581.9375,1.76864683628082,17.40557,10.806071428571444,-2.9350000000000023,4.648571428571422
COL,Colombia,1979,210780.921875,7.75586700439453,643011.5,1.77867591381073,24.4884,20.933448275862077,0.986206896551721,2.1382758620689586
COL,Colombia,1980,219396.3125,7.88934707641602,677996.1875,1.78876197338104,26.51315,28.46566666666668,4.323333333333332,-3.423000000000006
COL,Colombia,1981,224391.671875,8.23940277099609,714784,1.80154001712799,27.3454,9.767419354838722,-0.3961290322580666,2.267419354838708
COL,Colombia,1982,226519.84375,8.37739658355713,751304.5625,1.81440949440002,24.53312,-4.337812499999998,-2.783750000000003,-5.083437500000009
COL,Colombia,1983,230085.171875,8.38828182220459,787105.4375,1.8273708820343,19.71613,20.943636363636372,1.0706060606060568,-4.839393939393947
COL,Colombia,1984,237794.59375,8.44988918304443,822389.8125,1.84042477607727,16.16136,-13.822352941176476,-6.660882352941178,-1.127058823529424
COL,Colombia,1985,245183.125,8.67510986328125,853695.25,1.85357201099396,24.06426,2.6725714285714304,6.909428571428569,-1.9948571428571495
COL,Colombia,1986,259462.765625,8.96856594085693,889512.25,1.86681318283081,18.87959,-13.131666666666677,-5.1125000000000025,2.8305555555555557
COL,Colombia,1987,273393.15625,9.42428493499756,924429.25,1.88014888763428,23.30683,18.203243243243236,-4.774324324324327,1.2440540540540397
COL,Colombia,1988,284504.34375,9.77682495117188,966031,1.8935798406601,28.09344,10.17421052631579,0.4613157894736801,5.671315789473674
COL,Colombia,1989,294217.59375,10.2558507919312,1001388.5625,1.907106757164,25.83797,-12.666666666666671,0.1594871794871775,1.445897435897436
COL,Colombia,1990,306815.96875,10.5054531097412,1032796.1875,1.92073035240173,29.06753,-5.719999999999999,-4.084500000000004,-0.950250000000004
COL,Colombia,1991,312957.21875,11.1938276290894,1057712.875,1.94368135929108,30.30184,13.609512195121964,2.9151219512195077,2.6729268292682917
COL,Colombia,1992,325616.09375,11.3390913009644,1090842.375,1.96690678596497,26.94591,9.415476190476198,0.29571428571428093,-1.8107142857142904
COL,Colombia,1993,344209.34375,12.0534286499023,1144227.5,1.99040949344635,22.36746,-5.373488372093021,-4.84116279069768,3.041395348837206
COL,Colombia,1994,361926.96875,12.5207500457764,1204123.75,2.0141932964325,22.76762,0.00863636363636999,-2.7411363636363717,5.3522727272727195
COL,Colombia,1995,380756,13.0954647064209,1261209.625,2.03826117515564,20.80057,28.118444444444464,5.159777777777771,0.2733333333333263
COL,Colombia,1996,388583.8125,13.3001823425293,1314146,2.06261658668518,20.72544,-9.462826086956513,-3.2023913043478327,0.40739130434781856
COL,Colombia,1997,401913.40625,13.5767011642456,1362791.625,2.0872631072998,18.40726,30.748510638297873,0.44574468085105856,-3.891276595744685
COL,Colombia,1998,404203.40625,13.5996885299683,1403873.25,2.11220407485962,18.62349,27.627916666666664,-4.513541666666672,5.4297916666666595
COL,Colombia,1999,387210.65625,13.3980197906494,1408990.125,2.13744306564331,10.85002,-15.685918367346943,-5.431428571428576,1.6589795918367187
COL,Colombia,2000,398536,14.2371225357056,1412782.5,2.16298365592957,9.221199,4.68780000000001,-1.9828000000000048,4.195799999999984
COL,Colombia,2001,405223.03125,14.3336715698242,1423465.625,2.18431115150452,7.968413,17.235882352941175,1.486078431372544,-2.6764705882353006
COL,Colombia,2002,415369.71875,14.6815271377563,1442765.875,2.20584893226624,6.350154,24.864423076923075,1.2474999999999952,-1.7550000000000026
COL,Colombia,2003,431645.03125,15.246301651001,1471821.375,2.22759914398193,7.131021,23.605283018867937,1.4339622641509386,-0.5818867924528348
COL,Colombia,2004,454664.78125,15.8290681838989,1508649.5,2.24956393241882,5.904629,26.898148148148152,9.467407407407402,-2.231111111111119
COL,Colombia,2005,476063.84375,16.4764575958252,1556119.125,2.27174520492554,5.048193,42.79909090909092,-4.274727272727278,-2.4705454545454657
COL,Colombia,2006,508040.375,17.0571823120117,1620708.875,2.29414510726929,4.296368,28.414821428571443,-4.158392857142861,-0.4964285714285808
COL,Colombia,2007,542273.125,17.972843170166,1702756.625,2.31676602363586,5.543787,31.04631578947371,6.034561403508766,2.612280701754379
COL,Colombia,2008,560078.4375,18.2545528411865,1771569,2.3396098613739,6.997625,25.701034482758644,-0.789482758620693,1.887241379310339
COL,Colombia,2009,566461.3125,18.4297657012939,1841114.875,2.36267900466919,4.20218,39.835423728813566,-5.766101694915259,-1.5347457627118717
COL,Colombia,2010,591921.8125,18.8913440704346,1916421.25,2.38597559928894,2.271258,51.72150000000002,-1.8000000000000045,7.180833333333325
COL,Colombia,2011,633047.9375,19.4976921081543,2002981.125,2.41068816184998,3.416831,28.613606557377068,-2.220491803278694,4.823114754098356
COL,Colombia,2012,657816.75,19.9761848449707,2086343.625,2.43565678596497,3.168479,28.592096774193564,-2.724677419354842,1.145322580645164
COL,Colombia,2013,691589.0625,20.3189544677734,2175999.5,2.46088433265686,2.017792,31.908253968253973,1.068571428571424,1.1471428571428532
COL,Colombia,2014,722703.875,20.3993816375732,2276362.5,2.48637270927429,2.899431,37.6596875,-1.5881250000000051,1.4792187500000011
COL,Colombia,2015,744066.3125,21.1043548583984,2382179.25,2.51212525367737,4.990108,45.8003076923077,-3.5936923076923133,-1.0235384615384575
COL,Colombia,2016,759597.75,21.1867866516113,2478521.5,2.53814482688904,7.513088,45.93636363636365,7.470757575757572,1.951969696969698
COL,Colombia,2017,769923.4375,21.2779293060303,2574892.75,2.5629780292511,4.314758,45.50074626865673,-0.7007462686567223,-1.5371641791044794
COL,Colombia,2018,789666.8125,21.398229598999,2669737,2.58082032203674,3.240616,30.241617647058817,4.199558823529406,0.5254411764705864
COL,Colombia,2019,814832.3125,21.4365634918213,2765520,2.59878706932068,3.519675,39.66333333333334,0.5886956521739073,-0.6521739130434838
COL,Colombia,2020,756279.1875,19.8541221618652,2811806.5,2.61687898635864,2.526294,57.6267142857143,3.64028571428571,-0.8028571428571496
COL,Colombia,2021,837966.375,20.8645763397217,2882305,2.63825917243958,3.495938,33.79507042253522,-0.1009859154929611,3.878450704225344
COL,Colombia,2022,899044.75,22.1632251739502,2970245.75,2.6601254940033,10.17644,33.79569444444445,-0.689583333333335,4.594583333333333
COL,Colombia,2023,906207.25,22.9331722259522,3038053,2.68249130249023,11.73658,71.0027397260274,2.449863013698627,-1.6883561643835563
DEU,Germany,1960,1265407,37.2704124450684,3372031,2.62843894958496,1.536615,-1.638,-4.585999999999995,0.2669999999999999
DEU,Germany,1961,1328677.25,37.648120880127,3655636.5,2.65571403503418,2.293686,-0.7990909090909091,-5.329090909090905,-0.0772727272727276
DEU,Germany,1962,1391947.625,37.7473106384277,3939226,2.68327212333679,2.843273,-0.6824999999999999,2.515000000000004,-0.7208333333333332
DEU,Germany,1963,1429909.75,37.7966804504395,4204297.5,2.71111607551575,2.966959,1.2,1.1515384615384685,-0.4053846153846157
DEU,Germany,1964,1518488.375,37.846923828125,4515295,2.73924899101257,2.335735,4.704285714285714,-0.21071428571428183,0.48357142857142854
DEU,Germany,1965,1607066.75,37.9869689941406,4842394.5,2.7676739692688,3.242321,-1.779333333333333,-5.176666666666659,1.4313333333333331
DEU,Germany,1966,1645029,37.9016876220703,5146593,2.79639387130737,3.533058,-0.6781250000000001,-5.453124999999995,1.261875
DEU,Germany,1967,1645029,37.1753463745117,5381993,2.82541155815125,1.796049,-0.09823529411764698,-7.902352941176465,0.3576470588235292
DEU,Germany,1968,1733607.5,37.3088188171387,5658863,2.8547306060791,1.4703,-1.0827777777777778,3.526666666666671,0.5777777777777775
DEU,Germany,1969,1860148.25,37.6952095031738,5988881.5,2.88435387611389,1.912674,1.4642105263157896,2.391052631578951,-0.4726315789473685
DEU,Germany,1970,1948726.625,37.9167823791504,6354799,2.91428446769714,3.44547,-1.539,-5.418499999999998,0.8009999999999997
DEU,Germany,1971,2009774.5,37.8544998168945,6738914.5,2.93968844413757,5.240976,2.204285714285714,-0.8204761904761888,-0.4671428571428571
DEU,Germany,1972,2096201.75,37.9924163818359,7121239.5,2.96531367301941,5.484937,0.2540909090909089,4.586818181818185,0.4640909090909089
DEU,Germany,1973,2196347.5,38.350154876709,7488477,2.99116253852844,7.032024,0.7330434782608699,-4.122608695652172,-0.8360869565217393
DEU,Germany,1974,2215896.5,38.0791549682617,7785242.5,3.01723647117615,6.98643,-0.0674999999999999,-1.0808333333333309,-0.3312499999999998
DEU,Germany,1975,2196690.5,37.3638763427734,8042020,3.04353785514832,5.910339,1.7552000000000003,0.00239999999999795,-0.6279999999999999
DEU,Germany,1976,2305410.25,37.3238792419434,8310321.5,3.070068359375,4.246625,5.337692307692308,5.772307692307692,-1.0538461538461537
DEU,Germany,1977,2382577.25,37.3924827575684,8595205,3.09683012962341,3.73417,-2.05,-3.45148148148148,0.2051851851851851
DEU,Germany,1978,2454257,37.7019309997559,8900164,3.12382531166077,2.718692,-1.836785714285714,2.3817857142857157,0.5078571428571426
DEU,Germany,1979,2556117.75,38.2572288513184,9228963,3.15105581283569,4.04362,-1.7834482758620682,-4.920344827586209,0.22034482758620655
DEU,Germany,1980,2592129,38.7229194641113,9556881,3.17852354049683,5.441054,-1.3639999999999994,-2.2563333333333375,-0.18700000000000028
DEU,Germany,1981,2605847.5,38.7912483215332,9836133,3.2028431892395,6.344248,-1.5899999999999994,-6.3635483870967775,2.749032258064516
DEU,Germany,1982,2595558.5,38.5415458679199,10072060,3.22734904289246,5.241043,0.8896875000000004,-1.0546875000000036,-0.046875
DEU,Germany,1983,2636371.5,38.2541236877441,10319101,3.25204229354858,3.293411,3.9327272727272735,2.137272727272723,0.3545454545454545
DEU,Germany,1984,2710794.75,38.3833389282227,10558161,3.27692437171936,2.4058,-0.0229411764705878,1.4544117647058812,1.2541176470588231
DEU,Germany,1985,2773900.5,38.6601829528809,10791098,3.30199670791626,2.06623,-0.8422857142857139,0.5028571428571453,-0.531714285714286
DEU,Germany,1986,2837348.75,39.0774955749512,11032526,3.32726120948792,-0.1294139,0.05111111111111155,2.84888888888889,1.3430555555555554
DEU,Germany,1987,2877133,39.381275177002,11275890,3.35271883010864,0.2499083,-1.55027027027027,-2.358108108108107,0.4167567567567563
DEU,Germany,1988,2983795,39.6400413513184,11541373,3.37837147712708,1.274122,-1.1194736842105262,-5.036052631578947,-0.06421052631579016
DEU,Germany,1989,3100060.25,40.0093269348145,11843850,3.40422010421753,2.780566,0.4592307692307691,3.263076923076923,-0.4825641025641034
DEU,Germany,1990,3262968.5,39.876953125,12189045,3.43026661872864,2.696466,1.4377500000000003,1.4415000000000011,0.3994999999999993
DEU,Germany,1991,3429649.5,39.0394172668457,12553080,3.44363522529602,4.047034,1.1326829268292684,3.5763414634146393,0.2197560975609751
DEU,Germany,1992,3498729,38.5750961303711,12926008,3.45705556869507,5.056978,4.025714285714286,0.8611904761904761,0.47452380952380846
DEU,Germany,1993,3464675.5,38.1237449645996,13242672,3.47052812576294,4.474585,-1.6379069767441856,-1.3088372093023253,1.3134883720930226
DEU,Germany,1994,3554673.5,38.1793022155762,13581039,3.48405337333679,2.693051,10.029318181818184,-1.1990909090909092,1.0736363636363628
DEU,Germany,1995,3608185.75,38.3849334716797,13908999,3.49763154983521,1.706164,3.756444444444445,2.6175555555555583,0.8797777777777771
DEU,Germany,1996,3645644,38.4402847290039,14225370,3.51126217842102,1.243053,-1.1652173913043475,2.480652173913043,-0.179347826086957
DEU,Germany,1997,3713264.25,38.4614028930664,14536507,3.52494621276855,1.507482,0.0895744680851065,0.4878723404255325,-0.02553191489361772
DEU,Germany,1998,3791100.5,38.7734031677246,14867863,3.53868365287781,0.5962059,2.8577083333333335,-1.1122916666666676,0.7449999999999992
DEU,Germany,1999,3871855.25,39.2541007995606,15217082,3.55247449874878,0.6465517,-0.07061224489795848,-4.999591836734696,-0.15020408163265353
DEU,Germany,2000,3983258.25,40.1490707397461,15566046,3.56631898880005,1.413276,0.9508000000000004,-6.499600000000001,-0.36720000000000086
DEU,Germany,2001,4048445.5,40.074951171875,15866557,3.57492637634277,1.900338,1.912156862745098,-4.282156862745101,-0.30000000000000115
DEU,Germany,2002,4039202.5,39.9185104370117,16093383,3.58355450630188,1.32615,1.3553846153846156,1.7101923076923065,2.4557692307692296
DEU,Germany,2003,4017798,39.5227508544922,16296018,3.59220337867737,1.07362,11.799811320754715,2.997924528301887,-1.0905660377358506
DEU,Germany,2004,4064499.25,39.6837577819824,16489087,3.60087323188782,1.780475,-1.068703703703703,-2.207592592592595,-0.04037037037037194
DEU,Germany,2005,4100498.5,39.6711311340332,16680977,3.60956406593323,1.928238,1.4507272727272729,0.12254545454545251,0.09036363636363508
DEU,Germany,2006,4258603,39.8721542358398,16922098,3.61827564239502,1.774744,6.814821428571429,-2.929642857142859,-0.7012500000000017
DEU,Germany,2007,4381681,40.4395866394043,17172432,3.62700843811035,2.270767,-0.3547368421052628,7.541754385964911,2.2410526315789463
DEU,Germany,2008,4421572,41.0326194763184,17415402,3.63576221466064,2.754356,1.0813793103448277,-3.1782758620689666,0.18241379310344685
DEU,Germany,2009,4176388.75,41.1390953063965,17556428,3.64453721046448,0.2461707,-0.8369491525423727,-3.6844067796610176,-0.31067796610169607
DEU,Germany,2010,4349573.5,41.3852577209473,17741678,3.65333318710327,1.11869,5.147,-3.2230000000000008,1.204499999999999
DEU,Germany,2011,4513029.5,41.8781890869141,17981700,3.65577626228333,2.482461,-0.8073770491803276,15.889836065573768,1.0247540983606545
DEU,Germany,2012,4534434.5,42.3279037475586,18208556,3.65822052955627,2.159031,1.5956451612903226,-2.486451612903231,-0.3317741935483882
DEU,Germany,2013,4551947.5,42.5923309326172,18415930,3.66066670417786,1.606529,4.48031746031746,-0.09698412698412896,1.8234920634920624
DEU,Germany,2014,4650702,42.9700469970703,18647862,3.66311454772949,0.7694259,0.35031250000000025,-3.6954687500000034,0.504999999999999
DEU,Germany,2015,4727565,43.3498077392578,18885398,3.66556406021118,0.6796442,10.694923076923075,-1.138615384615388,0.1772307692307682
DEU,Germany,2016,4836048.5,43.9107437133789,19145834,3.66801500320435,0.3666972,3.072878787878788,-2.451363636363636,-0.3054545454545461
DEU,Germany,2017,4967397.5,44.5362663269043,19417412,3.67046761512756,1.702234,0.30701492537313424,-2.664776119402985,1.1491044776119392
DEU,Germany,2018,5022855,45.1352043151856,19707832,3.67292213439941,1.93501,9.4025,2.9744117647058808,-0.13779411764705962
DEU,Germany,2019,5072476,45.5520095825195,20002264,3.67537784576416,1.353624,8.38623188405797,-1.9486956521739105,-0.14579710144927605
DEU,Germany,2020,4864751,45.2257537841797,20254192,3.67783570289612,0.371424,3.866428571428571,3.869142857142858,0.2262857142857135
DEU,Germany,2021,5043287,45.3312225341797,20509570,3.68691277503967,3.212346,-0.8880281690140848,-4.725352112676056,1.3330985915492954
DEU,Germany,2022,5112367,45.8390464782715,20761662,3.69603681564331,8.665802,6.864305555555555,0.11027777777777814,0.1045833333333328
DEU,Germany,2023,5098745,46.0366134643555,20997920,3.70520830154419,6.030186,2.5302739726027395,-0.2612328767123273,0.4231506849315063
DZA,Algeria,1960,84643.3984375,1.86588883399963,279584.15625,1.13728058338165,5.38,5.2099999999999795,25.357,-0.01100000000000001
DZA,Algeria,1961,83252.59375,1.87100410461426,291381.5,1.14063823223114,2.92,1.4163636363636272,31.061818181818182,-0.15000000000000002
DZA,Algeria,1962,52013.453125,1.81982290744782,293013.21875,1.14400577545166,6.6,0.2883333333333553,4.033333333333331,-0.0075
DZA,Algeria,1963,65541.265625,1.83317935466766,296558.21875,1.1473833322525,6.6,-9.65384615384616,-8.956923076923061,-0.04692307692307693
DZA,Algeria,1964,72395.6484375,1.85587549209595,296793.125,1.15077078342438,6.6,8.145714285714291,29.20285714285714,0.00642857142857139
DZA,Algeria,1965,79227.234375,1.87828528881073,297697.4375,1.15416824817657,6.6,-2.5573333333333323,-35.883999999999986,0.266
DZA,Algeria,1966,74153.2109375,1.90270245075226,295611.4375,1.15757584571838,6.6,3.4125000000000227,4.028750000000002,0.00937499999999996
DZA,Algeria,1967,82866.5703125,1.93186914920807,298447.96875,1.16099333763123,6.6,1.691764705882349,-22.408235294117645,0.06882352941176467
DZA,Algeria,1968,91880.640625,1.95337760448456,304284.40625,1.16442108154297,6.6,8.257777777777761,-27.28333333333333,-0.11500000000000005
DZA,Algeria,1969,99600.453125,1.97218656539917,313909.25,1.16785883903503,6.6,7.613157894736816,-34.45736842105265,0.29105263157894734
DZA,Algeria,1970,109463.140625,1.99192321300507,328473.4375,1.17130672931671,6.6,3.2125000000000057,27.365499999999997,-0.1135
DZA,Algeria,1971,99039.2734375,2.03977108001709,339993.125,1.17918086051941,2.62664,-6.650476190476212,-31.077619047619063,0.09190476190476188
DZA,Algeria,1972,121076.890625,2.03922009468079,353519.96875,1.18710792064667,3.65631,-10.188181818181846,-50.005000000000024,0.26772727272727265
DZA,Algeria,1973,126308.828125,2.02984070777893,369483.90625,1.19508814811707,6.17284,8.03478260869565,22.429130434782564,0.11608695652173912
DZA,Algeria,1974,131068.296875,2.08212804794312,391430.09375,1.20312213897705,4.69961,-6.990000000000009,-5.065416666666692,-0.02875000000000005
DZA,Algeria,1975,138704.96875,2.22768592834473,420504.84375,1.2112101316452,8.23032,-2.390400000000028,7.047199999999975,0.0524
DZA,Algeria,1976,147289.0625,2.38974666595459,452187.09375,1.21935248374939,9.43074,-13.628461538461522,-23.283846153846156,0.07038461538461538
DZA,Algeria,1977,161152.5625,2.39811944961548,492527.25,1.22754955291748,11.9893,-0.3137037037036805,-2.39148148148152,0.07777777777777778
DZA,Algeria,1978,177548.28125,2.84657835960388,540478.1875,1.23580181598663,17.5239,-1.9224999999999852,4.353928571428526,-0.11500000000000007
DZA,Algeria,1979,190825.015625,3.08771324157715,579894.0625,1.24410951137543,11.3486,0.8837931034482551,10.163793103448228,0.0989655172413792
DZA,Algeria,1980,192333.6875,3.21879529953003,617574,1.25247299671173,9.668,5.894333333333321,4.4749999999999375,0.0756666666666666
DZA,Algeria,1981,198103.703125,3.34797263145447,655813.125,1.27636218070984,14.61,15.784193548387066,19.810645161290296,-0.18677419354838715
DZA,Algeria,1982,210782.34375,3.56456875801086,694753.5625,1.30070698261261,6.593,-1.2690625000000182,-7.828437500000035,0.05906249999999991
DZA,Algeria,1983,222164.578125,3.73566389083862,736297.125,1.32551622390747,7.835,8.159393939393937,31.368787878787856,-0.26272727272727286
DZA,Algeria,1984,234605.8125,3.87479782104492,779485.6875,1.35079860687256,6.31,1.0994117647059056,31.576176470588223,-0.04500000000000009
DZA,Algeria,1985,243286.234375,4.01764726638794,823477.25,1.37656331062317,10.432,7.557999999999993,13.683999999999967,-0.10371428571428584
DZA,Algeria,1986,244259.359375,4.16786623001099,861902.125,1.40281927585602,14.007,2.9080555555555634,-9.89611111111111,0.03916666666666651
DZA,Algeria,1987,242549.5625,4.31509590148926,887819.875,1.42957615852356,5.857,18.62945945945947,9.17135135135132,-0.16189189189189204
DZA,Algeria,1988,240124.046875,4.46757078170776,910729.5,1.45684325695038,5.938,16.889210526315793,-6.700000000000017,0.00236842105263146
DZA,Algeria,1989,250689.515625,4.61816644668579,936679,1.4846305847168,9.172,5.586153846153849,27.941794871794855,-0.11769230769230782
DZA,Algeria,1990,252695.046875,4.74866580963135,961178.25,1.51294791698456,9.272,14.8065,3.8032499999999914,0.04524999999999984
DZA,Algeria,1991,249662.6875,4.90216255187988,976432,1.55154621601105,25.9,-1.8646341463414444,-26.169512195121968,0.08414634146341454
DZA,Algeria,1992,254156.609375,5.01348829269409,992773.6875,1.59112918376923,31.7,-6.740238095238084,24.11357142857142,0.002142857142857
DZA,Algeria,1993,248819.3125,5.08517980575562,1007344.125,1.63172209262848,20.5,10.806511627907014,29.552790697674396,-0.11790697674418615
DZA,Algeria,1994,246579.953125,5.19884061813355,1022027.4375,1.67335057258606,29,3.1109090909091037,-8.998863636363637,0.02477272727272717
DZA,Algeria,1995,255949.984375,5.48659133911133,1037938.8125,1.71434307098389,29.8,-1.0282222222222115,-8.398888888888905,-0.07577777777777786
DZA,Algeria,1996,266443.90625,5.68601512908936,1054897.375,1.7472060918808,18.7,2.264130434782629,-21.98630434782612,0.0258695652173912
DZA,Algeria,1997,269374.8125,5.89050483703613,1071708.25,1.7806990146637,5.7,2.8859574468085327,-28.928510638297897,-0.084680851063829915
DZA,Algeria,1998,283112.9375,6.07488822937012,1090493.875,1.81483399868011,4.95,10.095833333333388,-13.155833333333362,-0.10291666666666675
DZA,Algeria,1999,292172.53125,6.15642881393433,1110025.5,1.8496232032775899,2.6,20.669795918367385,0.5826530612244483,0.04918367346938762
DZA,Algeria,2000,303275.09375,6.32022666931152,1131786.875,1.88507950305939,0.3,10.20640000000003,13.140999999999991,-0.19180000000000016
DZA,Algeria,2001,312373.375,6.67828559875488,1156585.125,1.90001463890076,4.2,25.17627450980396,35.71333333333334,-0.17803921568627462
DZA,Algeria,2002,329866.28125,6.97835636138916,1185979.625,1.91506826877594,1.43,9.052115384615432,-13.373461538461555,-0.10461538461538468
DZA,Algeria,2003,353616.625,6.75358819961548,1217456.125,1.93024098873138,4.259,20.40132075471703,-13.311132075471704,0.07735849056603766
DZA,Algeria,2004,368822.1875,7.87312889099121,1252920.375,1.94553411006928,3.972,15.813518518518578,-0.5546296296296305,0.2059259259259259
DZA,Algeria,2005,390582.65625,8.12405681610107,1291995.625,1.96094822883606,1.382,25.80600000000007,-20.95454545454544,-0.06781818181818186
DZA,Algeria,2006,397222.59375,8.95882987976074,1334703.75,1.97648453712463,2.31,24.025178571428626,-24.10035714285712,0.11339285714285707
DZA,Algeria,2007,410728.15625,8.67647838592529,1385323.75,1.99214398860931,3.931315,14.163684210526355,33.192456140350885,-0.03859649122807024
DZA,Algeria,2008,420585.625,9.23440265655518,1446441.875,2.00792741775513,4.380229,12.819482758620724,30.05017241379312,0.0220689655172413
DZA,Algeria,2009,427314.96875,9.57050132751465,1515649.5,2.02383589744568,9.362793,10.482203389830572,-21.50915254237287,0.1716949152542372
DZA,Algeria,2010,442698.34375,9.8395357131958,1588688.75,2.03987050056458,4.2067,31.647500000000036,-18.86066666666667,-0.08116666666666675
DZA,Algeria,2011,455536.59375,9.70195293426514,1662936.875,2.07550859451294,5.739105,9.6486885245902,-14.681475409836054,0.11016393442622946
DZA,Algeria,2012,471024.8125,10.2749528884888,1740849.75,2.11176919937134,9.698162,19.83306451612907,-3.534677419354864,0.07838709677419353
DZA,Algeria,2013,484213.5625,10.8958702087402,1828537.625,2.14866352081299,4.101908,25.10825396825402,17.851428571428556,-0.0128571428571429
DZA,Algeria,2014,502613.6875,10.3398427963257,1923181.375,2.18620228767395,3.876656,17.065937500000047,-4.447500000000019,0.09734375
DZA,Algeria,2015,521210.375,10.6938314437866,2024275.375,2.22439670562744,4.391666,14.223384615384646,-28.59907692307695,-0.02415384615384613
DZA,Algeria,2016,537889.0625,10.9418792724609,2127248.25,2.26325869560242,5.800304,20.447878787878835,-7.555757575757582,-0.06378787878787878
DZA,Algeria,2017,544881.625,10.9499835968018,2231472.75,2.30279946327209,5.591,17.242686567164213,-17.962985074626886,-0.10283582089552236
DZA,Algeria,2018,551420.1875,11.0875148773193,2337930,2.34303092956543,3.51,13.979117647058873,-29.57882352941178,0.04867647058823532
DZA,Algeria,2019,581665.8125,11.1983909606934,2442441.5,2.38396549224854,1.952,8.646521739130463,-39.130144927536264,-0.02202898550724635
DZA,Algeria,2020,576513.1875,10.4205169677734,2541997.25,2.42561507225037,2.415131,18.063000000000045,6.468857142857132,-0.11171428571428572
DZA,Algeria,2021,622585.875,10.6965208053589,2659781.75,2.45266890525818,7.226063,20.95859154929579,39.49774647887324,-0.16014084507042253
DZA,Algeria,2022,645138.5,11.4524326324463,2775426.75,2.48042869567871,9.265515,17.637500000000017,59.7791666666667,-0.1979166666666667
DZA,Algeria,2023,671293.25,11.6545906066895,2906572.75,2.50891828536987,9.322174,29.63589041095892,49.68027397260275,-0.11520547945205484
ECU,Ecuador,1960,21071.673828125,1.29828786849976,199713.875,1.66427171230316,1.676599,22.857999999999997,1.7409999999999997,-7.082000000000001
ECU,Ecuador,1961,22151.47265625,1.32747554779053,210395.5,1.67715835571289,3.98562,12.359999999999996,4.072727272727274,0.13181818181818272
ECU,Ecuador,1962,23241.13671875,1.35732316970825,219636.09375,1.69014477729797,2.870885,16.349999999999998,-0.6366666666666632,-2.9291666666666636
ECU,Ecuador,1963,23730.6796875,1.38784146308899,229023.5625,1.70323181152344,5.939509,39.372307692307686,6.122307692307693,-6.153846153846153
ECU,Ecuador,1964,25488.466796875,1.41905009746552,239109.796875,1.71462845802307,4.034204,12.239999999999998,1.9149999999999991,5.375714285714285
ECU,Ecuador,1965,26323.23828125,1.45095431804657,249059.09375,1.72462594509125,3.069071,7.153999999999996,-5.802666666666667,3.7673333333333368
ECU,Ecuador,1966,26966.4453125,1.48659360408783,259426.25,1.73468172550201,5.453727,14.126874999999998,-1.8500000000000016,1.0618750000000006
ECU,Ecuador,1967,28818.19921875,1.52310538291931,273190.125,1.74479615688324,3.818138,7.985882352941175,2.5588235294117645,-0.3905882352941142
ECU,Ecuador,1968,29979.50390625,1.56051564216614,287328.6875,1.75496959686279,4.317656,17.04222222222222,-0.8133333333333361,-0.26888888888888474
ECU,Ecuador,1969,30678.77734375,1.59883248806,299306.90625,1.76520228385925,6.326682,20.625263157894736,-2.0005263157894753,3.385263157894741
ECU,Ecuador,1970,32659.79296875,1.63810968399048,312167.34375,1.77549457550049,5.12999,17.564,1.9995000000000012,1.1159999999999997
ECU,Ecuador,1971,33985.09375,1.70625054836273,331629.71875,1.79437184333801,0,-1.0123809523809584,-5.115714285714285,6.482857142857146
ECU,Ecuador,1972,37059.27734375,1.77716457843781,347959.78125,1.81344985961914,0,24.453636363636356,-7.983181818181819,6.878181818181819
ECU,Ecuador,1973,39971.2890625,1.85084819793701,362438.09375,1.83273065090179,0,6.000434782608693,-2.616086956521741,5.499130434782611
ECU,Ecuador,1974,44931.86328125,1.92723762989044,379385.71875,1.85221648216248,42.08334,-12.83958333333334,-4.077083333333334,1.3700000000000043
ECU,Ecuador,1975,50646.0234375,2.00630807876587,408829.6875,1.87190961837769,6.158357,-10.416000000000004,-1.993999999999998,8.045200000000001
ECU,Ecuador,1976,53765.60546875,2.07364726066589,437841.25,1.89181196689606,2.486187,1.3646153846153837,-3.4373076923076926,9.235769230769233
ECU,Ecuador,1977,54785.32421875,2.1427278518676798,469371.875,1.91192603111267,29.6496,33.524074074074065,0.7399999999999984,0.22370370370370907
ECU,Ecuador,1978,57604.3515625,2.21392035484314,504313.71875,1.93225383758545,0,26.636785714285708,-0.2864285714285728,-3.494285714285713
ECU,Ecuador,1979,59969.0546875,2.28750419616699,533150.1875,1.95279788970947,20.79002,23.878275862068968,1.793448275862069,-2.823793103448274
ECU,Ecuador,1980,61841.78515625,2.36409139633179,561310,1.97356021404266,3.270225,23.04233333333334,0.23366666666666447,-0.7896666666666619
ECU,Ecuador,1981,67888.6484375,2.43558740615845,589776.6875,1.99659240245819,18.16667,20.79903225806451,0.8861290322580615,-1.934193548387093
ECU,Ecuador,1982,69010.5234375,2.50513482093811,618657.3125,2.01989340782166,16.92524,7.139062499999994,-2.921562500000002,8.466250000000002
ECU,Ecuador,1983,69497.734375,2.57733774185181,639372.75,2.04346609115601,49.69843,15.702727272727266,-7.5830303030303075,19.099696969696975
ECU,Ecuador,1984,71531.3671875,2.65241003036499,658389.6875,2.06731414794922,29.89524,-10.589117647058828,-3.070000000000004,0.30794117647058883
ECU,Ecuador,1985,74968.1953125,2.72944402694702,681122.1875,2.09144043922424,28.53599,-5.716571428571434,4.657714285714285,-5.590857142857143
ECU,Ecuador,1986,77552.15625,2.80225110054016,704502.875,2.11584830284119,21.81467,-14.43777777777779,-4.801666666666669,4.164444444444442
ECU,Ecuador,1987,80482.796875,2.88580799102783,727434.25,2.14054107666016,29.6355,12.272432432432424,-3.711891891891895,8.421891891891892
ECU,Ecuador,1988,82890.8828125,2.95986986160278,743595,2.16552186012268,58.89365,-1.3305263157894842,-1.354210526315791,-1.7997368421052613
ECU,Ecuador,1989,85297.5234375,3.1386034488678,757315.25,2.19079422950745,75.30295,-9.32641025641026,1.170512820512819,1.2164102564102564
ECU,Ecuador,1990,90858.4296875,3.33644127845764,768962.75,2.21636152267456,48.50779,1.6267500000000013,-1.96875,-1.5040000000000011
ECU,Ecuador,1991,94778.75,3.47906255722046,783936.9375,2.239013671875,48.6147,9.1870731707317,-2.100731707317072,1.30268292682927
ECU,Ecuador,1992,96356.546875,3.58531832695007,797760.25,2.26189708709717,54.68058,12.578333333333331,-1.0707142857142848,7.221666666666671
ECU,Ecuador,1993,98817.5234375,3.70506572723389,811931.9375,2.28501439094543,44.95404,-0.5741860465116346,-4.245813953488371,5.353720930232562
ECU,Ecuador,1994,102635.9375,3.84747648239136,826787.125,2.30836820602417,27.36525,-1.561136363636372,-0.9593181818181796,5.84204545454546
ECU,Ecuador,1995,104635.8984375,3.94892644882202,840871.5625,2.33196043968201,22.93229,-2.576444444444455,-4.187999999999999,3.7022222222222254
ECU,Ecuador,1996,109811.6953125,4.09992837905884,855305.375,2.35579395294189,24.48596,-18.500434782608703,-1.53695652173913,-2.818260869565215
ECU,Ecuador,1997,112545.390625,4.28963661193848,857733.4375,2.37987112998962,30.6847,-12.706808510638304,-9.994255319148936,18.821702127659577
ECU,Ecuador,1998,116361.609375,4.50011110305786,860401.375,2.40419411659241,36.17221,-10.382083333333338,-6.016041666666666,18.689583333333335
ECU,Ecuador,1999,111264.28125,4.26739692687988,854237.625,2.42876577377319,52.20793,-26.29020408163266,-6.723265306122448,4.9981632653061325
ECU,Ecuador,2000,116847.7109375,4.59304189682007,855093.375,2.45358872413635,96.04465,-23.49440000000001,-1.8888,2.64820000000001
ECU,Ecuador,2001,121762.640625,4.8390097618103,857254.5,2.48427653312683,37.43846,-18.783725490196087,-3.3717647058823506,2.316274509803929
ECU,Ecuador,2002,127763.2265625,4.97953319549561,867015.375,2.51534819602966,12.42378,-18.652500000000007,-3.776923076923074,2.711730769230776
ECU,Ecuador,2003,131448.546875,5.12074422836304,876904.5,2.54680848121643,7.913446,-18.25056603773586,-4.275660377358486,0.02056603773585408
ECU,Ecuador,2004,140429.65625,5.56852149963379,886167.625,2.57254362106323,2.753288,6.527407407407402,-1.6364814814814783,-2.719814814814807
ECU,Ecuador,2005,148010.90625,5.75522518157959,899538.8125,2.59416246414185,2.201747,24.038727272727265,-0.3067272727272705,-5.380363636363629
ECU,Ecuador,2006,154436.265625,5.96800088882446,914583.1875,2.61596298217773,3.31583,20.62946428571428,-3.1512499999999974,1.0257142857142902
ECU,Ecuador,2007,157374.3125,6.21716356277466,930672.6875,2.63794684410095,2.289087,8.947543859649109,-1.7259649122807,-1.652280701754382
ECU,Ecuador,2008,167705.796875,6.36085891723633,953534.25,2.66011524200439,8.404222,12.773275862068957,-4.406206896551719,2.556206896551732
ECU,Ecuador,2009,169535.5,6.50726318359375,973864.5625,2.68247008323669,5.155421,25.30677966101694,-3.0915254237288092,0.13288135593220574
ECU,Ecuador,2010,176366.3125,6.73341846466064,999947.8125,2.70501255989075,3.551071,35.01499999999999,-2.179999999999996,1.63066666666667
ECU,Ecuador,2011,191324.78125,6.96347332000732,1035351.0625,2.7113370895385702,4.471795,27.650983606557375,-1.8142622950819636,-0.2260655737704873
ECU,Ecuador,2012,202389.5,7.16315507888794,1078181.875,2.71767663955688,5.09917,18.114999999999995,-3.104999999999997,7.1575806451613
ECU,Ecuador,2013,216984.265625,7.35647916793823,1135102.375,2.7240309715271,2.721399,11.147460317460316,-1.4757142857142824,1.3039682539682609
ECU,Ecuador,2014,226154.1875,7.50406837463379,1190608.25,2.73040008544922,3.594219,6.973281249999992,-5.092656249999996,3.0835937500000057
ECU,Ecuador,2015,226424.859375,7.66523742675781,1236218.375,2.73678398132324,3.96911,28.675999999999988,-4.414307692307689,7.2861538461538515
ECU,Ecuador,2016,224867.15625,7.75448608398438,1265880.5,2.74318289756775,1.730013,38.21151515151514,0.412575757575759,5.525757575757581
ECU,Ecuador,2017,238292.625,7.98127365112305,1305187.25,2.74959659576416,0.417,27.16119402985074,-2.063582089552236,13.863283582089558
ECU,Ecuador,2018,240781.09375,8.16864776611328,1342386.375,2.75602555274963,-0.22,21.41176470588234,0.05676470588235638,8.329411764705888
ECU,Ecuador,2019,241179.375,8.24663543701172,1376518.25,2.76246953010559,0.266,21.38144927536231,-1.6740579710144878,13.91869565217391
ECU,Ecuador,2020,218882.109375,7.4028811454773,1391116.5,2.76892852783203,-0.3388724,36.37599999999999,0.7098571428571461,0.5598571428571404
ECU,Ecuador,2021,240372.859375,8.25420379638672,1414991.875,2.8261821269989,0.13317,18.10366197183098,-0.21014084507041808,8.10197183098591
ECU,Ecuador,2022,255242.65625,8.44466495513916,1444966.75,2.79839634895325,3.46617,22.032222222222217,2.5327777777777793,1.349444444444444
ECU,Ecuador,2023,261254.1875,8.51595687866211,1474124.875,2.82538056373596,2.215688,44.2004109589041,-3.5919178082191756,10.410958904109592
EGY,Egypt,1960,82594.953125,6.71258163452148,73080.6796875,1.11206042766571,0.3328291,14.94799999999998,12.268000000000086,0.015
EGY,Egypt,1961,86666.703125,6.44742298126221,76630.75,1.11806833744049,0.6936067,-20.620909090909095,9.812727272727273,0.02363636363636363
EGY,Egypt,1962,88421.9140625,6.55081558227539,81051.8046875,1.12410867214203,-3.003077,20.367500000000007,9.365000000000007,-0.00833333333333333
EGY,Egypt,1963,91310.7109375,6.72188901901245,86999.9375,1.1301816701889,0.7466457,7.210769230769216,-60.00538461538457,0.3523076923076923
EGY,Egypt,1964,107205.8984375,6.79791212081909,93490.6875,1.13628733158112,3.660983,-9.664285714285713,-27.749285714285747,0.3771428571428571
EGY,Egypt,1965,112601.3046875,6.88783311843872,101304.09375,1.14242613315582,14.839,-10.890000000000017,-13.839333333333345,0.182
EGY,Egypt,1966,112262.28125,7.18150281906128,106449.6875,1.14859807491303,9.036441,1.0106250000000043,-62.144375,1.200625
EGY,Egypt,1967,111283.9375,7.0305027961731,110040.78125,1.15480327606201,0.7018975,-14.08882352941177,-51.88882352941175,0.28
EGY,Egypt,1968,117396.140625,7.19767045974731,112890.4296875,1.16104209423065,-1.675759,-4.38611111111112,8.773888888888848,-0.15555555555555556
EGY,Egypt,1969,126971.296875,7.36336708068848,118037.0625,1.16731464862823,3.40982,10.974736842105244,-53.65789473684214,-0.13736842105263156
EGY,Egypt,1970,150897.078125,7.62738227844238,123889.1875,1.17362093925476,3.7629,-3.313999999999993,31.864999999999952,-0.1405
EGY,Egypt,1971,156089.3125,7.73368740081787,127718.6171875,1.18383133411407,4.41176,-5.616190476190496,6.837619047619,-0.0438095238095238
EGY,Egypt,1972,162106.234375,7.82842540740967,130540.0859375,1.19413065910339,1.408449,3.939090909090907,-14.733181818181832,-0.0818181818181818
EGY,Egypt,1973,163249.484375,8.25463771820068,136484.3125,1.20451951026917,4.629632,2.9478260869564963,36.59739130434781,-0.12826086956521737
EGY,Egypt,1974,167307.046875,8.42269515991211,148192.453125,1.21499872207642,11.9469,10.644999999999982,8.692499999999995,-0.11291666666666664
EGY,Egypt,1975,175819.671875,8.87746620178223,162320.5,1.22556912899017,9.090906,-7.710800000000006,7.0248000000000275,-0.00839999999999996
EGY,Egypt,1976,199921.015625,9.15264129638672,189769.078125,1.23623144626617,10.14493,2.3057692307691866,-12.645384615384671,-0.11807692307692304
EGY,Egypt,1977,215486.859375,9.39052295684815,213921.40625,1.24698650836945,13.15789,-10.98962962962966,6.432962962962961,-0.10370370370370369
EGY,Egypt,1978,232550.203125,9.73035526275635,239983.578125,1.2578352689743,11.04652,-1.9771428571428655,25.93321428571431,-0.09999999999999996
EGY,Egypt,1979,256483.859375,9.97796630859375,274071.09375,1.2687783241272,9.947641,11.381034482758622,-24.58103448275864,-0.096551724137931
EGY,Egypt,1980,282006.5,10.3169708251953,314943.875,1.27981662750244,20.95238,2.5316666666666663,13.91833333333335,-0.08333333333333327
EGY,Egypt,1981,292598.90625,10.627589225769,356926.1875,1.31555163860321,10.23622,-0.6500000000000057,26.449354838709667,-0.10064516129032253
EGY,Egypt,1982,321587.1875,10.8731822967529,403120.28125,1.35228443145752,14.28572,-3.5896874999999966,-12.487187500000005,-0.09749999999999996
EGY,Egypt,1983,337310.6875,11.0224123001099,449280.84375,1.39004290103912,16.5625,-13.080909090909074,21.841212121212152,-0.09454545454545447
EGY,Egypt,1984,370183.53125,11.1780910491943,507690.71875,1.42885565757751,16.75603,1.683823529411768,14.888823529411752,-0.09176470588235287
EGY,Egypt,1985,391622.6875,11.2391958236694,567814.8125,1.46875214576721,12.51436,-2.3542857142856803,-32.36657142857143,0.1508571428571429
EGY,Egypt,1986,410202.8125,11.2502698898315,624062.125,1.50976264476776,23.36734,-10.318888888888864,2.6324999999999363,-0.0933333333333333
EGY,Egypt,1987,424495.5625,11.8036212921143,675102.8125,1.55191826820374,19.76841,-9.039999999999964,-2.878648648648664,-0.09081081081081076
EGY,Egypt,1988,447363.03125,12.1300792694092,730720.1875,1.59525084495544,17.81768,3.17789473684212,-23.142894736842095,-0.04842105263157891
EGY,Egypt,1989,470232.90625,12.5739917755127,777017.125,1.63979339599609,21.21923,6.746410256410286,24.200512820512813,-0.08717948717948715
EGY,Egypt,1990,497390.125,12.8831434249878,823586.125,1.68557965755463,16.82785,7.37775000000002,18.22549999999995,-0.07499999999999997
EGY,Egypt,1991,503105.78125,13.3586683273315,848232.5,1.71692287921906,19.78477,11.937804878048809,-24.74902439024396,-0.02317073170731703
EGY,Egypt,1992,524544.875,13.6318769454956,867610.4375,1.74287676811218,13.57982,-4.806428571428569,17.000238095238046,-0.06261904761904757
EGY,Egypt,1993,540268.375,13.9756059646606,883261.875,1.76922285556793,12.07789,15.415348837209308,-21.905116279069773,-0.0711627906976744
EGY,Egypt,1994,561707.5625,14.4899454116821,907107.375,1.79596722126007,8.089034,11.535000000000023,-18.977272727272748,-0.0395454545454545
EGY,Egypt,1995,587434,15.0467338562012,941499.3125,1.82311594486237,15.69563,1.2486666666666792,-8.33555555555563,-0.06866666666666664
EGY,Egypt,1996,617447.8125,15.1641283035278,979901.125,1.85067498683929,7.293248,4.451521739130442,-7.944347826086982,-0.05717391304347821
EGY,Egypt,1997,650320.75,15.696249961853,1030716.4375,1.8786506652832,4.470971,-1.4731914893616818,-8.315319148936226,-0.06595744680851061
EGY,Egypt,1998,677477.9375,16.1951923370361,1100985.75,1.90704917907715,3.950428,11.977499999999992,-0.19208333333341443,-0.0745833333333333
EGY,Egypt,1999,717497.1875,16.7563495635986,1168339.5,1.93587708473206,3.092395,12.583061224489768,15.431836734693777,-0.07306122448979588
EGY,Egypt,2000,757516.4375,17.0344905853272,1227996,1.96514070034027,2.710517,1.0713999999999828,15.66319999999996,-0.07159999999999996
EGY,Egypt,2001,783245.375,17.3433094024658,1284927.375,2.00113081932068,2.26953,6.1403921568627595,27.03607843137246,-0.0601960784313725
EGY,Egypt,2002,801825.5,17.5329399108887,1326982,2.03778004646301,2.73525,7.382307692307734,20.84615384615375,-0.06903846153846149
EGY,Egypt,2003,827422.8125,17.9665985107422,1365606.375,2.07510042190552,4.470861,11.81301886792457,29.862830188679084,-0.06773584905660372
EGY,Egypt,2004,861263.3125,18.4727840423584,1408146.25,2.11310434341431,11.28386,15.384259259259297,17.169814814814686,-0.06648148148148143
EGY,Egypt,2005,899876.1875,19.1662712097168,1464887.75,2.15180444717407,4.853811,10.194545454545477,17.58763636363625,-0.06527272727272723
EGY,Egypt,2006,961622.25,19.7343692779541,1535896.25,2.19121313095093,7.609887,6.872500000000002,3.2635714285713675,-0.06410714285714282
EGY,Egypt,2007,1029844.25,21.190954208374,1634637.125,2.2313437461853,9.484298,14.061929824561416,20.166315789473572,-0.06298245614035083
EGY,Egypt,2008,1103594.375,21.7519512176514,1757192.25,2.27220916748047,18.31643,11.339482758620704,23.348620689655093,-0.04189655172413789
EGY,Egypt,2009,1155088.75,22.3931179046631,1850340,2.31382298469543,11.88412,7.097288135593232,18.242881355932127,-0.06118644067796606
EGY,Egypt,2010,1214580.25,23.4240779876709,1953124,2.35619902610779,11.06218,38.549000000000035,18.998833333333263,0.00983333333333338
EGY,Egypt,2011,1235770.625,23.1454219818115,2027839.25,2.39559030532837,10.0793,-4.94295081967212,14.657377049180296,-0.05032786885245897
EGY,Egypt,2012,1263398.375,23.5930976867676,2091820.5,2.43564009666443,7.124842,22.116774193548423,10.480967741935444,-0.05951612903225802
EGY,Egypt,2013,1290923.625,23.9659538269043,2138536.5,2.47635960578918,9.468726,14.535714285714306,20.32460317460317,-0.05857142857142853
EGY,Egypt,2014,1328768.75,24.2856731414795,2185379.5,2.51775979995728,10.06267,9.538593750000048,-28.342968750000068,-0.00765624999999995
EGY,Egypt,2015,1386683.25,24.7602424621582,2250247,2.5598521232605,10.34829,9.031846153846177,-13.436923076923108,-0.01753846153846149
EGY,Egypt,2016,1446852.375,25.3067359924316,2332186.5,2.58862996101379,13.8088,22.805000000000007,-5.443333333333385,-0.04727272727272723
EGY,Egypt,2017,1507479.375,25.9756526947022,2448521.25,2.61768794059753,23.537,-0.1753731343283107,14.447910447761103,-0.05656716417910443
EGY,Egypt,2018,1587805.625,25.9848003387451,2582630.5,2.64707231521606,14.4,25.817205882352937,-17.37455882352947,-0.04573529411764701
EGY,Egypt,2019,1675894.75,26.0862483978272,2741249,2.67678642272949,13.875,9.34304347826088,-37.772753623188464,-0.02507246376811589
EGY,Egypt,2020,1735807.875,26.2024345397949,2839437.75,2.70683407783508,5.7,5.039571428571463,-26.39314285714289,0.24528571428571433
EGY,Egypt,2021,1792245.125,27.2030773162842,2932152.5,2.75470471382141,5.206325,14.898591549295787,22.288591549295745,-0.05816901408450699
EGY,Egypt,2022,1911510.875,27.9374485015869,3092952,2.80485892295837,13.89566,1.3616666666666788,12.239027777777778,-0.05736111111111106
EGY,Egypt,2023,1983364.625,28.6768665313721,3183219.25,2.85743236541748,33.88478,12.11301369863017,-20.128630136986317,-0.05657534246575337
ESP,Spain,1960,293869.1875,12.3279142379761,1168611.875,1.94167864322662,1.177758,-4.785999999999998,-5.060000000000009,3.066
ESP,Spain,1961,331634.75,12.534966468811,1243904.625,1.95259690284729,0.809258,0.05909090909091219,-4.720000000000006,0.7172727272727268
ESP,Spain,1962,367128.21875,12.6138048171997,1344088.75,1.96357643604279,5.706481,9.34416666666667,11.50333333333333,0.40749999999999886
ESP,Spain,1963,403985.75,12.6978893280029,1453337,1.97461771965027,8.743698,-7.004615384615384,-5.8415384615384625,1.8361538461538451
ESP,Spain,1964,425763.84375,12.7648706436157,1568090.875,1.9857212305069,6.979253,7.975714285714293,-3.8242857142857143,-0.8950000000000005
ESP,Spain,1965,456325.46875,12.8620481491089,1706229.5,1.99688708782196,13.21413,0.27400000000000446,4.7506666666666675,0.7846666666666655
ESP,Spain,1966,491903.5625,12.984715461731,1862722.75,2.00811553001404,6.24037,-0.8131249999999959,1.0437499999999955,2.1156249999999988
ESP,Spain,1967,511838.75,13.0715503692627,2011165.75,2.01940751075745,6.391633,2.6947058823529453,-4.2376470588235335,-0.06882352941176517
ESP,Spain,1968,543811.8125,13.1647262573242,2169864.75,2.03076267242432,4.954365,1.4450000000000038,-6.532222222222231,-0.33500000000000085
ESP,Spain,1969,595383.25,13.2878074645996,2362908.75,2.04218173027039,2.160347,-2.3410526315789397,-9.608421052631591,1.882631578947367
ESP,Spain,1970,618568.875,13.4227409362793,2543293.5,2.05366516113281,5.75762,5.896000000000008,-1.8780000000000072,-0.07150000000000212
ESP,Spain,1971,647329.0625,13.5325794219971,2706798.75,2.0684175491333,8.236876,-8.064761904761902,-16.028571428571432,0.4119047619047605
ESP,Spain,1972,700084.75,13.7021141052246,2902922.25,2.08327579498291,8.272296,-12.648181818181811,-19.77,2.3731818181818163
ESP,Spain,1973,754610.625,14.0634202957153,3129103.5,2.09824109077454,11.41671,2.3117391304347876,-5.330434782608698,-0.5200000000000022
ESP,Spain,1974,797010.5625,14.1709413528442,3364063,2.11331367492676,15.68037,0.0954166666666687,0.18166666666666487,-0.3483333333333345
ESP,Spain,1975,801332,13.941164970398,3568344.75,2.12849450111389,16.95329,-1.4683999999999957,-5.365600000000001,-0.434400000000001
ESP,Spain,1976,827806.25,13.7717628479004,3759460,2.14378452301025,17.62488,-4.871923076923075,-9.869230769230777,-0.7876923076923088
ESP,Spain,1977,851304.1875,13.6348495483398,3939188.25,2.159184217453,24.53804,-12.851481481481482,-11.843703703703708,0.15148148148148088
ESP,Spain,1978,863758.8125,13.2448387145996,4103657.25,2.17469453811646,19.77369,3.2474999999999987,9.479285714285716,-1.0439285714285722
ESP,Spain,1979,864117.625,12.955885887146,4247884,2.19031643867493,15.66023,-0.4044827586206914,0.7724137931034463,1.492068965517241
ESP,Spain,1980,883203.625,12.6695184707642,4390328.5,2.20605039596558,15.56191,8.049,-4.733333333333334,-0.8376666666666668
ESP,Spain,1981,882033.75,12.3697538375855,4522952,2.22753047943115,14.54935,7.759354838709672,4.649354838709677,-0.6406451612903235
ESP,Spain,1982,893028,12.2641429901123,4653670.5,2.24921941757202,14.41499,4.506874999999997,-8.475937500000004,-0.05062500000000014
ESP,Spain,1983,908835.5,12.2230005264282,4776007.5,2.27111959457397,12.17408,5.82030303030303,-0.509090909090915,-0.5290909090909093
ESP,Spain,1984,925055.4375,11.9513025283813,4879777.5,2.29323315620422,11.28026,2.69911764705882,-1.554117647058824,-0.10352941176470588
ESP,Spain,1985,946529.9375,11.826114654541,4997721,2.31556224822998,8.814464,13.811999999999994,9.970285714285708,-0.6605714285714281
ESP,Spain,1986,977323.6875,12.0880928039551,5140537.5,2.33810830116272,8.794938,7.388333333333325,-0.9266666666666764,-1.0522222222222224
ESP,Spain,1987,1031536.9375,12.6487503051758,5313723,2.36087393760681,5.248024,8.038648648648639,-11.20162162162163,0.6962162162162162
ESP,Spain,1988,1084086.875,13.0674314498901,5522002,2.38386154174805,4.837266,4.5271052631578925,10.56315789473684,-0.7321052631578939
ESP,Spain,1989,1136416,13.5120267868042,5762707.5,2.40707278251648,6.791436,9.661025641025638,-5.077692307692317,1.206666666666668
ESP,Spain,1990,1179388.5,13.9969367980957,6015533,2.4305100440979,6.721816,9.759499999999996,-1.2107500000000044,-1.9734999999999996
ESP,Spain,1991,1209415.625,14.1776113510132,6261006,2.45371913909912,5.934214,15.741463414634143,0.4487804878048749,-0.8553658536585362
ESP,Spain,1992,1220653.875,13.9842557907105,6475687.5,2.47714948654175,5.924533,2.676666666666666,-2.2819047619047694,0.3650000000000002
ESP,Spain,1993,1208062.75,13.5949850082397,6643397.5,2.50080394744873,4.872252,0.5044186046511605,1.3911627906976705,-1.1234883720930222
ESP,Spain,1994,1236853.25,13.5356588363647,6813702,2.52468395233154,4.627007,16.87295454545454,14.179545454545456,-0.8879545454545443
ESP,Spain,1995,1270959.5,13.8005857467651,7008937,2.54879212379456,4.575812,2.5779999999999994,0.3744444444444426,-0.4582222222222212
ESP,Spain,1996,1304098.5,14.0062837600708,7206190.5,2.56882691383362,3.56882,0.8019565217391253,-5.403695652173923,2.4217391304347835
ESP,Spain,1997,1350880.5,14.536865234375,7416528,2.58531641960144,1.879043,-4.795106382978727,7.961276595744671,2.010212765957448
ESP,Spain,1998,1408995.125,15.1839599609375,7662546.5,2.6019115447998,1.765017,11.434791666666662,2.4954166666666566,-1.8516666666666652
ESP,Spain,1999,1471115.75,15.8899917602539,7940892.5,2.61861324310303,2.232071,9.6814285714285635,-3.1255102040816425,-0.4938775510204074
ESP,Spain,2000,1547623.25,16.7095985412598,8241214,2.63542246818543,3.485105,12.477799999999997,12.636999999999992,-0.3939999999999992
ESP,Spain,2001,1608276,17.2715892791748,8547612,2.65172410011292,2.82478,13.603137254901956,3.779215686274505,0.64372549019608
ESP,Spain,2002,1652591.375,17.6519527435303,8863274,2.66812658309937,3.59045,4.251538461538459,0.9865384615384514,-0.3586538461538451
ESP,Spain,2003,1701165.75,18.2189865112305,9206040,2.68463063240051,3.103475,23.011320754716976,-1.5920754716981165,1.0881132075471711
ESP,Spain,2004,1754149,18.9272861480713,9563767,2.70123672485352,3.053744,12.20518518518518,-2.322592592592592,-0.942037037037036
ESP,Spain,2005,1816442.875,19.6944122314453,9952367,2.71794581413269,3.384065,17.663272727272727,0.5296363636363566,-2.194909090909089
ESP,Spain,2006,1889889.5,20.5240821838379,10374336,2.73475813865662,3.561321,18.487857142857138,-7.40982142857144,0.5942857142857161
ESP,Spain,2007,1956668.75,21.1619625091553,10807365,2.75167417526245,2.843016,1.423508771929825,-1.0098245614035122,-0.8361403508771907
ESP,Spain,2008,1971679.625,21.1621417999268,11188165,2.76869511604309,4.130672,4.728965517241377,-3.622413793103448,0.02827586206896715
ESP,Spain,2009,1897384.25,19.8330078125,11427511,2.78582119941711,-0.2389648,18.89881355932203,2.788983050847456,0.0777966101694938
ESP,Spain,2010,1899170,19.4772911071777,11629040,2.80305314064026,2.042845,10.473833333333332,-5.6875,1.666500000000002
ESP,Spain,2011,1887016.875,18.9978351593018,11779121,2.82275176048279,3.049871,14.132131147540974,4.685737704918026,-1.060819672131145
ESP,Spain,2012,1832951.75,18.1855907440186,11883093,2.84258842468262,2.43611,21.264193548387095,8.550161290322578,-0.26370967741935214
ESP,Spain,2013,1806789.5,17.7899723052979,11963375,2.8625648021698,1.529786,11.516666666666666,2.434444444444445,1.0304761904761932
ESP,Spain,2014,1834261.5,17.9778270721436,12061736,2.88268136978149,-0.1900984,5.56671875,1.596406249999994,0.3343750000000023
ESP,Spain,2015,1908748.5,18.5016555786133,12182141,2.90293955802918,-0.6293474,19.961076923076917,0.8118461538461546,-0.920769230769228
ESP,Spain,2016,1964391.375,18.8996028900147,12303894,2.92333984375,-0.3366667,21.58863636363635,0.509545454545453,0.7131818181818197
ESP,Spain,2017,2021281,19.4177379608154,12455941,2.94388365745544,2.036021,24.79641791044775,2.201940298507459,-0.8674626865671624
ESP,Spain,2018,2069698.875,19.8492450714111,12638864,2.96457171440125,1.735625,13.31176470588234,-0.7304411764705918,1.2352941176470615
ESP,Spain,2019,2110289.5,20.3613681793213,12842038,2.9854052066803,0.7797083,15.768840579710137,8.760144927536238,0.4473913043478284
ESP,Spain,2020,1879422.25,19.4599609375,12976737,3.00638508796692,-0.3372843,15.913571428571425,-2.7149999999999963,-0.22899999999999743
ESP,Spain,2021,2005026.75,19.9853763580322,13126397,3.02822971343994,3.00814,8.829436619718308,0.04323943661972151,0.3142253521126781
ESP,Spain,2022,2128923.75,20.5351524353027,13295520,3.05045986175537,8.322563,30.466805555555545,7.1626388888888926,-0.28013888888888605
ESP,Spain,2023,2185886.5,20.927074432373,13468885,3.07308387756348,3.40027,20.769452054794513,6.8345205479452105,-0.04630136986301192
FRA,France,1960,672229.1875,20.1874599456787,3661011.75,2.11761331558228,3.619172,-2.229999999999999,-5.703999999999997,2.1640000000000006
FRA,France,1961,706563.4375,20.1794490814209,3839045,2.13618278503418,3.303965,4.762727272727274,2.8545454545454554,-0.0827272727272721
FRA,France,1962,753547.25,20.1632843017578,4036869,2.15491509437561,4.812671,3.015833333333334,2.5266666666666673,0.2541666666666673
FRA,France,1963,802338.0625,20.3136711120605,4246790.5,2.17381167411804,4.911363,-2.1261538461538456,2.0123076923076937,0.31461538461538474
FRA,France,1964,854743.0625,20.5300216674805,4489864.5,2.19287395477295,3.130194,3.945714285714287,-0.6714285714285708,-0.2878571428571428
FRA,France,1965,896305.625,20.5930824279785,4730681.5,2.21210360527039,2.766586,-2.3473333333333324,-7.126666666666665,2.341333333333332
FRA,France,1966,943289.375,20.751823425293,4995013,2.23150157928467,3.240983,-1.6406249999999991,-6.191249999999998,1.3149999999999986
FRA,France,1967,990273.125,20.8096904754639,5269817,2.25106978416443,3.139241,1.0458823529411774,-4.177058823529411,-0.02235294117647157
FRA,France,1968,1033642.8125,20.7566013336182,5553856,2.27080965042114,4.737359,-0.8422222222222215,-6.104999999999997,1.3088888888888874
FRA,France,1969,1107732.5,21.0690803527832,5876580,2.29072260856628,6.608859,0.18210526315789544,-0.3936842105263132,1.009999999999998
FRA,France,1970,1176401.125,21.3526096343994,6208542.5,2.31081008911133,5.297868,-0.4869999999999992,-3.0440000000000005,0.3794999999999984
FRA,France,1971,1239117,21.4435920715332,6557934,2.33817386627197,5.699374,1.3461904761904764,-1.899047619047618,1.1014285714285696
FRA,France,1972,1295348.625,21.5748462677002,6918256.5,2.36586165428162,6.142603,-2.5149999999999997,-0.6427272727272708,1.461363636363635
FRA,France,1973,1380978.75,21.8702335357666,7300837,2.39387726783752,7.219948,4.174347826086956,-1.0347826086956502,-0.2821739130434793
FRA,France,1974,1445766.25,22.0702304840088,7679678.5,2.42222452163696,13.72787,0.02041666666666763,-6.411666666666667,0.7295833333333324
FRA,France,1975,1429521,21.8954029083252,7999241,2.45090770721436,11.7656,3.2596000000000007,-1.6351999999999975,-0.5495999999999999
FRA,France,1976,1492223,22.0878887176514,8313636.5,2.47993040084839,9.871655,9.09423076923077,6.757692307692309,0.5615384615384613
FRA,France,1977,1545536.125,22.2983894348145,8604457,2.50929665565491,9.345098,-4.322592592592592,-2.83259259259259,1.06074074074074
FRA,France,1978,1605742.25,22.4010353088379,8897798,2.53901100158691,9.035118,-2.148214285714285,6.418571428571433,-0.1971428571428575
FRA,France,1979,1665079.375,22.5600261688232,9194331,2.56610155105591,10.69418,-2.4041379310344824,-0.4627586206896517,1.2396551724137934
FRA,France,1980,1692993,22.6753540039063,9495147,2.58652067184448,13.55932,-1.8439999999999992,-5.08733333333333,-0.10166666666666656
FRA,France,1981,1713111.25,22.6763401031494,9774269,2.60722041130066,13.267,-0.8445161290322578,-1.8232258064516105,3.1016129032258064
FRA,France,1982,1754954.125,22.759349822998,10034431,2.62808585166931,11.56662,1.7418750000000005,0.19375000000000145,1.8846875
FRA,France,1983,1777102.75,22.7817878723145,10262360,2.64911818504334,9.383203,6.189090909090909,5.0678787878787865,0.3975757575757584
FRA,France,1984,1805704.625,22.6699981689453,10473945,2.67031908035278,7.378524,0.6770588235294115,0.6188235294117668,0.25588235294117734
FRA,France,1985,1834037.5,22.6586856842041,10687240,2.69168925285339,5.698324,0.1977142857142855,4.161142857142856,-1.58142857142857
FRA,France,1986,1877862.375,22.8053894042969,10913934,2.71323084831238,2.43129,1.9222222222222216,-0.7344444444444456,0.9125000000000004
FRA,France,1987,1925799.5,23.0355682373047,11161033,2.73494482040405,3.302374,2.85027027027027,-2.5745945945945934,1.0878378378378375
FRA,France,1988,2018511.875,23.293815612793,11449886,2.75683236122131,2.647353,-0.8947368421052637,-1.3768421052631616,0.01921052631579023
FRA,France,1989,2107430.5,23.6146640777588,11774180,2.77889513969421,3.600973,2.6782051282051276,4.148461538461536,-1.7112820512820504
FRA,France,1990,2167063.25,23.82763671875,12110387,2.80113434791565,3.42884,7.681249999999999,0.7847499999999954,-0.458499999999999
FRA,France,1991,2193862.25,23.9008960723877,12422525,2.81006145477295,3.404539,3.52390243902439,5.505609756097559,-1.4973170731707306
FRA,France,1992,2227122.75,23.7733936309814,12703281,2.81901693344116,2.453196,3.0999999999999996,-0.8754761904761885,0.828333333333334
FRA,France,1993,2219127.25,23.5550289154053,12925820,2.82800102233887,2.223423,-0.7820930232558139,4.224883720930233,1.5490697674418603
FRA,France,1994,2272024,23.6917133331299,13150710,2.83701348304749,1.68193,7.705681818181819,-2.3111363636363613,1.4538636363636366
FRA,France,1995,2324389.25,23.9412651062012,13373653,2.84605479240418,1.792673,5.974444444444444,-1.8997777777777785,0.03155555555555622
FRA,France,1996,2356862.75,24.0886898040772,13589628,2.85512518882751,2.06294,-0.16543478260869549,-0.25847826086956616,1.150869565217392
FRA,France,1997,2416422.25,24.2841091156006,13797318,2.86422419548035,1.26892,1.398085106382978,9.537021276595748,-0.6036170212765954
FRA,France,1998,2499851.5,24.7212085723877,14039035,2.87335228919983,0.6753789,4.348958333333333,1.3683333333333323,-1.0410416666666666
FRA,France,1999,2584829.25,25.3317165374756,14319993,2.88250946998596,0.573766,0.3702040816326528,-5.259591836734694,1.7202040816326525
FRA,France,2000,2691867,25.9722766876221,14634065,2.89169573783875,1.812345,1.9228000000000005,-3.7544,1.0357999999999992
FRA,France,2001,2742998,26.3433265686035,14944624,2.90776181221008,1.782214,4.845098039215687,-2.3807843137254885,0.6954901960784312
FRA,France,2002,2772286.25,26.4711647033691,15226758,2.92391729354858,1.938354,1.1119230769230768,-2.594999999999999,0.9621153846153838
FRA,France,2003,2799117.5,26.4783000946045,15512218,2.94016242027283,2.171525,20.680943396226414,1.6539622641509482,-0.5260377358490578
FRA,France,2004,2879403,26.5107498168945,15814386,2.95649790763855,2.336402,2.3579629629629633,-2.606666666666662,-0.9462962962962972
FRA,France,2005,2933782.5,26.6906929016113,16130136,2.97292399406433,1.889294,8.11509090909091,-3.1992727272727244,-1.8390909090909096
FRA,France,2006,3013407.25,26.9864654541016,16471458,2.98944115638733,1.891848,10.32017857142857,-1.3721428571428549,0.3937499999999998
FRA,France,2007,3089661,27.3878574371338,16846336,3.00605034828186,1.602285,-2.0008771929824567,1.9319298245614045,-0.4731578947368434
FRA,France,2008,3101406.75,27.538179397583,17210226,3.0227518081665,3.159619,-0.956379310344828,-1.6313793103448295,0.5949999999999998
FRA,France,2009,3013806.25,27.2370872497559,17468370,3.039546251297,0.1019745,5.2098305084745755,-1.563728813559326,-0.42508474576271293
FRA,France,2010,3074092,27.2687683105469,17735858,3.05643367767334,1.739013,3.013000000000001,-1.8076666666666696,0.03199999999999914
FRA,France,2011,3149025.5,27.4861965179443,18011934,3.07526326179504,2.291456,1.5236065573770483,3.3219672131147497,-0.6285245901639351
FRA,France,2012,3154814.25,27.5935134887695,18274706,3.09420895576477,2.218468,5.179032258064517,-1.7516129032258083,0.8616129032258053
FRA,France,2013,3179477.25,27.6532554626465,18522780,3.11327147483826,0.9898221,4.6368253968253965,-1.8538095238095271,2.007936507936507
FRA,France,2014,3211203.5,27.7969665527344,18757598,3.13245129585266,0.6108971,-1.595625,-1.314843750000005,0.6865624999999991
FRA,France,2015,3245458.75,27.8431262969971,18986968,3.15174913406372,0.0867411,12.068923076923078,0.5853846153846085,-0.18400000000000105
FRA,France,2016,3273370.75,28.0140552520752,19230126,3.17116594314575,0.3049974,7.356060606060605,3.526515151515145,0.00878787878787878
FRA,France,2017,3341575.25,28.3189086914063,19494636,3.19070243835449,1.162279,9.10626865671642,-0.4761194029850806,-0.9213432835820904
FRA,France,2018,3396574.5,28.5732021331787,19778842,3.21035933494568,2.099108,10.332352941176474,-1.779117647058829,0.71220588235294
FRA,France,2019,3465438.25,28.8874206542969,20087500,3.23013734817505,1.298242,13.922608695652174,2.1166666666666565,0.5018840579710133
FRA,France,2020,3207587.25,28.8509006500244,20318816,3.25003695487976,0.5240757,11.593714285714286,4.416428571428565,-0.4252857142857147
FRA,France,2021,3428344.5,29.5810012817383,20642360,3.27051472663879,2.066416,0.5804225352112669,-2.1657746478873285,0.3607042253521122
FRA,France,2022,3516481.75,30.2880458831787,20959584,3.29128694534302,5.905798,20.03236111111111,1.3943055555555477,-0.6943055555555562
FRA,France,2023,3549412.75,30.592170715332,21260192,3.31235980987549,5.664155,12.49794520547945,6.265205479452046,-0.14479452054794528
GBR,United Kingdom,1960,881476.125,24.1862182617188,2877786.5,2.5501389503479,0.794439,-0.02299999999999999,-5.946000000000003,0.008
GBR,United Kingdom,1961,900465.1875,24.4792537689209,3025962.75,2.57157015800476,3.251232,0.01909090909090909,-1.9254545454545493,-0.5227272727272729
GBR,United Kingdom,1962,916314.25,24.5977249145508,3152963,2.58991956710815,4.198473,-0.01249999999999999,-0.115000000000002,-0.05916666666666703
GBR,United Kingdom,1963,951754.3125,24.6510524749756,3285990.25,2.60839986801147,2.106227,-0.02153846153846153,0.37384615384615216,-1.1846153846153848
GBR,United Kingdom,1964,1005186.1875,25.0008335113525,3493107.5,2.62701201438904,3.2287,-0.02999999999999999,-2.312857142857144,-0.01000000000000067
GBR,United Kingdom,1965,1028562.625,25.2548656463623,3689947.25,2.64575695991516,4.257168,-0.018,-1.0886666666666684,0.7606666666666659
GBR,United Kingdom,1966,1048599.5,25.3700752258301,3874917,2.66463565826416,4,-0.026875,-4.110625000000004,0.10312499999999948
GBR,United Kingdom,1967,1071975.875,25.0639705657959,4078845.25,2.68364930152893,2.24359,-0.03529411764705884,-4.828823529411768,0.6070588235294112
GBR,United Kingdom,1968,1148784.125,24.9446697235107,4305568.5,2.70279836654663,3.996865,-0.03333333333333334,-0.8505555555555588,1.3733333333333326
GBR,United Kingdom,1969,1138765.75,24.9468021392822,4517504,2.72208428382874,5.199699,-0.02157894736842106,-2.6457894736842142,0.04105263157894656
GBR,United Kingdom,1970,1162142.125,24.8593711853027,4720249.5,2.7415075302124,6.36657,-0.01050000000000001,-3.3735000000000053,-0.17100000000000026
GBR,United Kingdom,1971,1202871.875,24.5001106262207,4921658,2.76375412940979,9.444843,-0.03000000000000001,-2.0528571428571496,0.4671428571428571
GBR,United Kingdom,1972,1254856,24.5797557830811,5111616,2.78618144989014,7.071092,-0.03863636363636365,1.760454545454543,-0.794090909090909
GBR,United Kingdom,1973,1336721,24.9559898376465,5322740.5,2.80879044532776,9.196043,-0.00695652173913044,-2.24608695652174,0.3304347826086951
GBR,United Kingdom,1974,1303511.5,25.0299034118652,5513565.5,2.83158326148987,16.04399,-0.01666666666666667,0.5274999999999963,-0.12333333333333352
GBR,United Kingdom,1975,1284302.25,24.935941696167,5685834,2.85456085205078,24.20729,0.434,-1.3036000000000063,-0.26839999999999975
GBR,United Kingdom,1976,1321678.75,24.7842655181885,5860263.5,2.87772464752197,16.55953,1.0973076923076923,6.8565384615384595,0.5719230769230772
GBR,United Kingdom,1977,1354162.375,24.8080101013184,6018187,2.90107679367065,15.84027,-0.06333333333333335,-0.49740740740741174,0.17074074074074108
GBR,United Kingdom,1978,1411094.875,24.9439601898193,6181156.5,2.92461824417114,8.263137,-0.07107142857142859,-1.47964285714286,-0.11535714285714338
GBR,United Kingdom,1979,1463997.125,25.191520690918,6347123,2.94835090637207,13.42129,-0.05862068965517242,-2.238620689655175,0.7586206896551722
GBR,United Kingdom,1980,1434257.875,25.0724506378174,6480099.5,2.97227597236633,17.96593,-0.05666666666666667,-2.3640000000000043,1.0133333333333328
GBR,United Kingdom,1981,1422959.625,24.3966007232666,6566249,2.99403405189514,11.87662,-0.05483870967741935,-3.817741935483875,1.6406451612903226
GBR,United Kingdom,1982,1451346.25,23.9311828613281,6679065,3.01595163345337,8.598871,-0.05312499999999999,0.13156249999999758,1.4393749999999996
GBR,United Kingdom,1983,1512619.875,23.7543182373047,6813286,3.03802943229675,4.609298,0.16848484848484852,-0.6524242424242459,0.4457575757575758
GBR,United Kingdom,1984,1546942.875,24.280704498291,6989829,3.06026864051819,4.960717,-0.06647058823529411,1.446764705882348,0.1726470588235296
GBR,United Kingdom,1985,1611100.875,24.5868968963623,7178885.5,3.08267092704773,6.071391,-0.05457142857142856,2.125428571428568,0.8177142857142861
GBR,United Kingdom,1986,1661856.125,24.7273426055908,7369143.5,3.10523724555969,3.427619,-0.05305555555555553,2.8863888888888845,1.0949999999999998
GBR,United Kingdom,1987,1751475.625,25.1968173980713,7603450,3.12796854972839,4.148914,-0.05162162162162161,-2.351621621621625,0.7154054054054058
GBR,United Kingdom,1988,1851877.625,26.009744644165,7918820,3.15086627006531,4.209402,-0.04026315789473682,-3.2097368421052668,-0.2234210526315792
GBR,United Kingdom,1989,1899611.625,26.6827716827393,8257477,3.17393183708191,5.809127,0.02076923076923079,6.3025641025641015,1.1723076923076925
GBR,United Kingdom,1990,1913550.125,26.8130588531494,8544590,3.19716620445251,8.039212,0.80025,-3.935000000000001,1.863
GBR,United Kingdom,1991,1892441.25,26.0993633270264,8755164,3.22711420059204,7.535064,-0.07926829268292682,3.1309756097560957,0.6575609756097567
GBR,United Kingdom,1992,1900031.375,25.4859943389893,8969934,3.25734281539917,4.231997,-0.07738095238095238,-2.3335714285714317,0.8719047619047626
GBR,United Kingdom,1993,1947339.125,25.2544212341309,9184640,3.28785467147827,2.555911,-0.0655813953488372,1.0906976744186032,1.0016279069767453
GBR,United Kingdom,1994,2022234,25.4528388977051,9443957,3.31865215301514,1.985981,0.01590909090909092,-2.67409090909091,-0.3011363636363633
GBR,United Kingdom,1995,2073430.125,25.7614154815674,9714158,3.34973835945129,2.609138,0.5355555555555556,2.7653333333333308,0.5255555555555556
GBR,United Kingdom,1996,2126966,26.0038318634033,10011703,3.38111543655396,2.431159,0.04391304347826089,0.2752173913043485,-0.5558695652173911
GBR,United Kingdom,1997,2231711.75,26.4677295684814,10239422,3.41278648376465,1.81642,-0.07702127659574466,2.6093617021276607,0.04595744680851021
GBR,United Kingdom,1998,2307649.25,26.7448692321777,10495672,3.4447546005249,1.55804,-0.05541666666666664,-4.594999999999999,1.4249999999999998
GBR,United Kingdom,1999,2378224.5,27.1180992126465,10746363,3.47702193260193,1.346762,-0.00428571428571428,-3.98122448979592,1.615918367346938
GBR,United Kingdom,2000,2481478.25,27.4407138824463,11021753,3.50959134101868,0.7973192,-0.0442,-1.4916000000000018,2.1635999999999993
GBR,United Kingdom,2001,2545321.5,27.6704654693604,11300335,3.52848124504089,1.238106,0.00666666666666666,-3.1723529411764737,-0.5888235294117647
GBR,United Kingdom,2002,2591026.75,27.901273727417,11571851,3.54747271537781,1.234288,-0.05346153846153845,1.0686538461538433,1.2625000000000002
GBR,United Kingdom,2003,2672705,28.18239402771,11844275,3.56656646728516,1.375839,0.7175471698113207,1.298490566037735,-1.561320754716981
GBR,United Kingdom,2004,2738397.5,28.5074005126953,12123316,3.5857629776001,1.346133,-0.07574074074074075,-3.515555555555558,1.0075925925925922
GBR,United Kingdom,2005,2813228.5,28.8082962036133,12419481,3.60506272315979,2.035928,0.01563636363636364,-4.701636363636364,0.9292727272727276
GBR,United Kingdom,2006,2880202.75,29.1150722503662,12722053,3.62446665763855,2.347418,0.7653571428571428,-2.917678571428569,0.8926785714285712
GBR,United Kingdom,2007,2955804.5,29.3505821228027,13040559,3.64397478103638,2.314429,-0.07807017543859648,3.0535087719298275,1.5470175438596492
GBR,United Kingdom,2008,2948451,29.5937175750732,13313922,3.66358780860901,3.596902,-0.07672413793103447,-2.259137931034481,1.9203448275862072
GBR,United Kingdom,2009,2812216.25,29.1409282684326,13481118,3.68330645561218,2.183535,-0.07542372881355933,-0.5608474576271156,0.747796610169492
GBR,United Kingdom,2010,2875021.75,29.2130317687988,13673292,3.70313143730164,3.301569,-0.06416666666666666,-2.3915000000000006,-0.634666666666666
GBR,United Kingdom,2011,2907749.75,29.3527164459229,13855407,3.7108952999115,4.463287,-0.05311475409836067,-1.522295081967208,0.2957377049180332
GBR,United Kingdom,2012,2951627.75,29.7002601623535,14043483,3.71867561340332,2.800821,-0.07225806451612904,-3.3777419354838667,2.020967741935484
GBR,United Kingdom,2013,3004754.75,30.077953338623,14248650,3.72647213935852,2.56833,0.14888888888888885,1.585873015873016,0.2688888888888892
GBR,United Kingdom,2014,3100745.75,30.7841739654541,14497129,3.7342848777771,1.471957,-0.07343749999999999,-4.038906249999998,0.4746875000000004
GBR,United Kingdom,2015,3169671.75,31.3055820465088,14790073,3.74211430549622,0.0500208,0.11769230769230772,-4.786769230769226,1.8073846153846156
GBR,United Kingdom,2016,3230583.5,31.7521629333496,15111976,3.74996018409729,0.6416132,0.23590909090909093,-2.314242424242419,-0.2899999999999996
GBR,United Kingdom,2017,3316404.25,32.0961074829102,15446485,3.75782227516174,2.690843,0.03238805970149253,-3.4097014925373106,-0.22567164179104493
GBR,United Kingdom,2018,3363006,32.4683494567871,15760226,3.76570081710815,2.475208,0.2919117647058823,4.920441176470593,-0.09235294117647053
GBR,United Kingdom,2019,3417637.5,32.830810546875,16078276,3.7735960483551,1.778127,0.8076811594202898,-2.990869565217384,1.438985507246377
GBR,United Kingdom,2020,3065726,32.5165557861328,16290162,3.78150773048401,0.8812616,1.076142857142857,2.31185714285715,2.6784285714285714
GBR,United Kingdom,2021,3328641,32.6584777832031,16572071,3.80263948440552,2.582376,-0.11901408450704223,-1.130704225352105,0.7807042253521135
GBR,United Kingdom,2022,3489716.75,33.2111167907715,16889570,3.82441544532776,9.053559,2.162638888888889,0.18500000000000935,-0.2001388888888891
GBR,United Kingdom,2023,3501581,33.6068077087402,17199100,3.84644913673401,7.30187,0.03301369863013698,8.332465753424664,1.1326027397260274
IDN,Indonesia,1960,160433.390625,29.506175994873,771420.5625,1.15858137607574,39.59044,16.327000000000012,-1.491999999999999,1.865000000000002
IDN,Indonesia,1961,173601.421875,30.0876140594482,774562.8125,1.1768571138382,13.69193,26.03272727272729,5.643636363636363,-3.8645454545454534
IDN,Indonesia,1962,173337.75,30.6032047271729,774014.3125,1.19542098045349,131.3978,15.85333333333334,0.293333333333333,0.7274999999999991
IDN,Indonesia,1963,166637.78125,31.1292457580566,766275.875,1.2142778635025,145.9108,27.16384615384617,6.200769230769231,-3.758461538461539
IDN,Indonesia,1964,174386.140625,31.6657524108887,762159,1.23343205451965,108.9947,5.393571428571434,-2.7521428571428563,1.8200000000000005
IDN,Indonesia,1965,176437.734375,32.212776184082,758812.6875,1.25288844108582,306.7631,9.62400000000001,6.831333333333333,-3.0713333333333317
IDN,Indonesia,1966,181361.578125,32.770320892334,759216.5,1.27265179157257,1136.254,-26.71749999999999,-0.9856249999999988,8.660625
IDN,Indonesia,1967,183823.5,33.3384017944336,753465.9375,1.29272675514221,106,-13.895882352941172,3.2823529411764714,3.781176470588239
IDN,Indonesia,1968,196543.4375,33.9170570373535,757667,1.31311845779419,128.843,-7.923888888888882,-1.7899999999999991,2.691111111111113
IDN,Indonesia,1969,197774.390625,34.5062828063965,766889.0625,1.33383190631866,15.47988,15.74315789473684,2.3942105263157902,0.179473684210528
IDN,Indonesia,1970,212545.90625,35.1060829162598,788185.75,1.35487198829651,12.3489,8.916000000000011,-2.0755,6.610499999999998
IDN,Indonesia,1971,227434.796875,35.9770965576172,818646.625,1.37038171291351,4.233756,-7.008571428571429,-2.936666666666667,3.345714285714287
IDN,Indonesia,1972,248845.25,36.5124244689941,858449.875,1.38606905937195,6.521739,23.11,14.43681818181818,-8.526363636363637
IDN,Indonesia,1973,276982.375,38.6800308227539,907633,1.40193593502045,31.04188,17.555217391304353,-3.6808695652173906,6.784347826086957
IDN,Indonesia,1974,298146.75,39.7244987487793,969703.5625,1.41798436641693,40.49181,6.163749999999993,-1.6374999999999993,-1.9083333333333383
IDN,Indonesia,1975,312994.5625,39.888240814209,1042078.6875,1.4342166185379,19.16569,3.837199999999996,-4.402,5.148
IDN,Indonesia,1976,334528.09375,40.7134971618652,1115756.5,1.45063471794128,19.82865,15.599615384615376,2.6273076923076903,-4.470000000000002
IDN,Indonesia,1977,363854.6875,41.3582878112793,1204339.75,1.467240691185,11.05209,16.36185185185184,3.459999999999999,0.3855555555555519
IDN,Indonesia,1978,392401.9375,42.8715324401856,1308663.25,1.48403668403625,8.112575,19.6275,-4.88357142857143,6.0717857142857135
IDN,Indonesia,1979,416929.625,43.8476676940918,1412444.375,1.50102508068085,16.23277,32.34068965517241,0.7448275862068954,1.052413793103444
IDN,Indonesia,1980,458109.875,46.0809364318848,1542785.75,1.5182079076767,18.03543,33.25266666666667,-0.02000000000000135,-1.382666666666669
IDN,Indonesia,1981,494450.28125,49.0818519592285,1687958.75,1.55751752853394,12.2659,29.81,0.9906451612903222,1.2719354838709656
IDN,Indonesia,1982,505524.59375,50.383602142334,1854940,1.59784507751465,9.44543,39.4184375,8.6496875,-5.067812500000002
IDN,Indonesia,1983,549884.875,52.6162948608398,2023005.625,1.63921678066254,11.79974,42.30393939393937,0.0575757575757585,1.845757575757574
IDN,Indonesia,1984,588237.9375,55.3409423828125,2165986,1.68165957927704,10.45503,7.749705882352927,-4.564117647058824,6.021470588235289
IDN,Indonesia,1985,602724.8125,57.9357566833496,2323669,1.72123610973358,4.724539,19.648285714285706,-2.2237142857142835,1.169428571428572
IDN,Indonesia,1986,638137.9375,60.5870246887207,2502332.5,1.75472140312195,5.822667,20.102499999999992,-1.9719444444444445,2.696944444444444
IDN,Indonesia,1987,669569.875,63.0135192871094,2690013.5,1.78885805606842,9.278656,40.31918918918919,2.891351351351352,-0.1359459459459487
IDN,Indonesia,1988,708270,66.8832855224609,2905315.25,1.82365882396698,8.045352,32.42815789473683,-3.9047368421052657,7.33763157894737
IDN,Indonesia,1989,772613.6875,71.3394241333008,3161721.75,1.85913670063019,6.415545,16.12666666666665,-3.1446153846153866,2.5694871794871794
IDN,Indonesia,1990,842165.1875,73.6910018920898,3468213.25,1.89530456066132,7.819192,27.59349999999999,-0.4060000000000024,-0.534749999999999
IDN,Indonesia,1991,917353.4375,74.3812255859375,3815312.5,1.92251396179199,9.419073,23.600487804878043,5.313902439024387,0.3482926829268287
IDN,Indonesia,1992,983590.875,76.3574447631836,4158185.75,1.95011401176453,7.523514,22.978571428571428,-1.6926190476190488,0.6099999999999994
IDN,Indonesia,1993,1054937.125,77.0170288085938,4513880.5,1.97811019420624,9.671895,29.97418604651162,1.2767441860465103,0.4258139534883725
IDN,Indonesia,1994,1134478.875,80.1845703125,4928716.5,2.00650835037231,8.532004,28.69295454545454,9.067727272727272,2.7961363636363643
IDN,Indonesia,1995,1227734.75,82.1292419433594,5416217,2.03531408309937,9.420317,26.795333333333332,-2.0937777777777775,11.513999999999996
IDN,Indonesia,1996,1323719.25,84.0739059448242,5995026,2.06453371047974,7.97328,33.532826086956504,-2.1182608695652174,4.673695652173915
IDN,Indonesia,1997,1385929.375,85.3983917236328,6609006,2.09417247772217,6.226142,61.10936170212766,13.6968085106383,-8.955744680851065
IDN,Indonesia,1998,1204005,87.767578125,6897369.5,2.1242368221283,58.45105,62.43624999999999,-4.968541666666667,8.810833333333331
IDN,Indonesia,1999,1213528.125,89.4866943359375,7086858,2.15473294258118,20.47783,29.15204081632652,-0.8171428571428567,6.561020408163262
IDN,Indonesia,2000,1273236.625,91.5485076904297,7344821,2.18566656112671,3.688618,28.908999999999963,-0.960799999999999,5.709799999999998
IDN,Indonesia,2001,1319626.5,91.9609985351563,7624305.5,2.20774579048157,11.50012,34.24215686274506,1.6680392156862762,4.347843137254898
IDN,Indonesia,2002,1379002.875,93.1680603027344,7930396,2.23004794120789,11.90012,51.66365384615382,6.845961538461539,-2.5357692307692368
IDN,Indonesia,2003,1444924.25,94.5133895874023,8240323,2.25257539749146,6.757316,39.768867924528266,2.4067924528301887,3.5820754716981043
IDN,Indonesia,2004,1517616.625,95.3838195800781,8650677,2.27533054351807,6.06406,43.4124074074074,8.142222222222225,-1.714259259259265
IDN,Indonesia,2005,1604008,96.1692733764648,9129283,2.29831528663635,10.4532,40.7530909090909,-2.285818181818181,3.0669090909090855
IDN,Indonesia,2006,1692243.75,96.8658981323242,9611875,2.32153272628784,13.10867,45.41535714285712,6.4350000000000005,0.8621428571428531
IDN,Indonesia,2007,1799617,100.31241607666,10157826,2.34498429298401,6.406562,38.45859649122803,-0.7778947368421054,6.227017543859642
IDN,Indonesia,2008,1907840.5,103.507873535156,10793712,2.3686728477478,10.22667,27.16551724137929,-1.0044827586206893,8.38965517241379
IDN,Indonesia,2009,1996152.125,105.686309814453,11435899,2.39260053634644,4.386416,54.52508474576268,0.8325423728813561,0.8374576271186385
IDN,Indonesia,2010,2120389.75,108.154739379883,12143708,2.41677021980286,5.134203,50.3363333333333,-7.141333333333333,11.853499999999991
IDN,Indonesia,2011,2251213,109.731071472168,12925749,2.40213108062744,5.356048,36.97114754098358,0.18573770491803288,5.169180327868855
IDN,Indonesia,2012,2386962.5,113.283424377441,13792297,2.38758063316345,4.279512,42.74483870967739,1.2427419354838705,7.575806451612898
IDN,Indonesia,2013,2519612.25,114.345344543457,14693808,2.37311816215515,6.4125,42.36634920634915,-1.0869841269841292,13.455555555555552
IDN,Indonesia,2014,2645760.75,116.398971557617,15629329,2.35874342918396,6.394926,49.894374999999954,5.1999999999999975,2.8253125000000026
IDN,Indonesia,2015,2774776.5,117.833000183105,16610853,2.34445571899414,6.363121,59.74676923076919,10.589999999999996,-0.9381538461538454
IDN,Indonesia,2016,2914433,119.529830932617,17630780,2.33025455474854,3.525805,68.60151515151513,-5.0504545454545475,14.356060606060602
IDN,Indonesia,2017,3062188.75,122.780632019043,18720014,2.31613945960999,3.808798,45.74761194029847,-2.7550746268656727,12.91179104477612
IDN,Indonesia,2018,3220635.25,127.067840576172,19892844,2.30210971832275,3.198346,51.56485294117644,0.8354411764705869,5.151911764705883
IDN,Indonesia,2019,3382288.25,132.304962158203,21105286,2.28816509246826,3.030587,61.777536231884014,7.1233333333333295,-0.30275362318840493
IDN,Indonesia,2020,3312426.5,131.593963623047,22164118,2.27430486679077,1.919834,58.994999999999976,-3.318428571428573,13.251571428571436
IDN,Indonesia,2021,3435082,130.922897338867,23252202,2.29713678359985,1.56008,48.52408450704222,-4.39169014084507,11.134929577464792
IDN,Indonesia,2022,3617396.25,135.627670288086,24372696,2.32053375244141,4.209456,46.28013888888887,-4.730694444444446,12.08027777777778
IDN,Indonesia,2023,3800006,139.674240112305,25539414,2.34451293945313,3.669401,66.08616438356164,4.194109589041094,2.0347945205479476
IND,India,1960,550308.5,177.039642333984,1247237.5,1.13393616676331,6.406502,24.158000000000015,12.37400000000001,-1.0850000000000009
IND,India,1961,570042.25,178.504364013672,1336963.875,1.14029347896576,2.360146,-4.9881818181818005,-3.750909090909076,0.2336363636363643
IND,India,1962,589049.75,179.885620117188,1438811.625,1.14668643474579,0.954558,4.097499999999997,-9.368333333333318,-0.6458333333333357
IND,India,1963,627746.6875,181.644943237305,1550231.125,1.15311527252197,4.581169,21.782307692307683,-0.6176923076922947,-0.4461538461538481
IND,India,1964,674404.875,183.365325927734,1675430.25,1.1595801115036,10.38457,10.62642857142859,14.416428571428582,1.4857142857142822
IND,India,1965,659948.6875,185.236450195313,1799872.75,1.16608119010925,8.150199,16.518,4.005333333333354,-1.1933333333333351
IND,India,1966,657407.6875,187.084884643555,1921111.875,1.16899657249451,12.016,14.455624999999998,0.2750000000000057,0.51124999999999865
IND,India,1967,709589.9375,188.989349365234,2034956.5,1.17191934585571,15.0169,14.705294117647073,-4.061176470588229,1.4911764705882344
IND,India,1968,745728.375,190.779876708984,2132817.25,1.17484927177429,-0.393261,11.128333333333302,-2.995555555555555,-0.5116666666666667
IND,India,1969,829251.25,192.5078125,2243955,1.17778670787811,2.094589,28.04263157894735,13.772105263157895,-2.284736842105266
IND,India,1970,842089.4375,194.098968505859,2365080.75,1.18073129653931,5.09524,7.920500000000004,7.183500000000009,-0.7305000000000028
IND,India,1971,855924.3125,199.91096496582,2504127.5,1.18974387645721,3.079939,-6.156666666666666,3.7414285714285858,-0.34571428571428875
IND,India,1972,851188.5,205.963455200195,2647090,1.19882524013519,6.442098,25.37318181818182,6.631363636363645,-3.520000000000003
IND,India,1973,879239.5625,211.932418823242,2775896,1.2079758644104,16.94082,7.599999999999994,1.5630434782608802,0.5330434782608684
IND,India,1974,889661.5,218.184387207031,2908757,1.21719634532928,28.59873,19.24333333333334,8.43791666666668,-4.11916666666667
IND,India,1975,971064.75,225.241470336914,3030343.25,1.22648727893829,5.748427,-7.256399999999985,3.7704000000000097,-0.21440000000000303
IND,India,1976,987214.5625,232.404251098633,3174382.25,1.23796153068542,-7.633932,18.292692307692302,6.745384615384623,-2.256153846153847
IND,India,1977,1058834.75,239.84912109375,3348880.5,1.24954319000244,8.307473,15.085185185185168,-1.764444444444436,-2.9525925925925964
IND,India,1978,1119321,247.081665039063,3529908,1.26123321056366,2.523031,-0.8635714285714187,-11.80142857142856,-1.8071428571428587
IND,India,1979,1060688.875,254.056732177734,3701129.5,1.27303266525269,6.275695,20.73620689655175,-4.8344827586206804,-3.7648275862068985
IND,India,1980,1132135,261.981842041016,3872878.75,1.28494238853455,11.34606,19.965000000000032,9.916666666666686,-0.8693333333333353
IND,India,1981,1200133.25,269.776885986328,4035655,1.30297839641571,13.11255,5.7909677419355035,-9.703225806451606,-3.311290322580648
IND,India,1982,1241846.75,277.049041748047,4210381,1.32126760482788,7.890749,11.680000000000009,-5.719999999999999,-3.837812500000002
IND,India,1983,1332363.625,285.069885253906,4401597.5,1.33981347084045,11.86807,-1.0439393939394108,7.443333333333328,-0.35151515151515333
IND,India,1984,1383269.75,292.749298095703,4586533.5,1.3586198091507,8.318917,6.846764705882379,11.014411764705883,-1.1011764705882374
IND,India,1985,1455950.875,300.698333740234,4777716.5,1.37768995761871,5.556423,9.86114285714288,9.839714285714294,-2.919714285714287
IND,India,1986,1525495.25,309.148223876953,4996830.5,1.39887464046478,8.729713,10.267222222222216,-0.4636111111111063,-1.4586111111111126
IND,India,1987,1585986.5,317.519348144531,5249267,1.42038512229919,8.801138,22.269729729729733,0.3289189189189159,-4.549189189189189
IND,India,1988,1738682,326.597290039063,5499843.5,1.44222629070282,9.383464,16.643684210526317,8.590263157894725,0.4205263157894734
IND,India,1989,1842087.375,335.599578857422,5777311,1.4644033908844,7.074285,15.43692307692308,4.079999999999998,-0.5302564102564098
IND,India,1990,1944018.375,345.386993408203,6123094.5,1.48692142963409,10.87138,-6.448999999999984,-8.351999999999997,3.543000000000003
IND,India,1991,1964563.5,354.105987548828,6399589.5,1.50910270214081,13.39949,11.938292682926829,-0.3082926829268331,-0.6334146341463409
IND,India,1992,2072268.625,363.084411621094,6720976.5,1.53161489963532,9.703758,7.74404761904762,16.73904761904761,-2.7483333333333313
IND,India,1993,2170717.25,372.4365234375,7015786,1.55446290969849,7.554564,7.693953488372102,-0.05023255813954108,-0.28441860465115987
IND,India,1994,2315263.75,377.710906982422,7330381.5,1.57765173912048,9.997449,-3.010909090909081,-1.26909090909092,1.2420454545454582
IND,India,1995,2490633.25,381.690032958984,7709722,1.60118639469147,10.03731,9.865999999999984,-9.430888888888887,-0.5955555555555527
IND,India,1996,2678664.25,385.872314453125,8101936,1.6403032541275,9.63639,10.60152173913042,0.30413043478260704,-0.5626086956521714
IND,India,1997,2787145.25,390.425170898438,8536615,1.68037557601929,6.774954,2.6859574468084872,-13.192340425531915,-1.160638297872337
IND,India,1998,2959514,395.1845703125,9024902,1.71839702129364,13.2571,6.579999999999956,-4.467500000000015,-0.2864583333333304
IND,India,1999,3221305.25,400.287231445313,9661587,1.74994456768036,3.383411,10.055714285714288,12.803673469387746,-1.7206122448979553
IND,India,2000,3345035.5,409.24853515625,10228714,1.782071352005,3.62621,19.254599999999986,8.337599999999995,-1.6461999999999968
IND,India,2001,3506398.75,419.761993408203,10983740,1.79678165912628,4.526813,21.717058823529413,5.214117647058828,-2.063921568627448
IND,India,2002,3639781.5,430.733276367188,11682192,1.81161344051361,5.009686,25.0094230769231,-3.896153846153851,-2.504230769230766
IND,India,2003,3925881.75,442.381225585938,12430126,1.82656764984131,4.105511,15.477547169811317,-2.0726415094339785,0.29301886792453047
IND,India,2004,4236927,454.544982910156,13302242,1.84164524078369,3.967212,18.890925925925956,5.325740740740727,-1.3824074074074062
IND,India,2005,4572637,457.638061523438,14346022,1.85684728622437,3.668709,10.76745454545457,-1.8110909090909075,-0.14727272727272478
IND,India,2006,4941225,457.973663330078,15568328,1.87820076942444,6.753286,21.795178571428607,-8.908750000000005,0.15535714285714342
IND,India,2007,5319763.5,459.028869628906,17030950,1.89979958534241,5.931962,19.35280701754388,-0.9324561403508796,1.6526315789473696
IND,India,2008,5483968.5,460.812957763672,18454900,1.9216468334198,9.192299,20.98913793103452,-8.68637931034484,1.134137931034484
IND,India,2009,5915112,463.632537841797,20006560,1.94374537467957,10.61681,34.04338983050852,5.7008474576271055,0.03491525423729236
IND,India,2010,6417753.5,467.412475585938,21780698,1.96609807014465,9.513099,18.616000000000017,5.285833333333329,2.384333333333334
IND,India,2011,6754128,472.214385986328,23764864,1.98789155483246,9.254846,22.95081967213119,10.259180327868831,1.6352459016393477
IND,India,2012,7122659.5,469.831085205078,25757396,2.00992655754089,9.905671,18.330645161290334,10.133709677419349,-0.08112903225806178
IND,India,2013,7577520.5,483.854339599609,27559992,2.03220582008362,9.425386,4.589682539682542,-8.867142857142866,3.5601587301587347
IND,India,2014,8139031.5,483.084625244141,29398556,2.05473208427429,5.927783,18.17796875000002,-10.438593750000004,-0.42546874999999673
IND,India,2015,8789849,482.700531005859,31346660,2.07750797271729,4.900772,31.75830769230771,-16.917999999999992,-0.23892307692307213
IND,India,2016,9515566,482.989105224609,33422982,2.10053634643555,4.521035,31.997121212121215,8.84833333333333,1.0546969696969732
IND,India,2017,10162185,488.15234375,35689216,2.12382006645203,3.584306,27.24955223880596,4.736268656716419,0.14895522388060023
IND,India,2018,10818037,493.244964599609,38221824,2.14736175537109,3.420045,27.548823529411777,5.866617647058817,-0.23323529411764277
IND,India,2019,11236851,539.495788574219,40625756,2.17116451263428,4.776359,8.699565217391296,-13.048405797101443,2.7801449275362327
IND,India,2020,10587617,549.254089355469,42633508,2.19523119926453,6.165545,18.615285714285733,-11.641999999999989,1.470428571428574
IND,India,2021,11613513,576.977722167969,45347308,2.2041015625,5.509514,18.053098591549315,-8.278028169014078,0.8397183098591565
IND,India,2022,12424955,631.638244628906,48223956,2.21300768852234,6.651538,14.432361111111137,15.076944444444464,1.8380555555555576
IND,India,2023,13437952,670.032348632813,51474244,2.28326201438904,5.354691,29.6946575342466,-11.259589041095872,0.24287671232877095
IRN,Iran (Islamic Republic of),1960,260659.171875,6.33100414276123,354501.5,1.06874358654022,9.822411,-1.1149999999999949,23.103999999999985,-0.5910000000000002
IRN,Iran (Islamic Republic of),1961,282864.75,6.47681903839111,382410.96875,1.0726066827774,3.162564,-0.05363636363635749,15.153636363636338,-0.3472727272727272
IRN,Iran (Islamic Republic of),1962,301654.0625,6.6269588470459,414856.625,1.07648372650146,0.7213206,-6.899166666666659,25.36083333333332,-0.9783333333333332
IRN,Iran (Islamic Republic of),1963,320101.75,6.78043079376221,450134.15625,1.0803747177124,0.3718496,0.14153846153847385,-5.409999999999997,-0.26307692307692276
IRN,Iran (Islamic Republic of),1964,345040.3125,6.93997287750244,502592.8125,1.0842798948288,3.81449,4.501428571428576,32.28642857142856,-0.26428571428571423
IRN,Iran (Islamic Republic of),1965,392867.6875,7.1042914390564,566694.0625,1.08819913864136,2.154375,3.5313333333333503,10.693999999999988,0.08333333333333348
IRN,Iran (Islamic Republic of),1966,437278.78125,7.27381467819214,642564.9375,1.09213256835938,-0.3881485,5.4706250000000125,9.915624999999975,-0.6018749999999999
IRN,Iran (Islamic Republic of),1967,485106.21875,7.44332647323608,722278.4375,1.09608018398285,1.59761,-0.981176470588224,-1.7376470588235406,-0.486470588235294
IRN,Iran (Islamic Republic of),1968,546598.5,7.61250495910645,830599.6875,1.10004210472107,0.6903605,0.833333333333357,9.2488888888889,0.1905555555555556
IRN,Iran (Islamic Republic of),1969,618339.5625,7.78295612335205,930796.75,1.10401833057404,3.593194,3.9394736842105686,-15.14789473684212,0.920526315789474
IRN,Iran (Islamic Republic of),1970,375786.5,7.95488405227661,1004334.1875,1.10800898075104,1.66687,16.222500000000025,20.13949999999997,-0.8254999999999999
IRN,Iran (Islamic Republic of),1971,427275.15625,7.91897249221802,1096156.75,1.11789870262146,4.1953,4.4900000000000375,6.380476190476173,-0.22619047619047605
IRN,Iran (Islamic Republic of),1972,489225.875,8.10631561279297,1207741.125,1.12787675857544,6.39824,-6.344090909090866,-21.949545454545454,0.874090909090909
IRN,Iran (Islamic Republic of),1973,525632.5625,8.31711673736572,1335713.125,1.13794386386871,9.81949,13.121739130434804,19.57478260869567,-1.0539130434782606
IRN,Iran (Islamic Republic of),1974,556124.75,8.54341411590576,1493233.5,1.14810073375702,14.2489,0.7550000000000381,7.709166666666647,0.6800000000000004
IRN,Iran (Islamic Republic of),1975,554310.5625,8.79377269744873,1720725.125,1.15834844112396,12.8792,6.184800000000038,-2.099199999999996,-0.2271999999999996
IRN,Iran (Islamic Republic of),1976,655530.0625,9.20305442810059,2050630.25,1.1686874628067,11.2561,3.2269230769231,-17.278461538461528,0.32153846153846155
IRN,Iran (Islamic Republic of),1977,637348.4375,9.64193534851074,2304691.5,1.17911875247955,27.2878,13.70740740740743,-20.69851851851851,0.19962962962962985
IRN,Iran (Islamic Republic of),1978,555507.4375,9.9918327331543,2525676.25,1.18964326381683,11.722,8.407857142857168,9.46071428571426,-0.01749999999999962
IRN,Iran (Islamic Republic of),1979,488731.21875,10.1303291320801,2633171,1.20026171207428,10.4872,4.547931034482801,-13.265517241379314,0.24310344827586272
IRN,Iran (Islamic Republic of),1980,383167,10.2654285430908,2741834,1.21097481250763,20.627,12.276333333333367,17.606666666666626,0.4750000000000003
IRN,Iran (Islamic Republic of),1981,361338.8125,10.9198713302612,2825554.5,1.22980785369873,24.199,-7.2996774193547935,-3.261290322580635,-0.22032258064516075
IRN,Iran (Islamic Republic of),1982,445065.46875,11.4823837280273,2928990.75,1.24893379211426,18.681,-6.481562499999967,-15.269375000000023,0.6765625000000004
IRN,Iran (Islamic Republic of),1983,494408.625,11.7520303726196,3116828.25,1.26835703849792,19.742,0.04484848484851511,19.46333333333334,-0.7939393939393935
IRN,Iran (Islamic Republic of),1984,459108.59375,11.9020586013794,3264138,1.2880824804306,12.578,-4.356470588235254,6.130882352941171,-0.27058823529411735
IRN,Iran (Islamic Republic of),1985,467683.125,12.3186435699463,3361974.75,1.3081146478653,4.378,-1.6319999999999908,5.435714285714283,-0.5628571428571427
IRN,Iran (Islamic Republic of),1986,421920.75,11.5840072631836,3443341,1.32845842838287,23.722,-5.906666666666638,-16.22527777777779,0.5627777777777778
IRN,Iran (Islamic Republic of),1987,421194.625,12.038462638855,3508100.25,1.34911847114563,27.708,1.2129729729729917,-27.12675675675679,-0.1124324324324324
IRN,Iran (Islamic Republic of),1988,395577.59375,12.527006149292,3526449.75,1.37009990215302,28.9,4.281052631578959,-4.862894736842151,0.3605263157894736
IRN,Iran (Islamic Republic of),1989,419834.84375,13.0510339736938,3569736.5,1.3914076089859,17.401,8.621282051282066,3.331794871794841,-0.4187179487179484
IRN,Iran (Islamic Republic of),1990,476911.09375,13.6419105529785,3624595,1.41304671764374,9,14.525750000000016,37.01849999999996,-0.6882499999999996
IRN,Iran (Islamic Republic of),1991,537555.8125,14.2386608123779,3769052.25,1.43984735012054,20.168,1.8114634146341473,8.925609756097515,0.7285365853658541
IRN,Iran (Islamic Republic of),1992,555284.3125,14.4525136947632,3893127.75,1.467156291008,24.476,-13.181666666666658,-7.396904761904779,0.6811904761904768
IRN,Iran (Islamic Republic of),1993,547116,14.3437337875366,3977182.5,1.49498319625855,22.472,-0.4251162790697549,19.875116279069744,0.6453488372093028
IRN,Iran (Islamic Republic of),1994,537824.4375,14.2981510162354,4033170.5,1.52333784103394,34.862,-0.8254545454545195,-14.49659090909094,0.36068181818181855
IRN,Iran (Islamic Republic of),1995,550737.875,14.604377746582,4073472.75,1.55223035812378,49.32,3.0228888888889145,-18.92444444444446,-0.02733333333333298
IRN,Iran (Islamic Republic of),1996,595630.75,14.9982328414917,4167051,1.58167088031769,23.918,2.787173913043503,-16.163043478260875,0.683260869565218
IRN,Iran (Islamic Republic of),1997,607777.25,15.4869184494019,4276677.5,1.61166965961456,16.544,2.6578723404255697,-24.229148936170205,0.28872340425531906
IRN,Iran (Islamic Republic of),1998,619475.125,16.0785331726074,4386131,1.64223754405975,18.454,13.892500000000055,4.505625000000009,0.30270833333333336
IRN,Iran (Islamic Republic of),1999,639113.625,16.7131977081299,4504495,1.67338514328003,20.24,15.018979591836782,-5.796326530612248,-0.13346938775510186
IRN,Iran (Islamic Republic of),2000,665233.25,17.4637660980225,4641978,1.70512354373932,12.292,20.088600000000056,19.75960000000001,-0.3007999999999995
IRN,Iran (Islamic Republic of),2001,678601.1875,18.2347221374512,4847580.5,1.74374103546143,11.538,19.434705882352983,10.422156862745112,-0.664901960784313
IRN,Iran (Islamic Republic of),2002,732868.125,18.8342552185059,5056834,1.78219604492188,15.827,16.80096153846158,9.341730769230791,-0.07211538461538392
IRN,Iran (Islamic Republic of),2003,794470.375,19.7801036834717,5274946.5,1.8214989900589,15.573,10.603962264150994,6.4854716981132015,-0.02075471698113151
IRN,Iran (Islamic Republic of),2004,821144.1875,21.3660545349121,5505155,1.86166882514954,15.324,11.227592592592629,9.755370370370372,0.8596296296296297
IRN,Iran (Islamic Republic of),2005,856491.125,22.3236598968506,5742573,1.90272438526154,10.252,12.093454545454575,5.0379999999999825,0.08400000000000052
IRN,Iran (Islamic Republic of),2006,909029.4375,22.9817867279053,5964947,1.94468533992767,12,19.557500000000033,-2.0519642857142912,0.08250000000000046
IRN,Iran (Islamic Republic of),2007,993789.125,23.4298686981201,6251038.5,1.98757183551788,18.414,8.564385964912319,1.3440350877193057,0.00105263157894786
IRN,Iran (Islamic Republic of),2008,1007045.25,22.7506217956543,6595617,2.0314040184021,25.304,21.94672413793107,15.82086206896551,-0.9489655172413788
IRN,Iran (Islamic Republic of),2009,1028178.9375,23.1553421020508,6943617,2.07620286941528,10.816,5.264745762711897,-12.137288135593252,-0.00288135593220273
IRN,Iran (Islamic Republic of),2010,1099543.875,22.6933517456055,7308168.5,2.12198948860168,12.299,20.317000000000036,14.045000000000016,-0.8428333333333329
IRN,Iran (Islamic Republic of),2011,1140827.5,22.4360065460205,7698976,2.16269493103027,21.527,15.473934426229532,-12.525245901639352,0.01098360655737784
IRN,Iran (Islamic Republic of),2012,1098078.75,23.4727306365967,7908230.5,2.204181432724,30.57,7.094354838709705,-12.06322580645164,-0.05919354838709623
IRN,Iran (Islamic Republic of),2013,1081366.25,23.8778381347656,8050433.5,2.24646353721619,36.57542,11.34174603174607,-17.47174603174608,-0.18825396825396767
IRN,Iran (Islamic Republic of),2014,1135269.875,23.9681396484375,8223580.5,2.28955674171448,16.60504,14.004531250000042,-6.158750000000055,-0.11531249999999926
IRN,Iran (Islamic Republic of),2015,1119093.625,24.7068252563477,8321029.5,2.33347654342651,12.47059,16.819076923076963,-28.024000000000044,0.11646153846153928
IRN,Iran (Islamic Republic of),2016,1217742.75,25.3427276611328,8413783,2.37823891639709,7.258506,15.91424242424246,2.110606060606017,-0.10530303030302957
IRN,Iran (Islamic Republic of),2017,1251334.25,26.4614963531494,8509893,2.4238600730896,9.641,21.336716417910495,14.309104477611925,0.11626865671641884
IRN,Iran (Islamic Republic of),2018,1228334.625,26.8962535858154,8542645,2.47035622596741,17.95,14.962941176470622,-6.541323529411784,-0.09544117647058736
IRN,Iran (Islamic Republic of),2019,1190617.375,27.4041118621826,8558189,2.51774430274963,41.019,10.996086956521763,-22.40652173913044,1.6959420289855085
IRN,Iran (Islamic Republic of),2020,1230268.5,26.2043590545654,8594319,2.56405973434448,36.5,4.719000000000008,-16.556428571428597,0.921714285714287
IRN,Iran (Islamic Republic of),2021,1288334.375,26.3555316925049,8634985,2.62676119804382,43.38902,27.322535211267635,-5.913239436619733,-0.8612676056338018
IRN,Iran (Islamic Republic of),2022,1336990,26.691312789917,8703916,2.69387650489807,36.16438,24.803055555555577,-12.151111111111137,-0.4093055555555547
IRN,Iran (Islamic Republic of),2023,1404439.625,27.1074466705322,8804709,2.76579475402832,44.57919,19.47328767123288,-9.924657534246592,-0.25369863013698524
ITA,Italy,1960,682835.9375,20.6565742492676,2740727.75,1.91244149208069,2.620968,-3.5389999999999997,-3.881,4.1690000000000005
ITA,Italy,1961,739581.25,20.7880172729492,2941411,1.92709136009216,2.968784,3.2727272727272716,-1.2281818181818167,-1.0199999999999996
ITA,Italy,1962,784977.625,20.7273464202881,3153826.75,1.94185364246368,5.08798,13.249999999999998,2.7741666666666696,-0.964999999999998
ITA,Italy,1963,828482.3125,20.3835792541504,3375674.25,1.95672881603241,7.585233,-3.9192307692307704,-8.119230769230764,1.759230769230772
ITA,Italy,1964,851180.4375,20.3127975463867,3560408.25,1.97171819210053,5.887868,-6.519285714285717,-5.179285714285712,0.4735714285714306
ITA,Italy,1965,879553.1875,19.817361831665,3717459.75,1.9868221282959,4.30317,-3.0446666666666697,3.0460000000000065,0.4620000000000015
ITA,Italy,1966,932515.5625,19.4938144683838,3886358,2.0020418167114298,2.037351,-6.884375000000002,-7.164374999999996,3.063125000000001
ITA,Italy,1967,998718.5,19.7364826202393,4090878.5,2.01737833023071,2.063985,-1.7894117647058856,-6.172941176470587,-0.6670588235294126
ITA,Italy,1968,1064921.5,19.7263717651367,4307383.5,2.03283214569092,1.25,-8.540000000000003,-5.399999999999999,0.9400000000000012
ITA,Italy,1969,1129232.75,19.5848121643066,4560455.5,2.04840421676636,2.664068,-7.370526315789474,-6.3657894736842096,-0.02947368421052587
ITA,Italy,1970,1271096.25,19.6758079528809,4955094.5,2.06409573554993,4.80769,-0.5120000000000005,-4.387499999999996,-0.8879999999999999
ITA,Italy,1971,1294206.125,19.6728343963623,5340196.5,2.08577346801758,4.791664,1.972380952380952,-3.848571428571425,-0.45571428571428463
ITA,Italy,1972,1341968.625,19.6226406097412,5726575,2.10767889022827,5.749507,-8.217272727272727,-9.87363636363636,3.5950000000000006
ITA,Italy,1973,1437595.5,19.8837413787842,6134865.5,2.1298143863678,10.79862,-2.400000000000002,-3.0343478260869503,-0.31130434782608774
ITA,Italy,1974,1516665.25,20.1719627380371,6542676,2.15218234062195,19.15976,-1.820000000000002,-3.717916666666664,-0.5683333333333334
ITA,Italy,1975,1484964.5,20.1881008148193,6889417,2.17478513717651,16.95051,-5.8072000000000035,-1.6691999999999965,1.2843999999999998
ITA,Italy,1976,1590774,20.4029140472412,7223812.5,2.19762563705444,16.61417,-8.893846153846157,-5.8949999999999925,2.965
ITA,Italy,1977,1631505.625,20.4788055419922,7560345.5,2.22070574760437,17.13004,-8.414444444444449,-2.3766666666666616,1.2951851851851846
ITA,Italy,1978,1684368.625,20.5631484985352,7889368,2.24402809143066,12.09402,-7.793928571428574,10.938214285714292,1.05892857142857
ITA,Italy,1979,1784743,20.816478729248,8243231.5,2.26759552955627,14.79858,-4.7851724137931075,-0.9789655172413704,3.492413793103447
ITA,Italy,1980,1845960,21.1912574768066,8626153,2.29141068458557,21.06417,-4.955666666666668,1.4736666666666771,-0.3440000000000012
ITA,Italy,1981,1861544,21.2429008483887,8972646,2.31639218330383,17.9693,-4.045806451612908,-2.8938709677419254,0.1270967741935447
ITA,Italy,1982,1869243.25,21.3010883331299,9276887,2.34164619445801,16.48041,3.7506249999999977,-2.1234374999999908,-0.6268750000000036
ITA,Italy,1983,1891098.375,21.3517684936523,9560125,2.36717534065247,14.64658,1.7369696969696928,-2.7890909090908984,-1.6178787878787908
ITA,Italy,1984,1952102.375,21.3420295715332,9861980,2.39298295974731,10.7945,-5.004117647058828,3.082941176470598,0.909705882352938
ITA,Italy,1985,2006723.875,21.5481414794922,10160453,2.4190719127655,9.205988,3.43885714285714,5.004857142857151,-1.2762857142857165
ITA,Italy,1986,2064115.75,21.7032260894775,10466298,2.44544529914856,5.823543,-0.9566666666666706,-1.7241666666666546,-1.630833333333337
ITA,Italy,1987,2130001.5,21.760440826416,10787720,2.47210597991943,4.747286,6.339189189189186,-1.997567567567554,-0.3667567567567591
ITA,Italy,1988,2219341.75,22.0065326690674,11140500,2.49905776977539,5.058251,8.302368421052629,4.445000000000007,-3.027105263157898
ITA,Italy,1989,2294541.5,22.1740818023682,11510960,2.52630305290222,6.259832,-2.950512820512822,2.8210256410256527,-2.499487179487182
ITA,Italy,1990,2340106,22.5468826293945,11894321,2.55384540557861,6.456607,-0.9967500000000022,-0.3494999999999884,-1.7670000000000012
ITA,Italy,1991,2376107.25,22.9706020355225,12266690,2.5766487121582,6.217444,2.397560975609757,2.4690243902439164,-0.8939024390243926
ITA,Italy,1992,2395930.5,22.8082695007324,12614226,2.59761786460876,4.977045,2.5204761904761916,5.370238095238108,-0.2226190476190499
ITA,Italy,1993,2375498,22.1998119354248,12856146,2.61875796318054,4.512474,6.201860465116278,13.075348837209315,-1.037441860465119
ITA,Italy,1994,2426595.25,21.9253311157227,13098709,2.64006972312927,4.174988,13.72090909090909,2.5881818181818304,-1.6838636363636397
ITA,Italy,1995,2496647.5,21.8745021820068,13385084,2.66155529022217,5.38616,-0.8440000000000012,0.45066666666667743,-2.1864444444444455
ITA,Italy,1996,2530241.75,21.9094867706299,13675655,2.68321537971497,4.00059,-2.9156521739130437,-6.7691304347826,1.5210869565217369
ITA,Italy,1997,2578967,21.9851760864258,13970152,2.70505213737488,1.910208,-0.14361702127659548,3.7448936170212903,-0.6912765957446823
ITA,Italy,1998,2625501.5,22.218282699585,14281841,2.72706627845764,1.946036,13.579375,2.9268750000000097,-1.5168750000000006
ITA,Italy,1999,2669557,22.4802227020264,14613234,2.74925971031189,1.639536,4.922244897959182,-3.5628571428571334,0.2740816326530595
ITA,Italy,2000,2773192,22.9305591583252,14986403,2.77163362503052,2.615509,5.563799999999999,0.37840000000000984,1.168599999999998
ITA,Italy,2001,2828834,23.3661193847656,15359993,2.79335689544678,2.324276,7.144705882352941,2.0109803921568705,-2.934313725490198
ITA,Italy,2002,2836470.25,23.7908096313477,15749380,2.81525039672852,2.611654,-0.11269230769230988,-5.7176923076923,1.7621153846153828
ITA,Italy,2003,2838358,24.1814804077148,16112080,2.83731555938721,2.812533,27.88943396226415,-0.6298113207547047,-1.4211320754717
ITA,Italy,2004,2880195.75,24.3187160491943,16478216,2.85955357551575,2.257125,3.79296296296296,-3.3081481481481383,0.8151851851851841
ITA,Italy,2005,2902154.75,24.4438152313232,16845774,2.88196587562561,2.207304,2.613999999999999,-2.957999999999988,-0.46963636363636496
ITA,Italy,2006,2954378.5,24.9287929534912,17223592,2.90455389022827,2.229299,9.087321428571428,-4.265178571428564,-3.2612500000000004
ITA,Italy,2007,2997580,25.2422790527344,17600664,2.92731904983521,2.024922,8.947894736842102,9.589649122807028,-2.274035087719299
ITA,Italy,2008,2966910.75,25.296667098999,17925170,2.95026254653931,3.492366,11.153620689655172,3.464310344827595,2.6051724137931007
ITA,Italy,2009,2809511.5,24.8708839416504,18134734,2.97338581085205,0.7652591,10.654576271186436,-0.7144067796610045,1.89101694915254
ITA,Italy,2010,2852472,24.725757598877,18345828,2.99669027328491,1.619544,2.897,-6.412499999999991,5.6594999999999995
ITA,Italy,2011,2872309.75,24.7840538024902,18537780,3.01423954963684,2.93535,6.00950819672131,4.932622950819685,-1.413278688524592
ITA,Italy,2012,2782543.25,24.7213363647461,18640962,3.03189158439636,3.315255,19.862580645161287,3.4430645161290414,1.439516129032258
ITA,Italy,2013,2731956,24.2708969116211,18689928,3.04964733123779,1.244602,4.257301587301585,-2.4115873015872893,1.8666666666666671
ITA,Italy,2014,2731918,24.2727642059326,18728318,3.06750679016113,0.2341529,-3.3292187500000026,-5.82390624999999,2.797499999999999
ITA,Italy,2015,2756113.75,24.4325141906738,18784350,3.08547067642212,0.1084599,15.731999999999996,2.2256923076923165,0.2544615384615394
ITA,Italy,2016,2790185.5,24.789379119873,18867664,3.10353994369507,-0.0500042,3.8036363636363575,-3.838030303030294,0.29060606060606275
ITA,Italy,2017,2834931.5,25.0916213989258,18969476,3.12171483039856,1.325773,17.69686567164179,2.099253731343296,-1.2337313432835817
ITA,Italy,2018,2858366.5,25.3518619537354,19090278,3.13999652862549,1.242594,4.4766176470588235,-11.241617647058812,1.164411764705882
ITA,Italy,2019,2870633.5,25.50856590271,19215658,3.15838503837585,0.6339917,14.06173913043478,1.1813043478260958,3.0675362318840573
ITA,Italy,2020,2616059.5,25.0176239013672,19275626,3.17688131332397,-0.1453841,7.490857142857141,-2.365571428571421,0.5737142857142832
ITA,Italy,2021,2849701.25,25.3115863800049,19507172,3.20566248893738,1.941276,13.865352112676051,0.13774647887324676,-0.13436619718310006
ITA,Italy,2022,2982547.75,25.8017635345459,19798390,3.23505067825317,8.736015,24.49277777777778,3.845833333333342,-1.7525000000000013
ITA,Italy,2023,3003354.75,26.2558193206787,20148316,3.26506185531616,5.903386,15.2972602739726,0.6431506849315127,-0.3684931506849338
JPN,Japan,1960,666101.9375,47.02001953125,1594797.875,2.58314394950867,3.663501,4.426000000000002,-0.5679999999999996,-2.4289999999999985
JPN,Japan,1961,745055.9375,48.1582870483398,1780165,2.60400795936584,5.368456,8.473636363636365,-1.336363636363636,0.44181818181818144
JPN,Japan,1962,809106,49.3443870544434,1975239.875,2.62504005432129,6.835443,3.217500000000001,0.4250000000000007,0.3550000000000004
JPN,Japan,1963,880205.1875,50.1327743530273,2191594.25,2.64624238014221,6.706903,0.07000000000000206,-0.03769230769230702,-0.1923076923076934
JPN,Japan,1964,978661.9375,51.1521949768066,2445867.25,2.66761589050293,3.800387,6.545000000000002,-0.42499999999999893,0.46142857142857
JPN,Japan,1965,1034181.625,52.0738410949707,2701312.25,2.68916201591492,6.656003,-6.371333333333332,-0.8966666666666665,0.9406666666666688
JPN,Japan,1966,1140168.875,53.2485618591309,2993805.25,2.71088218688965,5.040826,-3.643124999999999,-1.440624999999999,5.111875000000001
JPN,Japan,1967,1266544.375,54.6046981811523,3355750.75,2.73277759552002,3.989847,6.101176470588236,0.8641176470588245,-0.8788235294117648
JPN,Japan,1968,1417376.25,55.1676368713379,3800411.75,2.75485014915466,5.339436,-3.4177777777777765,-0.983888888888888,0.16000000000000014
JPN,Japan,1969,1586797.5,56.0072250366211,4324171,2.77710056304932,5.249819,1.5021052631578955,-0.00210526315789572,0.7115789473684231
JPN,Japan,1970,1749957.375,56.3421287536621,4946291.5,2.79953122138977,6.764144,1.817000000000002,0.0179999999999989,0.08600000000000207
JPN,Japan,1971,1832187.75,56.7890892028809,5565740,2.81945013999939,6.37611,0.07047619047619236,-0.7128571428571409,2.0419047619047603
JPN,Japan,1972,1986339.75,57.0174560546875,6228237.5,2.83951044082642,4.855842,-0.9627272727272712,-3.1904545454545463,10.04909090909091
JPN,Japan,1973,2145894.5,58.438720703125,6950573,2.85971403121948,11.60154,4.679130434782611,2.708260869565219,-2.9778260869565187
JPN,Japan,1974,2119602.25,58.4776344299316,7544953,2.88006114959717,23.21158,-3.645833333333333,-0.2545833333333327,2.636249999999997
JPN,Japan,1975,2185131.25,58.3492622375488,8109966.5,2.90055274963379,11.73478,1.1799999999999995,-0.9343999999999985,4.3108
JPN,Japan,1976,2271989.75,58.8584365844727,8684773,2.9211905002594,9.387755,-4.545384615384616,-1.2384615384615358,5.364999999999998
JPN,Japan,1977,2371737.75,59.4792976379395,9251136,2.94197511672974,8.15155,-1.1670370370370389,3.1374074074074105,1.0662962962962972
JPN,Japan,1978,2496774.5,59.867919921875,9869457,2.96290755271912,4.193206,8.164642857142855,-1.4446428571428545,-4.631785714285712
JPN,Japan,1979,2633698.75,60.3315696716309,10512650,2.98398876190186,3.731533,-0.6368965517241403,-0.6148275862068928,3.727931034482758
JPN,Japan,1980,2707905.75,60.7890777587891,11087465,3.00522017478943,7.771639,-8.675666666666668,-0.01433333333332953,5.95366666666667
JPN,Japan,1981,2823279.25,61.2351951599121,11661513,3.02206301689148,4.932786,-0.10580645161290292,-0.4038709677419341,-1.858387096774191
JPN,Japan,1982,2915875.5,61.5547790527344,12206848,3.03900027275085,2.746716,-6.6525,-0.4912499999999973,0.18968750000000156
JPN,Japan,1983,3021727.75,62.1243667602539,12716322,3.05603265762329,1.880811,1.6690909090909116,-0.48636363636363455,0.2039393939394003
JPN,Japan,1984,3155012.5,62.1679039001465,13244571,3.07316040992737,2.250571,5.6700000000000035,3.217941176470589,-6.8520588235294095
JPN,Japan,1985,3317805.25,62.2749061584473,13826276,3.09038424491882,3.101083,5.738000000000003,0.895999999999999,0.8037142857142889
JPN,Japan,1986,3427094.75,62.3766136169434,14438253,3.10770440101624,0.132275,0.25861111111111157,2.021111111111111,-4.2386111111111084
JPN,Japan,1987,3586416,62.385181427002,15114087,3.12512159347534,0.0529661,0.21162162162162268,0.4464864864864868,-2.4540540540540476
JPN,Japan,1988,3825329.5,63.0384483337402,15918733,3.14263677597046,0.7146639,-4.183947368421052,2.5647368421052636,-1.429473684210521
JPN,Japan,1989,4013757.75,63.6374549865723,16801428,3.16024994850159,2.251424,-2.216666666666667,-0.7610256410256415,2.1871794871794883
JPN,Japan,1990,4208061,64.284797668457,17753778,3.17796182632446,2.818712,10.43875,-1.0220000000000002,2.082500000000003
JPN,Japan,1991,4356325.5,65.5926971435547,18690502,3.19438242912293,3.258062,0.8241463414634147,-0.40707317073170657,3.5617073170731715
JPN,Japan,1992,4395558,66.3317489624023,19540490,3.21088767051697,1.73499,0.574523809523809,-0.21738095238095137,-1.1430952380952384
JPN,Japan,1993,4375373,66.5837020874023,20300046,3.22747826576233,1.261204,-8.108837209302326,-0.3123255813953474,5.333488372093022
JPN,Japan,1994,4422775,66.6553344726563,21011250,3.24415493011475,0.6971644,15.705454545454543,2.594772727272728,-6.277727272727272
JPN,Japan,1995,4539138,66.8673934936523,21740976,3.26091766357422,-0.1159121,7.766444444444444,2.90711111111111,-2.4482222222222205
JPN,Japan,1996,4681389,66.9127349853516,22544372,3.27776670455933,0.0172682,2.0076086956521735,-0.41608695652174,-3.375
JPN,Japan,1997,4727324,67.3798828125,23267166,3.29470300674438,1.694487,1.1948936170212754,2.862765957446806,-0.2431914893616991
JPN,Japan,1998,4667271.5,66.5859985351563,23885494,3.31172680854797,0.6714748,3.9099999999999984,2.493124999999998,5.951875000000005
JPN,Japan,1999,4651686,65.6704330444336,24457658,3.32883858680725,-0.3458498,2.030204081632654,0.662244897959182,0.03040816326531015
JPN,Japan,2000,4780288.5,65.2610778808594,25005568,3.34603881835938,-0.5409274,6.209600000000002,-1.9910000000000017,-0.8701999999999934
JPN,Japan,2001,4798745.5,64.7689666748047,25493442,3.36086773872376,-0.8040935,4.5078431372549,0.3980392156862731,-2.4631372549019552
JPN,Japan,2002,4800759,63.7553253173828,25875438,3.37576270103455,-0.8924916,5.851153846153844,-1.169615384615387,-1.7257692307692238
JPN,Japan,2003,4874457,63.5438690185547,26226804,3.39072346687317,-0.2643754,-1.879245283018868,0.27245283018867816,1.696792452830195
JPN,Japan,2004,4981018,63.6831855773926,26562598,3.40575051307678,-0.0165673,6.265555555555556,-1.562592592592594,2.525370370370375
JPN,Japan,2005,5070871,63.9229202270508,26921680,3.42084431648254,-0.5622613,4.1916363636363645,-0.02418181818181963,-7.090545454545449
JPN,Japan,2006,5140460.5,64.2040176391602,27265270,3.43600463867188,0.2323651,2.7367857142857144,0.32624999999999815,0.686071428571438
JPN,Japan,2007,5216743.5,64.4457550048828,27554710,3.45123267173767,0.0745156,4.898771929824562,1.2005263157894728,-4.515964912280694
JPN,Japan,2008,5152876,64.2170867919922,27765272,3.46652793884277,1.38165,3.3343103448275855,-0.6601724137931058,-3.1481034482758545
JPN,Japan,2009,4859510.5,63.2816162109375,27817134,3.48189091682434,-1.36282,-3.502203389830509,-1.0389830508474596,1.1352542372881445
JPN,Japan,2010,5058649,62.9963493347168,27857126,3.49732208251953,-0.6283658,12.346166666666663,-1.7716666666666685,4.706333333333344
JPN,Japan,2011,5059853.5,62.8651466369629,27924010,3.50793290138245,-0.2812692,5.373770491803278,1.8373770491803256,1.739180327868862
JPN,Japan,2012,5129414,62.7342987060547,28024686,3.51857590675354,-0.0352578,6.3170967741935495,-0.9922580645161324,0.26112903225807216
JPN,Japan,2013,5232263.5,63.2569694519043,28176042,3.52925133705139,0.343885,7.626825396825398,-0.22650793650793943,-1.1430158730158624
JPN,Japan,2014,5247762,63.7834243774414,28352516,3.53995895385742,2.768014,-3.032343750000001,0.087031249999999,0.3948437500000104
JPN,Japan,2015,5329660,64.1638793945313,28550418,3.55069923400879,0.786661,1.2043076923076903,1.375692307692308,2.768769230769241
JPN,Japan,2016,5369836.5,64.8264923095703,28752612,3.56147217750549,-0.1187749,5.2360606060606045,-1.4051515151515144,5.036818181818191
JPN,Japan,2017,5459799,65.4842681884766,28970244,3.57227778434753,0.4841587,4.9679104477611915,-1.6441791044776135,-0.8383582089552135
JPN,Japan,2018,5494927.5,66.5834808349609,29188046,3.58311605453491,0.989011,11.70485294117647,1.1400000000000006,2.6839705882353044
JPN,Japan,2019,5472828,67.2273101806641,29401234,3.59398722648621,0.4519963,5.7852173913043465,0.09347826086956346,-1.6149275362318711
JPN,Japan,2020,5245863.5,66.7847595214844,29553106,3.60489130020142,0.0083326,6.5325714285714245,3.032142857142855,3.3981428571428687
JPN,Japan,2021,5380121.5,67.1171569824219,29706136,3.62192320823669,-0.2582903,3.0405633802816876,0.21943661971830863,4.860281690140859
JPN,Japan,2022,5431488,67.6910705566406,29845872,3.63912701606751,2.506056,9.548333333333332,0.7763888888888886,-0.9072222222222096
JPN,Japan,2023,5522683.5,67.9327163696289,29998940,3.6565043926239,3.251569,18.39753424657534,-0.6842465753424651,-1.184794520547932
KEN,Kenya,1960,25433.267578125,3.57286190986633,55298.98046875,1.19694888591766,1.243781,29.223000000000013,9.263000000000003,-0.9329999999999998
KEN,Kenya,1961,24524.33203125,3.66599369049072,55560.4453125,1.20565319061279,2.457002,14.856363636363652,-21.799090909090907,1.1418181818181816
KEN,Kenya,1962,26548.1171875,3.76296424865723,55707.40234375,1.21442079544067,3.117506,14.958333333333371,3.407500000000013,-1.293333333333333
KEN,Kenya,1963,27695.8671875,3.86394238471985,56393.7109375,1.22325229644775,0.6976744,-1.3023076923076644,-5.624615384615375,0.6961538461538463
KEN,Kenya,1964,29346.58203125,3.96870827674866,56671.609375,1.23214781284332,-0.0993049,5.820714285714303,-7.432857142857131,-1.3235714285714275
KEN,Kenya,1965,30771.921875,4.07703304290772,57194.203125,1.24110817909241,3.578529,22.142666666666685,9.922666666666672,-2.4853333333333323
KEN,Kenya,1966,34433.49609375,4.18945455551148,59038.77734375,1.25013363361359,5.014395,34.848750000000024,-6.3474999999999895,-1.8899999999999992
KEN,Kenya,1967,35892.60546875,4.30614614486694,61094.9921875,1.25922465324402,1.759196,13.12882352941176,-1.7241176470588044,0.11117647058823632
KEN,Kenya,1968,35883.98828125,4.42685270309448,64729.33984375,1.26838195323944,0.3667116,-5.890555555555551,4.341666666666683,0.705000000000001
KEN,Kenya,1969,38170.98828125,4.55218935012817,68390.5546875,1.27760565280914,-0.171501,39.28947368421052,0.8231578947368519,-3.062105263157894
KEN,Kenya,1970,36150.546875,4.65592002868652,74071.390625,1.28689658641815,2.18853,26.504999999999995,7.452000000000012,-0.8589999999999991
KEN,Kenya,1971,38500.67578125,4.84348583221436,81011.4375,1.30425000190735,3.78021,17.16285714285712,10.377142857142871,-0.5880952380952378
KEN,Kenya,1972,40436.07421875,4.95649242401123,87325.8359375,1.32183754444122,5.83164,29.602727272727265,-3.5145454545454555,-0.8313636363636361
KEN,Kenya,1973,42540.01171875,5.10830354690552,93267.3515625,1.33966219425201,9.28119,44.90565217391304,3.1882608695652124,-1.8052173913043472
KEN,Kenya,1974,44625.48828125,5.3664665222168,98034.7265625,1.35772716999054,17.8099,24.7545833333333,2.6354166666666714,-1.6399999999999997
KEN,Kenya,1975,44459.3828125,5.49899101257324,102905.359375,1.37603580951691,19.1202,12.844400000000007,-11.379999999999995,-0.8143999999999991
KEN,Kenya,1976,46249.57421875,5.69912767410278,107555.703125,1.39459133148193,11.449,24.860384615384618,-5.182307692307688,-1.9730769230769227
KEN,Kenya,1977,50494.33984375,5.88172769546509,113763.609375,1.41339695453644,14.821,-4.010370370370367,-21.50037037037036,2.830000000000001
KEN,Kenya,1978,55034.40625,6.05093288421631,121412.296875,1.43245625495911,16.9318,-7.907142857142873,2.0875000000000057,0.43892857142857267
KEN,Kenya,1979,57101.421875,6.28266191482544,127662.2734375,1.45177257061005,7.97935,3.9455172413793207,-15.994482758620691,0.5837931034482775
KEN,Kenya,1980,60294.23046875,6.50698900222778,133832.671875,1.47134935855865,13.858,38.78399999999999,9.038666666666671,-1.435666666666665
KEN,Kenya,1981,62564.26171875,6.69144010543823,140426.640625,1.49325609207153,11.603,13.202903225806438,-6.182903225806449,-0.4493548387096755
KEN,Kenya,1982,64871.203125,6.90596628189087,144337.765625,1.5154891014099101,20.667,7.850312499999973,-7.909687499999997,-0.8453124999999977
KEN,Kenya,1983,65757.0703125,7.16807126998901,147007.703125,1.53805303573608,11.398,31.902424242424217,-18.59999999999999,-1.1696969696969677
KEN,Kenya,1984,66919.765625,7.39805269241333,149407.703125,1.56095290184021,10.284,22.404117647058797,12.957058823529422,-2.0452941176470563
KEN,Kenya,1985,69780.375,7.67403507232666,152254.625,1.58419370651245,10.72485,5.833999999999975,-4.473142857142847,-0.14685714285714013
KEN,Kenya,1986,74781.828125,7.93657207489014,156127.96875,1.60778057575226,10.5504,10.87194444444441,0.34111111111111825,0.1472222222222248
KEN,Kenya,1987,79211.1484375,8.19951152801514,160358.859375,1.63171863555908,8.635164,37.0781081081081,2.031891891891888,-0.4267567567567552
KEN,Kenya,1988,84120.328125,8.43583202362061,165148.015625,1.65601313114166,12.3624,20.492368421052618,-4.141578947368416,-0.0055263157894716
KEN,Kenya,1989,88069.8125,8.77435207366943,169848.890625,1.68066930770874,13.4043,-2.703076923076935,4.564615384615394,-0.33538461538461384
KEN,Kenya,1990,91779.3671875,9.06492900848389,174952.84375,1.70569252967834,15.67405,6.124499999999955,16.400499999999994,-0.2569999999999988
KEN,Kenya,1991,93071.2578125,9.39436912536621,179385.390625,1.7281966209411601,18.98607,16.345121951219483,-7.999512195121945,-1.150731707317072
KEN,Kenya,1992,92333.0390625,9.75816154479981,183107.078125,1.75012314319611,27.3446,10.665952380952348,14.65095238095239,-1.1633333333333322
KEN,Kenya,1993,92665.2421875,10.1654443740845,186208.140625,1.77232766151428,46.05942,6.857906976744147,18.190232558139556,-1.7462790697674406
KEN,Kenya,1994,95101.3671875,10.6833362579346,190671.109375,1.79481399059296,28.71513,17.222045454545423,3.766818181818195,0.13340909090909123
KEN,Kenya,1995,99290.7734375,11.3299293518066,196678.125,1.81758558750153,1.555323,22.639333333333298,-3.616888888888873,-1.0895555555555545
KEN,Kenya,1996,103406.359375,11.9065561294556,202626.671875,1.84064602851868,8.841565,19.54717391304345,14.0317391304348,-1.5258695652173904
KEN,Kenya,1997,103685.890625,12.4229707717896,208696.390625,1.86399912834167,11.27734,1.9012765957446616,18.643191489361712,3.3265957446808514
KEN,Kenya,1998,107165.25,12.9206686019897,215520.046875,1.88764846324921,5.402304,8.181666666666672,-1.1752083333333303,1.4972916666666682
KEN,Kenya,1999,109420.703125,13.4238262176514,221818.296875,1.91159796714783,5.788454,20.584693877551015,13.43877551020408,-2.153265306122448
KEN,Kenya,2000,109965.21875,13.8578910827637,229073.984375,1.93585121631622,9.978494,33.03299999999999,17.25,-2.7201999999999984
KEN,Kenya,2001,114877.546875,14.2466602325439,238061.71875,1.95771253108978,5.779125,19.95529411764707,11.441764705882363,-0.5168627450980381
KEN,Kenya,2002,115534.3828125,14.6354999542236,245282.65625,1.979820728302,1.993869,20.39153846153846,9.051730769230772,-0.4269230769230754
KEN,Kenya,2003,118890.9609375,14.995626449585,250849.609375,2.00217866897583,9.822483,27.21679245283019,5.060943396226435,-0.9288679245283018
KEN,Kenya,2004,124958.6875,15.5877523422241,257453.109375,2.02478885650635,11.81291,25.812777777777768,13.827222222222233,-0.6516666666666664
KEN,Kenya,2005,132346.609375,16.0179405212402,268260.6875,2.04765462875366,9.90514,38.48345454545455,2.755818181818185,-1.3998181818181812
KEN,Kenya,2006,140718.65625,16.4490623474121,281449.15625,2.07077860832214,6.028195,23.62625,-6.493392857142844,0.9451785714285714
KEN,Kenya,2007,150358.984375,17.0097675323486,293583.9375,2.09416365623474,4.253263,28.35175438596491,-11.65947368421051,-0.6114035087719296
KEN,Kenya,2008,150708.515625,17.5634231567383,307553.125,2.1178126335144,15.1041,32.01293103448279,6.63155172413795,-1.100862068965517
KEN,Kenya,2009,162477.9375,17.8757019042969,323699.9375,2.14172887802124,10.52043,43.69033898305085,24.339152542372887,-2.2422033898305083
KEN,Kenya,2010,175571.15625,17.6944885253906,344391.34375,2.16591501235962,4.078746,30.622166666666686,5.2335000000000065,0.3651666666666671
KEN,Kenya,2011,184562.375,17.7746391296387,364519.6875,2.18529486656189,14.03341,29.15016393442625,6.567704918032803,0.6091803278688532
KEN,Kenya,2012,192787.515625,17.8495864868164,388316.6875,2.20484805107117,9.36769,33.389999999999986,7.031774193548401,-0.04064516129032203
KEN,Kenya,2013,200138.921875,18.0398902893066,411850.375,2.2245759963989298,5.734952,17.659999999999997,-0.04984126984126647,0.7400000000000002
KEN,Kenya,2014,210233.15625,18.2589492797852,443286.875,2.2444806098938,6.884535,29.76406249999999,-2.5090624999999847,-0.6415625
KEN,Kenya,2015,220755.609375,18.1200656890869,473164.375,2.26456332206726,6.590772,40.06615384615384,10.259538461538485,0.2783076923076928
KEN,Kenya,2016,230136.421875,18.3977279663086,499061.5625,2.28482580184937,6.327321,31.329090909090898,22.374090909090924,-0.5759090909090903
KEN,Kenya,2017,238917.296875,18.5560836791992,528467.4375,2.30526947975159,7.985,40.60149253731342,-3.269850746268631,-0.6373134328358203
KEN,Kenya,2018,252366.1875,18.5665264129639,555863.4375,2.32589602470398,4.69,11.794411764705842,4.808235294117665,2.202058823529412
KEN,Kenya,2019,265377.3125,18.3412017822266,585632.6875,2.3467073440551798,5.204,32.323478260869564,-2.491449275362299,1.770144927536232
KEN,Kenya,2020,264653.46875,18.5792503356934,616052.375,2.36770462989807,5.404815,21.681714285714264,-16.35585714285712,3.094857142857144
KEN,Kenya,2021,284741.9375,18.8079471588135,652297.1875,2.475581407547,6.110909,38.036338028168984,15.934507042253545,-1.6387323943661962
KEN,Kenya,2022,298580.34375,19.3525238037109,686803.4375,2.57906222343445,7.656875,31.118055555555543,25.49319444444447,-1.895972222222222
KEN,Kenya,2023,315169.125,19.9494342803955,721478.3125,2.60687518119812,7.675,27.211780821917756,17.09397260273974,1.3600000000000003
KOR,Republic of Korea,1960,47547.40625,7.02718734741211,181026.734375,1.58930730819702,7.965566,13.616999999999996,-4.074000000000002,-1.6439999999999984
KOR,Republic of Korea,1961,49691.703125,7.31147336959839,181622.078125,1.6320868730545,8.195653,7.849090909090904,-8.343636363636362,0.6354545454545502
KOR,Republic of Korea,1962,50846.296875,7.5922589302063,182051.1875,1.67601799964905,6.618311,1.8749999999999964,0.2516666666666687,1.5225000000000044
KOR,Republic of Korea,1963,54808.1796875,7.87166786193848,189762.984375,1.71817469596863,20.69165,-7.61923076923077,-1.297692307692305,4.075384615384618
KOR,Republic of Korea,1964,59139.61328125,8.0064001083374,193574.0625,1.75291919708252,29.46283,6.684999999999995,2.4650000000000034,2.174285714285716
KOR,Republic of Korea,1965,62101.00390625,8.40908241271973,197572.375,1.78836631774902,13.5482,-2.740666666666673,-2.949333333333332,-1.410666666666664
KOR,Republic of Korea,1966,69185.953125,8.62733173370361,209710.359375,1.8245302438736,11.26139,-4.909375000000004,0.7449999999999974,-3.462499999999997
KOR,Republic of Korea,1967,73039.8046875,8.91526222229004,222999.515625,1.86142551898956,10.88244,5.72941176470588,-2.068823529411766,-5.578823529411762
KOR,Republic of Korea,1968,80798.703125,9.3493709564209,242367.09375,1.89906668663025,10.77182,-11.838888888888894,0.7561111111111103,-6.8988888888888855
KOR,Republic of Korea,1969,92374.953125,9.60801410675049,261327.828125,1.9374692440033,12.38956,-8.595789473684215,-0.713684210526317,3.0842105263157897
KOR,Republic of Korea,1970,100146.109375,9.81033897399902,278630.4375,1.97664833068848,15.95034,-6.526000000000003,-0.5680000000000014,-2.369999999999999
KOR,Republic of Korea,1971,110813.078125,10.2574777603149,296659.5,2.01497268676758,13.51171,-7.985238095238099,-1.7809523809523853,-0.16714285714285637
KOR,Republic of Korea,1972,118943.2421875,10.7887783050537,314503.53125,2.05404019355774,11.68898,-7.6322727272727295,-11.21,6.340454545454545
KOR,Republic of Korea,1973,136754.625,11.3706092834473,339852.53125,2.09386515617371,3.221026,8.1995652173913,-1.5326086956521756,-3.495217391304344
KOR,Republic of Korea,1974,149949.9375,11.8186292648315,369699.9375,2.13446235656738,24.3042,-11.382083333333338,-2.7287500000000016,5.5404166666666725
KOR,Republic of Korea,1975,161843.25,12.0539216995239,402465.5,2.17584657669067,25.24926,2.123199999999997,-2.559600000000003,0.6788000000000025
KOR,Republic of Korea,1976,183308.828125,12.7839546203613,447059.4375,2.21803307533264,15.32731,-13.23846153846154,-0.791153846153847,-2.8873076923076866
KOR,Republic of Korea,1977,205997.5,13.1383466720581,509268.3125,2.26103758811951,10.09667,-4.33814814814815,6.548148148148147,-3.980370370370368
KOR,Republic of Korea,1978,228800.296875,13.6826877593994,596594.0625,2.30487585067749,14.46028,9.526785714285715,0.04428571428571004,-2.7382142857142853
KOR,Republic of Korea,1979,248790.40625,13.8460216522217,687419.5,2.34956431388855,18.32349,-9.071724137931032,-2.9872413793103476,2.5262068965517273
KOR,Republic of Korea,1980,244998.171875,13.8832302093506,757855.1875,2.39511895179749,28.6976,-17.89933333333333,-0.6076666666666668,5.1320000000000014
KOR,Republic of Korea,1981,263137.40625,14.2054681777954,821445.3125,2.44942378997803,21.35165,-4.8219354838709645,-5.03806451612903,0.03645161290322818
KOR,Republic of Korea,1982,285420.59375,14.5528717041016,894122.125,2.50495982170105,7.190846,-5.29125,1.4393750000000018,-4.464687499999995
KOR,Republic of Korea,1983,323857.625,14.6614952087402,982380.0625,2.56117534637451,3.420608,-4.300909090909091,-2.594242424242424,0.27060606060606673
KOR,Republic of Korea,1984,358305.0625,14.5727386474609,1081918.625,2.6001284122467,2.273957,-0.27441176470588147,3.552058823529414,0.10264705882353198
KOR,Republic of Korea,1985,386750.1875,15.104549407959,1185808.25,2.63967394828796,2.45911,3.49342857142857,-4.539428571428566,5.819714285714287
KOR,Republic of Korea,1986,431238,15.6358699798584,1307673.75,2.6798210144043,2.74998,-11.943611111111114,1.306666666666672,1.3080555555555584
KOR,Republic of Korea,1987,486834.125,16.4838752746582,1456627,2.72057843208313,3.04966,-14.700810810810813,2.1813513513513563,4.582702702702704
KOR,Republic of Korea,1988,545902.6875,17.005199432373,1626340.25,2.76195597648621,7.146101,-3.883947368421056,2.2739473684210587,-6.187894736842106
KOR,Republic of Korea,1989,585016.625,17.6594371795654,1824322.75,2.80396270751953,5.70016,-8.514358974358977,-4.5043589743589685,6.330769230769231
KOR,Republic of Korea,1990,643663.9375,18.1872406005859,2081204.375,2.84660840034485,8.573277,4.5885,-6.481749999999998,2.3424999999999976
KOR,Republic of Korea,1991,713662.25,18.7272968292236,2373699.75,2.87941026687622,9.33279,-10.943414634146343,-2.203658536585362,1.415365853658539
KOR,Republic of Korea,1992,758991.1875,19.0754985809326,2658525,2.91259026527405,6.213282,-5.222857142857144,-2.931190476190473,-3.5983333333333345
KOR,Republic of Korea,1993,812080.4375,19.3090763092041,2961285,2.94615244865418,4.800997,-17.05139534883721,1.3469767441860476,3.7953488372093034
KOR,Republic of Korea,1994,888187.25,19.9261779785156,3311433.5,2.9801013469696,6.26586,21.14613636363636,0.9063636363636398,-7.890909090909089
KOR,Republic of Korea,1995,974660.25,20.4982490539551,3706063.5,3.01444125175476,4.480741,2.0362222222222215,10.71622222222222,-5.395555555555555
KOR,Republic of Korea,1996,1052539.875,20.948751449585,4126841,3.0491771697998,4.924543,6.3019565217391325,2.9032608695652193,-1.848260869565216
KOR,Republic of Korea,1997,1118662.375,21.322509765625,4520410,3.08431339263916,4.438932,11.077872340425532,7.761489361702132,-0.26893617021276484
KOR,Republic of Korea,1998,1063412.5,20.0505714416504,4768835,3.11985421180725,7.51358,-6.642916666666668,2.239791666666669,6.396666666666668
KOR,Republic of Korea,1999,1186951.875,20.4050960540772,5055696,3.15580463409424,0.8129572,-0.7873469387755136,5.774081632653065,7.196122448979594
KOR,Republic of Korea,2000,1296173.625,21.2578907012939,5406002.5,3.1921694278717,2.259166,8.848399999999998,1.2386000000000017,-1.2277999999999984
KOR,Republic of Korea,2001,1357429.75,21.6788730621338,5745667,3.21872901916504,4.066576,10.074901960784311,-1.9656862745098032,-4.943725490196078
KOR,Republic of Korea,2002,1462549.125,22.2760200500488,6112896.5,3.2455096244812,2.762262,-2.7488461538461557,-3.5778846153846122,1.4413461538461547
KOR,Republic of Korea,2003,1507518.625,22.2679061889648,6500600,3.27251291275024,3.514874,-12.036981132075477,-3.940377358490565,7.824150943396226
KOR,Republic of Korea,2004,1585662.875,22.6818008422852,6895688,3.29974102973938,3.590663,9.035925925925929,3.2225925925925907,-0.8107407407407408
KOR,Republic of Korea,2005,1654769.875,22.8313007354736,7286868.5,3.32719564437866,2.753792,7.291636363636364,-1.596,-1.4359999999999964
KOR,Republic of Korea,2006,1741562.625,23.1881008148193,7688607,3.35487866401672,2.24234,4.3414285714285725,3.8825,-1.760357142857142
KOR,Republic of Korea,2007,1843304,23.560998916626,8105177,3.3827919960022,2.534574,1.185263157894738,3.6443859649122814,1.7005263157894746
KOR,Republic of Korea,2008,1898684.25,23.7746028900147,8495607,3.41093754768372,4.673897,5.7748275862068965,5.421551724137931,-6.578793103448273
KOR,Republic of Korea,2009,1914250.875,23.6875019073486,8872521,3.43931722640991,2.756496,-4.813050847457626,-2.260338983050847,-3.0472881355932184
KOR,Republic of Korea,2010,2047897.5,24.032901763916,9281741,3.467933177948,2.939286,10.087166666666668,-1.1226666666666638,-3.1864999999999988
KOR,Republic of Korea,2011,2123424.5,24.5265998840332,9679358,3.49225950241089,4.025965,-0.658196721311473,4.115737704918033,1.6157377049180326
KOR,Republic of Korea,2012,2177522.25,24.9549980163574,10048379,3.51675653457642,2.187071,5.7324193548387115,4.359354838709674,0.9496774193548384
KOR,Republic of Korea,2013,2249193.25,25.2992000579834,10414791,3.54142546653748,1.301347,13.89142857142857,-1.039841269841272,-2.845396825396824
KOR,Republic of Korea,2014,2321497.5,25.8971004486084,10792130,3.56626725196838,1.274774,-3.895625000000001,-1.84359375,-3.1509374999999977
KOR,Republic of Korea,2015,2389292.25,26.2476005554199,11195962,3.59128332138062,0.7063318,0.09430769230769442,-2.4352307692307704,-5.582461538461537
KOR,Republic of Korea,2016,2465069.25,26.4659996032715,11645592,3.62420678138733,0.9716858,13.842878787878783,-0.40833333333333144,-0.1878787878787875
KOR,Republic of Korea,2017,2549699.75,26.7868995666504,12173519,3.65777683258057,1.944332,7.066268656716421,5.657761194029849,-6.88507462686567
KOR,Republic of Korea,2018,2630681.25,26.8222045898438,12649840,3.69200992584229,1.475839,18.232352941176472,7.31455882352941,1.166176470588237
KOR,Republic of Korea,2019,2691549.75,27.1275596618652,13079924,3.72692227363586,0.3830003,1.998115942028985,2.598550724637679,-0.8907246376811564
KOR,Republic of Korea,2020,2672702.75,26.9212226867676,13517808,3.76253128051758,0.537288,-0.5304285714285726,5.4814285714285695,3.392000000000003
KOR,Republic of Korea,2021,2795993.5,27.2961273193359,13986308,3.79885363578796,2.498333,5.5470422535211235,-0.00577464788732484,-1.825774647887318
KOR,Republic of Korea,2022,2872256.25,28.1217231750488,14436004,3.83590793609619,5.089514,7.899999999999999,11.664305555555554,-3.280416666666662
KOR,Republic of Korea,2023,2912586,28.4401531219482,14877307,3.87371253967285,3.597456,11.251780821917809,1.004520547945205,6.284520547945213
MAR,Morocco,1960,19976.98828125,3.66730189323425,84109.6953125,1.04607033729553,3.424299,-2.909000000000006,-16.541999999999987,0.9669999999999996
MAR,Morocco,1961,24020.734375,3.25395011901855,84536.46875,1.04996526241303,1.763125,7.11545454545454,-3.578181818181818,-0.580909090909091
MAR,Morocco,1962,27646.919921875,3.82000374794006,86277.3359375,1.05387485027313,5.096729,6.152499999999989,-7.909999999999997,1.3275
MAR,Morocco,1963,32042.296875,3.88833618164063,88735.0546875,1.05779886245728,5.699712,-9.690769230769234,-2.931538461538466,2.5153846153846153
MAR,Morocco,1964,33690.5625,3.86721396446228,90601.3828125,1.06173753738403,4.021542,20.10142857142857,14.107857142857156,-0.6242857142857143
MAR,Morocco,1965,33580.6796875,3.92586874961853,92718.578125,1.06569075584412,3.482821,-8.84866666666666,-23.912666666666667,0.8573333333333331
MAR,Morocco,1966,32349.974609375,3.95897936820984,94526.0234375,1.06830418109894,-1.013579,1.9543749999999989,3.891874999999999,-0.3862500000000002
MAR,Morocco,1967,33822.421875,4.04227304458618,98266.671875,1.07092392444611,-0.748277,-1.8805882352941128,-18.527058823529416,0.4064705882352935
MAR,Morocco,1968,36064.06640625,4.11695909500122,101551.6953125,1.07355010509491,0.4364791,4.473888888888894,-23.38777777777777,0.7138888888888886
MAR,Morocco,1969,39690.25,4.19030141830444,105224.5390625,1.07618272304535,2.949891,-10.421578947368417,-19.21684210526315,1.1263157894736842
MAR,Morocco,1970,41514.3359375,4.29691743850708,111648.2578125,1.07882177829742,1.27918,6.029499999999999,3.744,0.1499999999999999
MAR,Morocco,1971,43209.23046875,4.37218856811523,117628.3515625,1.0873898267746,4.15535,-9.907619047619036,-25.584285714285713,0.41285714285714326
MAR,Morocco,1972,44904.1328125,4.49938726425171,122091.5390625,1.0960259437561,3.75917,-24.257272727272714,-21.41136363636363,-0.00590909090909086
MAR,Morocco,1973,46513.21484375,4.62175464630127,126187.3515625,1.1047306060791,4.08461,2.677391304347836,-6.210434782608672,-0.3556521739130434
MAR,Morocco,1974,49109.203125,4.77647829055786,129416.6796875,1.11350452899933,17.5568,-0.284166666666664,-16.831666666666663,-0.7808333333333335
MAR,Morocco,1975,52820.8203125,5.07600736618042,144598.78125,1.12234795093536,7.91829,-5.5227999999999895,14.041600000000004,0.14039999999999964
MAR,Morocco,1976,58527.69921875,5.36758327484131,163820.125,1.131671667099,8.50215,-19.070384615384597,-20.82846153846154,0.665
MAR,Morocco,1977,62067.68359375,5.62046670913696,187530.703125,1.14107275009155,12.597,-17.89407407407407,4.732962962962972,-0.2996296296296299
MAR,Morocco,1978,63462.21875,5.65962791442871,200134.078125,1.15055203437805,9.71603,-0.5049999999999812,15.173928571428576,-0.6389285714285715
MAR,Morocco,1979,66508.7421875,5.79047536849976,212096.734375,1.16010999679565,8.33137,-8.717586206896542,0.7406896551724031,0.403103448275862
MAR,Morocco,1980,69319.28125,5.95643281936646,224450.40625,1.1697473526001,9.408,10.913000000000013,-6.59399999999998,-0.9803333333333332
MAR,Morocco,1981,67401.28125,6.04658985137939,237272.921875,1.18390417098999,12.493,6.520967741935493,4.3287096774193685,-1.548709677419355
MAR,Morocco,1982,73885.0546875,6.25177335739136,250685.75,1.19823229312897,10.528,-4.7628124999999955,-11.406562499999978,-0.3303125
MAR,Morocco,1983,73473.3828125,6.36923503875732,261622.015625,1.21273386478424,6.208,7.731515151515154,0.7090909090909321,-1.1903030303030306
MAR,Morocco,1984,76654.453125,6.5265645980835,270784,1.22741091251373,12.448,4.1541176470588255,15.168235294117665,-0.7752941176470589
MAR,Morocco,1985,81500.90625,6.77958583831787,282040.625,1.24226558208466,7.729,10.715428571428577,-2.045142857142835,-0.4631428571428573
MAR,Morocco,1986,88106.3046875,6.95111131668091,292597.6875,1.25881636142731,8.734,2.5077777777777612,-11.63833333333332,-0.6802777777777778
MAR,Morocco,1987,85916.984375,7.07737636566162,302713.3125,1.27558779716492,2.699,8.389999999999986,-23.173783783783776,0.03810810810810805
MAR,Morocco,1988,94973.6796875,7.38510322570801,314772.3125,1.29258251190186,2.369,6.389210526315779,-1.273947368421048,0.02710526315789474
MAR,Morocco,1989,97331.4140625,7.53113079071045,329765.75,1.30980384349823,3.138,5.9053846153846195,-19.631282051282056,0.4964102564102566
MAR,Morocco,1990,101111.28125,7.80825328826904,344868.75,1.32725441455841,6.026,7.957750000000004,1.669499999999999,-0.7259999999999993
MAR,Morocco,1991,108137.703125,8.02536392211914,359820.4375,1.34702610969543,8.991,2.883658536585358,-15.921219512195108,0.09170731707317126
MAR,Morocco,1992,103777.7734375,8.18558406829834,373678.84375,1.36709237098694,5.74,-7.284999999999997,-6.162142857142854,-1.1504761904761902
MAR,Morocco,1993,102726.9921875,8.25742912292481,385950.0625,1.38745748996735,5.183,-7.775581395348823,16.141162790697663,-0.4237209302325575
MAR,Morocco,1994,113367.4765625,8.51270580291748,396868.3125,1.40812599658966,5.142,12.621136363636367,18.694318181818176,-0.3640909090909088
MAR,Morocco,1995,105908.515625,8.59372520446777,409884.3125,1.42910242080688,6.124,2.810666666666677,-11.27111111111111,-0.3759999999999999
MAR,Morocco,1996,118847.625,8.85231494903565,422557.5625,1.45208430290222,2.987,-0.7204347826086916,-14.656086956521731,2.172173913043479
MAR,Morocco,1997,116199.84375,9.02064895629883,437151.46875,1.47543573379517,1.041,-7.055106382978721,-3.2142553191489327,0.02595744680851064
MAR,Morocco,1998,125118.078125,9.28266716003418,455628.75,1.49916255474091,2.745,11.611875000000012,15.922708333333349,-0.7845833333333332
MAR,Morocco,1999,125780.4765625,9.51957511901856,476536.0625,1.52327108383179,0.69,16.484897959183698,5.617755102040832,-1.0285714285714285
MAR,Morocco,2000,127783.609375,9.55563354492188,496909.8125,1.54776728153229,1.923,14.385200000000012,23.195400000000006,-0.32800000000000007
MAR,Morocco,2001,137433.765625,9.58224964141846,516266.3125,1.56978118419647,0.613,23.023137254901982,42.92058823529412,-1.0015686274509803
MAR,Morocco,2002,141991.125,9.74832725524902,537651.25,1.59210824966431,2.779,9.130384615384642,8.545192307692318,0.4676923076923081
MAR,Morocco,2003,150960.65625,10.2126369476318,561379.5625,1.61475276947021,1.163,19.768113207547177,-15.616037735849048,0.44886792452830226
MAR,Morocco,2004,158209.578125,10.4073610305786,587712.3125,1.63771951198578,1.493,12.132037037037051,-3.446851851851818,-0.789444444444444
MAR,Morocco,2005,162921.875,10.5320444107056,616103.8125,1.66101276874542,0.983,23.001454545454564,-0.17418181818179335,-1.115090909090909
MAR,Morocco,2006,175564.375,10.4579286575317,648164.6875,1.68110632896423,3.285,20.1507142857143,-19.511071428571412,-0.08517857142857133
MAR,Morocco,2007,180314.828125,10.5959405899048,687185.8125,1.70144295692444,2.036,5.617192982456146,1.06122807017546,-0.7736842105263158
MAR,Morocco,2008,193163.328125,10.6577568054199,734386.125,1.71884727478027,3.891,7.890344827586219,7.952931034482773,0.41965517241379335
MAR,Morocco,2009,212872.5,10.7547645568848,778237.5,1.73449659347534,0.972,16.59661016949154,-15.891864406779632,0.672542372881356
MAR,Morocco,2010,223831.9375,10.9117965698242,817374.0625,1.75028824806213,1.001402,14.060000000000016,-25.186999999999983,1.911333333333333
MAR,Morocco,2011,240571.828125,10.987606048584,862501.5,1.76998937129974,0.8992377,16.149508196721314,-12.834098360655716,0.00999999999999978
MAR,Morocco,2012,248894.0625,10.9896764755249,907929.375,1.78991222381592,1.29494,24.75903225806452,2.5529032258064746,-0.22016129032258047
MAR,Morocco,2013,264107.59375,11.1445016860962,952649.5,1.81005918979645,1.89502,12.266031746031755,-0.907619047619022,-0.30666666666666664
MAR,Morocco,2014,277820.84375,11.2394914627075,995085.3125,1.83043313026428,0.4206696,16.03437500000001,-5.343437499999979,1.078125
MAR,Morocco,2015,289891,11.2173652648926,1037884.0625,1.85103631019592,1.565365,14.18769230769233,-11.751230769230744,-0.7984615384615386
MAR,Morocco,2016,291401.84375,11.1260423660278,1090464.125,1.87187135219574,1.649784,17.702727272727287,-15.223181818181786,-0.14636363636363603
MAR,Morocco,2017,306140.75,11.1917572021484,1142240.375,1.89294099807739,0.754,35.68850746268659,14.294029850746298,-0.9841791044776118
MAR,Morocco,2018,315525.75,11.4201860427856,1194168.75,1.91424775123596,1.79,-2.61632352941173,-3.5261764705882115,0.21029411764705896
MAR,Morocco,2019,324647.53125,11.4318046569824,1245164.625,1.93579435348511,0.24,18.081594202898582,-1.695072463768085,-1.1827536231884055
MAR,Morocco,2020,301343.625,11.4419183731079,1282119.25,1.95758354663849,0.7059687,24.77328571428575,-3.4608571428571224,-1.135857142857143
MAR,Morocco,2021,325917.5625,11.448878288269,1325512.75,1.98165833950043,1.398829,21.84436619718312,30.477887323943676,-0.9198591549295771
MAR,Morocco,2022,330894.96875,11.4235677719116,1363733.5,2.00658464431763,6.657042,27.740972222222258,1.1745833333333593,-0.8970833333333332
MAR,Morocco,2023,342156.5,11.5467500686646,1403223.875,2.03239965438843,6.091142,32.86095890410961,5.908493150684961,-1.2447945205479451
MEX,Mexico,1960,309941.28125,8.85681915283203,830701.125,1.57721865177155,5.21327,-0.6330000000000098,9.875,-0.16600000000000037
MEX,Mexico,1961,318761.5,9.10601902008057,884701.9375,1.59282803535461,1.801802,1.3145454545454385,-0.712727272727264,-0.6809090909090907
MEX,Mexico,1962,331232.71875,9.35822868347168,935840.625,1.60859179496765,0.884956,10.595,7.206666666666664,-1.474166666666667
MEX,Mexico,1963,363111.71875,9.62547969818115,1000840.375,1.62451148033142,0.877193,4.659999999999982,-2.8376923076923077,-0.3207692307692316
MEX,Mexico,1964,412760.96875,9.90282726287842,1084370.25,1.64058887958527,2.173913,-2.152857142857144,-7.9850000000000065,-1.2978571428571437
MEX,Mexico,1965,435792.21875,10.2033271789551,1179670.5,1.65682518482208,3.404255,1.120666666666665,-5.222666666666669,-0.10133333333333372
MEX,Mexico,1966,462774.125,10.5249328613281,1281582.75,1.6732223033905,4.526749,-9.779375000000002,-7.03625000000001,0.15499999999999936
MEX,Mexico,1967,489038.375,10.8569936752319,1385075,1.68978178501129,2.755906,-6.894117647058835,-7.582352941176488,0.945882352941176
MEX,Mexico,1968,533368.5625,11.193302154541,1508512.125,1.70650506019592,1.532567,-16.571111111111122,-12.221111111111114,-0.08666666666666778
MEX,Mexico,1969,552843.5625,11.538106918335,1611524.25,1.71987664699554,3.018868,-2.6489473684210623,-3.7778947368421143,0.9278947368421048
MEX,Mexico,1970,589416.4375,11.9223976135254,1720407.25,1.73269045352936,5.003397,-6.6965000000000146,6.060999999999993,0.6614999999999993
MEX,Mexico,1971,614003.4375,12.5797271728516,1821928.125,1.75052082538605,5.469021,-6.737619047619077,4.1223809523809365,-0.47000000000000064
MEX,Mexico,1972,666119.1875,13.2585277557373,1941039.875,1.76853466033936,4.943688,-2.0813636363636476,-0.8750000000000142,-0.03863636363636402
MEX,Mexico,1973,722133.6875,13.9747619628906,2083733,1.78673386573792,12.08194,-8.890869565217415,-2.0069565217391343,2.6430434782608687
MEX,Mexico,1974,766261.5625,14.7440032958984,2237338.75,1.80512034893036,23.78403,-6.2904166666666725,-9.363333333333344,0.992916666666666
MEX,Mexico,1975,809257.125,15.656982421875,2405505.5,1.82369601726532,14.94453,-5.388800000000018,10.031199999999984,0.4631999999999987
MEX,Mexico,1976,843559.625,16.33518409729,2567267,1.84246277809143,15.82472,-13.691538461538473,-11.79461538461539,0.24538461538461487
MEX,Mexico,1977,872601.4375,17.0368366241455,2705042,1.8614227771759,29.06413,7.4255555555555475,-8.097777777777793,-1.0137037037037038
MEX,Mexico,1978,944589.5,17.8510246276855,2875234.25,1.88057780265808,17.45729,5.280357142857127,-13.55857142857144,1.7624999999999993
MEX,Mexico,1979,1031064.4375,18.9527683258057,3094565,1.89993000030518,18.19125,3.0482758620689623,-4.4310344827586405,0.9317241379310336
MEX,Mexico,1980,1116891.375,20.1380939483643,3351841,1.91948139667511,26.35165,15.816666666666665,-6.503333333333352,0.7706666666666662
MEX,Mexico,1981,1215111.125,20.8153858184814,3657681,1.94414365291595,27.93376,-2.733548387096789,-19.76354838709679,3.785806451612902
MEX,Mexico,1982,1206519.5,21.531551361084,3874959.75,1.969123005867,58.91343,18.79187499999999,-3.4859375000000057,0.03750000000000053
MEX,Mexico,1983,1154689.125,21.6673717498779,3974376,1.99442315101624,101.8749,7.472424242424225,-12.400303030303045,1.876363636363637
MEX,Mexico,1984,1196253.125,22.5863094329834,4090092.75,2.02004837989807,65.44881,-5.557352941176475,-7.855588235294135,3.7211764705882366
MEX,Mexico,1985,1229416.375,23.7038650512695,4230042,2.04600286483765,57.74845,-0.3385714285714414,-15.59114285714287,0.5048571428571433
MEX,Mexico,1986,1183265,24.4803237915039,4328456,2.07229089736938,86.23331,4.05083333333333,-12.60805555555556,0.4108333333333345
MEX,Mexico,1987,1205223.5,25.35378074646,4424549,2.09891653060913,131.8274,0.2613513513513368,-12.4672972972973,0.4797297297297307
MEX,Mexico,1988,1220233.75,26.2646102905273,4539001.5,2.12588429450989,114.1622,5.434473684210516,-8.639210526315793,1.907105263157895
MEX,Mexico,1989,1271462.75,27.2572727203369,4658385.5,2.15319871902466,20.00788,16.67512820512819,-6.197692307692321,0.6682051282051296
MEX,Mexico,1990,1335904.375,28.222749710083,4776021,2.18086385726929,26.65167,5.158249999999995,-12.09275000000001,0.9815000000000014
MEX,Mexico,1991,1392309.625,29.140775680542,4913728,2.20346689224243,22.66236,8.652439024390233,3.102195121951219,1.597560975609757
MEX,Mexico,1992,1442831.75,30.0727043151855,5070182,2.22630405426025,15.5079,3.646428571428572,-20.331666666666663,1.6295238095238114
MEX,Mexico,1993,1490523,30.8355884552002,5253452,2.24937796592712,9.75146,9.16162790697676,-2.468837209302329,2.1216279069767454
MEX,Mexico,1994,1556018.625,31.7028961181641,5472600.5,2.27269101142883,6.965813,23.953409090909105,-3.0027272727272845,-1.2765909090909071
MEX,Mexico,1995,1464053,32.0049438476563,5543877.5,2.29624581336975,34.99926,15.37111111111112,3.323999999999998,1.781777777777779
MEX,Mexico,1996,1555092.375,33.0913467407227,5671429.5,2.32004451751709,34.37838,14.926956521739143,8.841739130434782,1.2330434782608712
MEX,Mexico,1997,1667041.5,33.926212310791,5844027,2.3440899848938,20.62563,11.98936170212768,-18.31638297872341,0.5568085106382998
MEX,Mexico,1998,1770149.25,35.2431602478027,6043366.5,2.36838483810425,15.92839,29.469583333333347,12.795208333333328,1.1452083333333345
MEX,Mexico,1999,1818917.5,36.6365661621094,6246603,2.39293122291565,16.58562,19.59816326530614,12.40408163265306,1.0618367346938786
MEX,Mexico,2000,1910395.875,37.8793334960938,6454623.5,2.41773200035095,9.49156,22.196200000000005,8.285999999999994,-0.0193999999999983
MEX,Mexico,2001,1901783,38.7622032165527,6614301,2.43708729743958,6.367737,21.780980392156877,-7.146470588235296,-0.3090196078431351
MEX,Mexico,2002,1897283.75,39.6087493896484,6760300,2.45659756660461,5.030733,24.712115384615416,5.410961538461535,-0.1630769230769209
MEX,Mexico,2003,1919776.875,40.2793235778809,6905019.5,2.47626376152039,4.546898,19.985849056603783,3.6288679245282864,0.12000000000000188
MEX,Mexico,2004,1988225.25,41.6296081542969,7068316.5,2.49608755111694,4.688407,9.635740740740772,-12.018333333333343,-0.40222222222222026
MEX,Mexico,2005,2030241.5,42.0791358947754,7243768,2.51607012748718,3.988061,23.080545454545486,-1.1798181818181843,0.8850909090909109
MEX,Mexico,2006,2127794.75,43.3784561157227,7449402.5,2.53621244430542,3.629463,21.96839285714286,4.461249999999993,0.729285714285715
MEX,Mexico,2007,2172007.5,44.2312469482422,7676115,2.55651617050171,3.96685,16.88298245614037,0.7129824561403453,0.9664912280701764
MEX,Mexico,2008,2192496.75,44.9435234069824,7925027,2.57141518592834,5.124982,13.65189655172415,9.250689655172408,3.0898275862068987
MEX,Mexico,2009,2054473.375,45.4353485107422,8104519,2.58525681495667,5.297357,27.530508474576266,2.453898305084742,-0.3925423728813539
MEX,Mexico,2010,2156608.25,46.1216239929199,8304676.5,2.59917283058167,4.156728,10.75166666666668,13.533,4.3340000000000005
MEX,Mexico,2011,2230883,47.1388893127441,8536764,2.61836075782776,3.40738,39.725409836065595,30.571147540983603,1.2029508196721324
MEX,Mexico,2012,2310150.75,48.7067375183106,8777368,2.63769030570984,4.111508,27.95467741935485,-2.3619354838709654,-0.14645161290322495
MEX,Mexico,2013,2329835.75,49.2273101806641,8984429,2.6571626663208,3.80639,18.160952380952395,8.995555555555548,3.335873015873017
MEX,Mexico,2014,2388169.25,49.4154167175293,9194518,2.67677879333496,4.018617,15.88718750000001,-3.095000000000006,1.1937500000000014
MEX,Mexico,2015,2452705.25,50.6113319396973,9423436,2.69653964042664,2.720641,17.36276923076923,-27.117384615384623,0.895384615384617
MEX,Mexico,2016,2496179.25,51.5947532653809,9648700,2.71644639968872,2.821708,24.909696969696967,-10.276515151515156,0.3418181818181827
MEX,Mexico,2017,2542901,52.340747833252,9855634,2.73650026321411,6.041456,27.48791044776118,-1.4431343283582194,1.2367164179104488
MEX,Mexico,2018,2593049,53.7211952209473,10053732,2.75670194625855,4.899351,19.393676470588233,-3.531911764705896,0.4585294117647072
MEX,Mexico,2019,2582866.5,55.1892433166504,10215500,2.7770528793335,3.635961,26.91260869565218,5.799275362318831,-0.12811594202898302
MEX,Mexico,2020,2367093,51.3814849853516,10279037,2.79755401611328,3.396834,32.98814285714285,8.086428571428563,0.8837142857142881
MEX,Mexico,2021,2510266.25,53.8702697753906,10393107,2.81556797027588,5.689209,20.913521126760557,12.482535211267589,1.3312676056338049
MEX,Mexico,2022,2603422,57.884391784668,10544608,2.83388257026672,7.896276,17.03305555555555,17.239166666666662,0.8327777777777792
MEX,Mexico,2023,2689214.75,59.4779663085938,10777758,2.85250401496887,5.527961,36.97972602739726,8.413013698630124,-1.1586301369863
MYS,Malaysia,1960,24908.861328125,2.54203701019287,56100.07421875,1.3535920381546,0.0631826,33.185,0.32399999999999984,-1.070999999999998
MYS,Malaysia,1961,26723.14453125,2.61175203323364,58623.33203125,1.36699223518372,-0.1804077,35.808181818181836,3.3645454545454543,-2.9236363636363585
MYS,Malaysia,1962,28362.501953125,2.68384385108948,61950.19921875,1.3805251121521,0.1084403,20.864166666666677,0.8341666666666665,6.540000000000003
MYS,Malaysia,1963,30242.884765625,2.75559234619141,65452.140625,1.39419198036194,3.105254,30.519230769230777,1.0500000000000016,1.9669230769230808
MYS,Malaysia,1964,31753.6953125,2.82936835289001,68931.3046875,1.40799415111542,-0.4027316,23.15928571428573,0.5050000000000008,2.2364285714285757
MYS,Malaysia,1965,34096.2265625,2.90342879295349,72890.1484375,1.42193293571472,-0.1054852,4.775333333333336,3.531333333333335,-0.9826666666666596
MYS,Malaysia,1966,36537.40625,2.97801375389099,77079.6875,1.43693518638611,0.967969,-34.96312499999999,-2.489374999999999,10.268750000000008
MYS,Malaysia,1967,37804.10546875,3.05341649055481,81564.65625,1.45209574699402,4.575562,-5.876470588235279,2.7870588235294136,3.97470588235295
MYS,Malaysia,1968,40558.9609375,3.12856340408325,86174.859375,1.46741616725922,-0.1583465,10.230000000000018,5.8322222222222235,2.2538888888888984
MYS,Malaysia,1969,42603.625,3.20320510864258,90167.7578125,1.48289835453033,-0.489274,20.721578947368418,0.5652631578947371,4.565263157894744
MYS,Malaysia,1970,45081.1796875,3.27625107765198,96548.515625,1.49854385852814,1.84394,15.74550000000002,-0.10299999999999798,5.597000000000012
MYS,Malaysia,1971,55419.01953125,3.40006566047668,107665.1015625,1.52688634395599,1.61304,-0.08428571428568432,-0.02809523809523728,1.5004761904762027
MYS,Malaysia,1972,60622,3.52888202667236,120356.3359375,1.55576491355896,3.23155,27.24954545454547,1.0931818181818187,-3.9877272727272626
MYS,Malaysia,1973,67715.4296875,3.66169905662537,135089.40625,1.58518970012665,10.5602,32.974782608695705,1.9456521739130448,5.165652173913056
MYS,Malaysia,1974,73348.453125,3.79895806312561,153241.203125,1.61517095565796,17.329,5.640833333333362,-0.10541666666666671,-0.7795833333333206
MYS,Malaysia,1975,73936.03125,3.94047665596008,168698.96875,1.64571940898895,4.48772,11.635200000000026,-2.0111999999999997,1.0016000000000105
MYS,Malaysia,1976,82485.609375,4.28352308273315,184534.515625,1.6763950586319,2.63371,19.01769230769233,3.536153846153846,-1.6469230769230665
MYS,Malaysia,1977,88880.765625,4.36809015274048,203032.859375,1.70764267444611,4.78822,26.17333333333336,0.5251851851851832,0.3340740740740813
MYS,Malaysia,1978,94794.8046875,4.44390869140625,222914.203125,1.73195719718933,4.86006,43.36857142857146,-1.1035714285714295,-1.2678571428571352
MYS,Malaysia,1979,103657.2578125,4.602707862854,247099.515625,1.75623464584351,3.65447,57.49310344827589,1.9544827586206883,1.6758620689655288
MYS,Malaysia,1980,111373.75,4.76912784576416,278447.84375,1.78085243701935,6.724,46.08666666666669,-1.570666666666666,-0.32999999999998764
MYS,Malaysia,1981,119105.2578125,5.0182409286499,315623.65625,1.81984746456146,9.7,45.59000000000003,3.810000000000001,-0.06935483870966763
MYS,Malaysia,1982,126221.2578125,5.21817970275879,354195.78125,1.85969662666321,5.834,43.835312500000015,1.9809374999999996,-6.65718749999999
MYS,Malaysia,1983,134067.875,5.41180086135864,394865.78125,1.90041816234589,3.704,62.87696969696971,2.280909090909093,-0.8354545454545352
MYS,Malaysia,1984,144474.109375,5.54932260513306,434749.03125,1.94203150272369,3.904,-1.2623529411764451,-4.236176470588235,5.729117647058832
MYS,Malaysia,1985,142920.296875,5.60472202301025,466634.75,1.98455595970154,2.587,23.713714285714303,1.064857142857143,-0.8345714285714187
MYS,Malaysia,1986,144496.625,5.68880462646484,487228.28125,2.02695083618164,0.35,25.215000000000003,-1.134722222222222,2.7886111111111234
MYS,Malaysia,1987,152285.6875,5.85304594039917,504538.6875,2.07025170326233,0.737,51.63351351351352,1.9459459459459456,2.903243243243253
MYS,Malaysia,1988,165684.46875,6.04969501495361,528107.5,2.11447715759277,0.29,35.044736842105266,-3.1452631578947363,8.99684210526317
MYS,Malaysia,1989,180894.78125,6.29833602905273,565729.5625,2.1596474647522,2.557,18.256153846153836,0.29538461538461647,-1.3338461538461424
MYS,Malaysia,1990,197192.765625,6.57248115539551,618126.125,2.2057828903198202,3.043,48.269750000000016,0.4580000000000002,-0.45049999999998747
MYS,Malaysia,1991,216015.734375,6.75363969802856,685051.6875,2.25257921218872,4.328,31.23243902439026,-0.3331707317073169,4.55048780487806
MYS,Malaysia,1992,235208.984375,6.93309354782105,758292.875,2.30036807060242,4.778,29.348809523809564,-0.8252380952380944,-3.977857142857133
MYS,Malaysia,1993,258482.78125,7.1979284286499,846785.875,2.34917092323303,3.547,21.996279069767468,-0.3860465116279075,1.0746511627907085
MYS,Malaysia,1994,282294.3125,7.38139009475708,950351.5625,2.39900898933411,3.687,30.936363636363662,0.2727272727272716,2.190227272727281
MYS,Malaysia,1995,310041.25,7.6687126159668,1082474.25,2.4499044418335,3.468,26.338888888888903,-2.5733333333333324,9.601555555555567
MYS,Malaysia,1996,341053.75,7.90168571472168,1221952.75,2.4793438911438,3.479,25.036304347826132,2.352608695652174,9.462826086956532
MYS,Malaysia,1997,366028.28125,8.1280403137207,1371837.25,2.50913667678833,2.655,51.91361702127662,0.08255319148936202,-2.9485106382978614
MYS,Malaysia,1998,339090.6875,8.12622547149658,1412740.625,2.53928780555725,5.293,84.65208333333337,-0.2891666666666657,2.83291666666668
MYS,Malaysia,1999,359902.78125,8.3655309677124,1445193.125,2.56658840179443,2.731,26.754489795918403,-0.6732653061224472,7.805102040816337
MYS,Malaysia,2000,391786.09375,8.81299018859863,1511946.375,2.58731245994568,1.551,39.679400000000015,-0.7797999999999989,5.13900000000001
MYS,Malaysia,2001,393814.28125,8.87453079223633,1574704.125,2.61509108543396,1.427,44.37137254901961,0.5454901960784326,4.198235294117659
MYS,Malaysia,2002,415044.75,9.1381254196167,1636063.25,2.64316821098328,1.793,71.87807692307695,3.575000000000003,-4.392499999999988
MYS,Malaysia,2003,439069.65625,9.41619110107422,1701002.625,2.67154669761658,1.074,49.511886792452856,3.8675471698113224,0.870377358490579
MYS,Malaysia,2004,468853.625,9.55192375183106,1768553.625,2.70022964477539,1.42,53.14500000000001,4.4659259259259265,-1.1957407407407317
MYS,Malaysia,2005,493853.59375,9.58206844329834,1845415.875,2.72922086715698,3.039,61.70872727272729,2.4247272727272726,-1.7139999999999915
MYS,Malaysia,2006,521434.5625,9.87366771697998,1926295.375,2.75938773155212,3.621,47.626785714285745,-2.3985714285714277,2.976607142857155
MYS,Malaysia,2007,554278.625,10.1433639526367,2021489.75,2.78988838195801,2.027,36.9412280701755,-0.01649122807017455,10.56438596491229
MYS,Malaysia,2008,581060.0625,10.1788272857666,2114925.75,2.82072591781616,5.429,26.774310344827622,-0.9662068965517232,12.812241379310358
MYS,Malaysia,2009,572265.5625,10.3842296600342,2201213.75,2.85190463066101,0.597,57.28050847457632,0.640169491525425,4.475084745762722
MYS,Malaysia,2010,614755.375,11.215950012207,2307528,2.88342761993408,1.72,66.12583333333339,-2.040499999999998,7.5005000000000095
MYS,Malaysia,2011,647300,12.313549041748,2421476,2.90448880195618,3.174,36.291803278688576,-3.277049180327867,6.127540983606568
MYS,Malaysia,2012,682729.6875,12.5110750198364,2576247,2.92570376396179,1.664,46.33645161290329,0.13580645161290406,7.578709677419368
MYS,Malaysia,2013,714775.125,13.2360506057739,2746272.5,2.94707369804382,2.105,48.870952380952446,-0.7263492063492061,7.898412698412709
MYS,Malaysia,2014,757709.6875,13.6337747573853,2923039.5,2.96859955787659,3.143,53.37734375000005,4.325000000000001,2.4050000000000153
MYS,Malaysia,2015,796288.5625,14.0659990310669,3104790.25,2.99028301239014,2.104394,65.64615384615391,1.62846153846154,0.5980000000000132
MYS,Malaysia,2016,831721.5,14.1628017425537,3288805.75,3.01212477684021,2.075793,90.10151515151524,-0.13621212121211812,0.7089393939394064
MYS,Malaysia,2017,880067.4375,14.4767990112305,3486282.5,3.03412580490112,3.799,57.996716417910505,-2.2441791044776087,9.238358208955232
MYS,Malaysia,2018,922689.6875,14.7758989334106,3681222,3.05628776550293,0.97,70.60382352941181,-1.0311764705882327,3.5525000000000126
MYS,Malaysia,2019,963409.9375,15.073296546936,3861843,3.07861137390137,0.663,90.990579710145,0.583768115942032,-1.8689855072463644
MYS,Malaysia,2020,910838.0625,14.9566974639893,3979777.75,3.10109806060791,-1.138702,69.84071428571437,-1.7245714285714264,9.4177142857143
MYS,Malaysia,2021,940874.625,15.064094543457,4084713.5,3.13224864006043,2.477103,49.28704225352121,1.149718309859157,10.215070422535224
MYS,Malaysia,2022,1022263.1875,15.3916921615601,4200586.5,3.16371178627014,3.378699,43.07250000000008,-1.7862499999999972,13.683194444444457
MYS,Malaysia,2023,1059885.5,15.5549440383911,4323859.5,3.20573282241821,2.795644,74.72246575342473,-1.9317808219178063,9.225753424657544
NGA,Nigeria,1960,154294.375,15.8104085922241,866532.4375,1.15172266960144,5.444327,25.39500000000001,5.200000000000003,-1.1209999999999996
NGA,Nigeria,1961,147866.953125,16.2026195526123,939486.375,1.15172493457794,6.279147,11.586363636363645,2.6572727272727263,-0.9690909090909088
NGA,Nigeria,1962,153470.953125,16.5991096496582,1005719.625,1.15172731876373,5.265632,6.390833333333347,-0.9141666666666596,-1.1383333333333328
NGA,Nigeria,1963,166772.921875,17.3844985961914,1079838,1.15172958374023,-2.694655,33.50923076923081,8.886153846153846,-2.4107692307692288
NGA,Nigeria,1964,172167.125,18.1794738769531,1169818.375,1.15173184871674,0.8567932,26.735714285714323,23.82142857142857,-3.8385714285714263
NGA,Nigeria,1965,164103.984375,19.1183891296387,1300463.5,1.15173423290253,4.103459,31.79333333333335,5.123333333333349,-3.202666666666665
NGA,Nigeria,1966,155751,19.5341548919678,1417429.5,1.15173649787903,9.690346,34.16625000000002,5.153125000000003,-3.1624999999999983
NGA,Nigeria,1967,131262.90625,18.8917503356934,1506524.125,1.15173888206482,-3.726337,2.1764705882352757,0.2600000000000193,0.6935294117647075
NGA,Nigeria,1968,132145.96875,19.1279411315918,1577272.375,1.15174114704132,-0.476059,12.25555555555556,-8.58444444444443,0.6250000000000018
NGA,Nigeria,1969,155561.671875,20.1353778839111,1663256.5,1.15174353122711,10.15598,10.510526315789464,-10.842631578947362,0.8921052631578963
NGA,Nigeria,1970,186429.9375,21.3434581756592,1862658.625,1.15174579620361,13.7571,17.714999999999975,-6.150499999999994,-0.05249999999999844
NGA,Nigeria,1971,212972.953125,21.2840137481689,2076454.625,1.15585267543793,0,10.44142857142856,-9.767619047619036,0.4500000000000019
NGA,Nigeria,1972,228275,21.4417152404785,2310878.75,1.15997421741486,0,25.706818181818164,-13.713636363636354,-0.6404545454545438
NGA,Nigeria,1973,242215.828125,21.7847023010254,2588942.25,1.1641104221344,1.666665,32.97913043478263,0.9826086956521892,1.3173913043478267
NGA,Nigeria,1974,268388.375,21.8221454620361,2794183.75,1.16826140880585,0,-17.81499999999997,-1.0083333333333258,2.192500000000001
NGA,Nigeria,1975,270260.21875,22.8033561706543,3088764.25,1.1724271774292,88.52459,-17.86239999999998,-8.437999999999988,1.594800000000001
NGA,Nigeria,1976,289457.3125,23.7811660766602,3527657.25,1.17660772800446,47.39131,-7.905384615384577,-16.173461538461538,-1.45653846153846
NGA,Nigeria,1977,313391.6875,24.6917304992676,4045459,1.1808032989502,5.604725,11.65740740740742,3.495555555555569,-1.5225925925925914
NGA,Nigeria,1978,304307.125,24.5193824768066,4534534,1.18501377105713,28.21228,3.641071428571479,-13.88928571428572,0.661785714285716
NGA,Nigeria,1979,295919.28125,24.5880584716797,4932056.5,1.18923926353455,4.575167,13.635517241379349,-9.14034482758622,1.7089655172413805
NGA,Nigeria,1980,302479.4375,26.0585994720459,5352926.5,1.19347989559174,12.29166,11.43100000000004,-1.3456666666666592,2.9520000000000017
NGA,Nigeria,1981,299753.8125,27.228536605835,5842178.5,1.19635963439941,24.30427,6.862258064516141,3.807741935483861,0.5967741935483879
NGA,Nigeria,1982,279360.375,27.5590648651123,6195560.5,1.19924628734589,7.611944,3.9078125000000057,-9.39125,-0.8818749999999991
NGA,Nigeria,1983,248842.8125,26.7924938201904,6427434.5,1.20213997364044,17.89181,14.30939393939397,9.193333333333328,-1.5051515151515131
NGA,Nigeria,1984,246066.671875,25.7737121582031,6527169,1.20504057407379,37.64706,21.678529411764742,-3.167058823529416,-1.0508823529411746
NGA,Nigeria,1985,260616.671875,26.0135631561279,6580819,1.20794820785522,5.9829,-1.2708571428571247,-9.256571428571448,0.46914285714285775
NGA,Nigeria,1986,260775.5,26.1719760894775,6635594.5,1.21086287498474,7.338709,5.654444444444465,-4.979444444444454,0.18611111111111267
NGA,Nigeria,1987,269120.625,26.8611068725586,6673739,1.21378457546234,11.34486,39.921621621621625,2.475135135135119,1.0010810810810824
NGA,Nigeria,1988,288858.03125,27.9434242248535,6725995.5,1.21671330928803,31.57895,5.511052631578934,-9.080000000000013,3.814736842105265
NGA,Nigeria,1989,294402.3125,28.6545581817627,6794344,1.21964907646179,51.28205,-2.7102564102563917,7.072820512820499,0.4669230769230781
NGA,Nigeria,1990,329073.71875,29.4383182525635,6896946.5,1.22259199619293,7.830513,18.91749999999999,5.375999999999976,0.10524999999999984
NGA,Nigeria,1991,330252.96875,30.7916278839111,6990191,1.24443328380585,12.2603,-1.193902439024356,-7.585121951219534,1.3026829268292692
NGA,Nigeria,1992,345547.625,31.3028888702393,7079091.5,1.26666474342346,43.48922,-10.89547619047616,-6.574523809523825,0.09166666666666767
NGA,Nigeria,1993,338515.3125,31.5095653533936,7183652.5,1.28929328918457,58.09915,14.717906976744215,-2.9016279069767563,-0.8004651162790699
NGA,Nigeria,1994,332371.5,31.6105308532715,7274204.5,1.31232619285584,56.857170000000004,-6.486590909090893,-1.0456818181818477,2.8077272727272735
NGA,Nigeria,1995,332130,32.385181427002,7340189.5,1.33577060699463,72.87322,9.597555555555545,-2.0824444444444765,1.8853333333333344
NGA,Nigeria,1996,346065.9375,32.9294471740723,7423190.5,1.35963368415833,29.38953,12.928913043478277,7.53282608695649,1.0343478260869574
NGA,Nigeria,1997,356230.25,33.3948822021484,7519777,1.38392329216003,10.72019,16.503829787234025,-0.4474468085106622,-0.5476595744680841
NGA,Nigeria,1998,365425.4375,33.5376586914063,7617901,1.40864670276642,7.867811,24.190000000000023,14.49187499999998,1.0637500000000015
NGA,Nigeria,1999,367559.96875,34.4160575866699,7724364.5,1.4338116645813,6.598716,1.83632653061224,1.0161224489795586,2.442040816326532
NGA,Nigeria,2000,385996.53125,35.3947410583496,7852168.5,1.45942640304565,6.889396,6.779600000000016,20.255799999999965,0.4632000000000005
NGA,Nigeria,2001,408838.59375,35.9541053771973,7887934,1.4883189201355,18.8371,10.68666666666664,9.288627450980371,-0.19588235294117595
NGA,Nigeria,2002,471510.09375,37.7908401489258,7946099,1.5177835226059,12.88807,10.191153846153869,0.2399999999999665,-0.00211538461538385
NGA,Nigeria,2003,506152.84375,38.337776184082,8061898.5,1.54783141613007,14.01068,19.91886792452829,-1.3845283018868173,-0.9320754716981136
NGA,Nigeria,2004,552974.8125,39.9258460998535,8093626,1.57847416400909,15.05604,22.120000000000033,3.161111111111083,-0.564814814814814
NGA,Nigeria,2005,588578,41.6947364807129,8131324.5,1.60972356796265,17.82387,19.78781818181821,3.893636363636333,-0.6345454545454547
NGA,Nigeria,2006,624243,43.3118362426758,8290999,1.64159166812897,8.280764,26.724464285714276,10.744107142857118,-0.3332142857142859
NGA,Nigeria,2007,665387.4375,45.3747901916504,8348293.5,1.6740905046463,5.420366,10.535614035087749,7.26561403508768,1.6926315789473687
NGA,Nigeria,2008,710397.875,47.6819572448731,8397740,1.70723295211792,11.57233,11.103965517241392,12.070344827586185,1.8934482758620683
NGA,Nigeria,2009,767492,49.4232215881348,8479181,1.7331268787384,12.56511,35.975762711864405,5.105762711864372,0.19135593220338976
NGA,Nigeria,2010,841944.1875,52.1017570495606,8564983,1.75892567634583,13.73615,32.85616666666664,7.640666666666632,1.3881666666666677
NGA,Nigeria,2011,883093.1875,54.4081649780273,8625162,1.78164064884186,10.81312,25.567540983606538,12.705409836065542,-0.6845901639344261
NGA,Nigeria,2012,920883.1875,56.1841430664063,8694392,1.80464899539948,12.19885,7.775161290322558,1.8304838709677111,2.016451612903225
NGA,Nigeria,2013,970558,57.7522163391113,8799561,1.82795441150665,8.48239,13.611746031746035,-0.5385714285714585,0.2244444444444449
NGA,Nigeria,2014,1031798.8125,60.3430633544922,8966574,1.85156083106995,8.041389,20.059062499999985,-8.480156250000036,2.7109375
NGA,Nigeria,2015,1059168.75,63.412109375,9138001,1.87547206878662,9.011947,18.57046153846153,7.800307692307655,0.6492307692307699
NGA,Nigeria,2016,1042042.8125,65.8733367919922,9274641,1.89969217777252,15.68712,28.439090909090936,-2.8478787878788268,1.6793939393939397
NGA,Nigeria,2017,1050441,70.0830688476563,9399214,1.9242250919342,16.502,30.484626865671657,7.694626865671594,1.044328358208955
NGA,Nigeria,2018,1070637.625,72.1353912353516,9573503,1.94907462596893,12.1,16.696323529411757,-6.6785294117647425,0.9089705882352944
NGA,Nigeria,2019,1094282.75,73.8393859863281,9781682,1.97424519062042,11.397,16.79434782608689,-6.691739130434826,2.3857971014492767
NGA,Nigeria,2020,1074647.75,75.4088973999023,9944910,1.99974083900452,13.247,21.78442857142852,8.593857142857104,1.831714285714285
NGA,Nigeria,2021,1113843.375,77.4411849975586,10090135,2.02987694740295,16.95279,37.19760563380271,19.192816901408406,0.6459154929577471
NGA,Nigeria,2022,1150060.875,80.6709518432617,10246269,2.08037233352661,18.53079,10.440972222222172,17.08624999999995,2.676944444444445
NGA,Nigeria,2023,1182955.75,84.5971527099609,10428547,2.13435983657837,23.31589,43.19794520547936,-1.7778082191781266,1.1302739726027404
PAK,Pakistan,1960,52626.50390625,13.3260059356689,74731.2265625,1.12234890460968,6.947369,5.049000000000007,25.584000000000017,-0.7630000000000008
PAK,Pakistan,1961,55603.58203125,13.6097564697266,84420.7109375,1.12972688674927,1.64042,-5.849999999999994,-16.25181818181818,0.5463636363636364
PAK,Pakistan,1962,59143.66015625,13.9031705856323,95481.84375,1.13715350627899,-0.5164622,-2.0324999999999704,0.43250000000000455,-1.1691666666666665
PAK,Pakistan,1963,63626.95703125,14.2038011550903,109982.09375,1.14462876319885,1.456488,8.063846153846157,16.169230769230765,-1.859230769230769
PAK,Pakistan,1964,68001.1953125,14.5110626220703,125374.28125,1.1521532535553,4.179587,4.0378571428571775,20.944285714285712,0.3535714285714291
PAK,Pakistan,1965,74208.859375,14.8254356384277,144248.203125,1.15972721576691,5.568635,7.398666666666685,14.787999999999982,-1.0999999999999992
PAK,Pakistan,1966,79880.046875,15.1472911834717,159440.984375,1.16606414318085,7.227622,1.4562500000000114,23.533749999999984,-0.8412499999999996
PAK,Pakistan,1967,83190.1953125,15.4763832092285,173612.109375,1.17243552207947,6.811399,-5.039411764705875,-18.64058823529412,1.2082352941176469
PAK,Pakistan,1968,87779.625,15.8126554489136,184016.875,1.17884182929993,0.1706274,3.000555555555593,24.284999999999997,-1.7688888888888885
PAK,Pakistan,1969,94508.9921875,16.1564159393311,192925.8125,1.18528306484222,3.186987,12.892631578947372,7.2768421052631425,-0.7957894736842097
PAK,Pakistan,1970,105135.1015625,16.6700134277344,206542.84375,1.19175958633423,5.34984,8.52800000000002,-0.08700000000001751,-1.2459999999999996
PAK,Pakistan,1971,106765.1796875,16.7456436157227,218398.6875,1.1994903087616,4.73069,10.83190476190478,19.88714285714283,-1.356666666666666
PAK,Pakistan,1972,108318.609375,18.0397396087647,228241.828125,1.20727133750916,5.18324,-0.7204545454545439,-12.066818181818192,-0.4549999999999992
PAK,Pakistan,1973,115416.625,18.5814838409424,237870.40625,1.2151026725769,23.0701,4.250869565217386,3.7578260869564986,0.654782608695653
PAK,Pakistan,1974,121556.671875,18.88796043396,249202.09375,1.22298491001129,26.663,7.503750000000025,26.36125,-1.8124999999999991
PAK,Pakistan,1975,125482.9765625,19.1237831115723,260088.59375,1.2309182882309,20.9045,-5.286399999999986,-4.483200000000011,0.8300000000000005
PAK,Pakistan,1976,131263.390625,19.693452835083,280253.21875,1.23758542537689,7.15832,-9.473076923076915,-9.010769230769256,0.8680769230769236
PAK,Pakistan,1977,136250.875,20.2806968688965,301110,1.24428856372833,10.133,12.827777777777785,-21.567037037037053,-0.37407407407407334
PAK,Pakistan,1978,147154.359375,20.8966064453125,319990.28125,1.25102806091309,5.627669,-3.1303571428571217,-15.95678571428573,0.6992857142857147
PAK,Pakistan,1979,154225.859375,21.8417453765869,336132.125,1.25780403614044,8.577897,-5.41241379310344,-12.836551724137934,0.26517241379310397
PAK,Pakistan,1980,167643.734375,22.5103702545166,351721.1875,1.26461672782898,12.0551,4.6980000000000075,-14.99866666666668,-0.513666666666666
PAK,Pakistan,1981,179254.65625,23.1984176635742,364860.15625,1.2761857509613,11.62868,-1.513548387096762,-16.69483870967744,0.47290322580645183
PAK,Pakistan,1982,190973.390625,23.9160575866699,380031.25,1.28786051273346,5.934878,-7.816249999999997,-35.96312500000001,-0.37187499999999973
PAK,Pakistan,1983,203918.328125,23.911434173584,397705.28125,1.29964208602905,7.428634,-11.00939393939393,-13.193333333333342,0.8593939393939398
PAK,Pakistan,1984,214247.1875,24.6531181335449,416118.28125,1.3115314245224,7.150331,5.434411764705914,7.594705882352926,-0.6358823529411768
PAK,Pakistan,1985,230513.09375,24.9333305358887,437865.34375,1.32352960109711,7.083236,6.989142857142866,7.237714285714276,0.04228571428571381
PAK,Pakistan,1986,243195.109375,24.9999179840088,460393.75,1.33036029338837,2.256556,0.06500000000002615,-11.923333333333346,0.5011111111111104
PAK,Pakistan,1987,258886.875,26.5443210601807,483510.4375,1.33722615242004,4.351122,6.5632432432432495,27.70891891891891,-0.31243243243243324
PAK,Pakistan,1988,278627.75,26.814359664917,503787.15625,1.34412741661072,8.847784,9.880526315789467,5.499736842105278,0.63578947368421
PAK,Pakistan,1989,292447.03125,26.8679981231689,526359.75,1.35106444358826,7.857759,-1.772820512820516,-3.1712820512820343,-0.4805128205128213
PAK,Pakistan,1990,305486.03125,27.5560436248779,549910.9375,1.35803711414337,9.068419,2.661500000000018,-6.161999999999992,0.4514999999999989
PAK,Pakistan,1991,320948.40625,28.400806427002,572125.0625,1.37589919567108,11.72094,-5.753414634146338,13.98829268292684,-0.46951219512195186
PAK,Pakistan,1992,345678.46875,29.4579772949219,600271.9375,1.39399611949921,9.926827,-14.57642857142858,-21.66476190476189,1.6716666666666669
PAK,Pakistan,1993,351756.5625,29.9888858795166,628515.5625,1.41233110427856,9.970386,6.27255813953488,10.499069767441869,-0.3572093023255811
PAK,Pakistan,1994,364903.15625,30.8409214019775,653576.5625,1.43090724945068,12.3768,-4,-24.039545454545433,2.2909090909090906
PAK,Pakistan,1995,383011.90625,31.3008403778076,679484.625,1.44972765445709,12.33484,-4.99111111111111,-20.97533333333331,0.9599999999999996
PAK,Pakistan,1996,419779.4375,32.4116554260254,711344.375,1.4692747592926,10.35813,3.097391304347809,13.500652173913068,0.07913043478260873
PAK,Pakistan,1997,443260.5625,33.2995185852051,741490.8125,1.4890855550766,11.36488,-18.91851063829787,-38.846595744680826,0.19744680851063776
PAK,Pakistan,1998,475171.5,34.2196006774902,771870.75,1.5091632604599,6.221138,5.845624999999984,12.412708333333356,0.1133333333333324
PAK,Pakistan,1999,514892.75,35.1819496154785,800408.6875,1.52951180934906,4.16436,14.526326530612238,12.739387755102058,-0.9589795918367354
PAK,Pakistan,2000,561163.6875,36.3199996948242,837203.375,1.55013465881348,4.350451,14.485799999999983,26.484600000000015,-2.3398000000000008
PAK,Pakistan,2001,581653.6875,37.8935966491699,876089.625,1.60251486301422,3.584332,15.361764705882337,19.945294117647062,-1.083921568627452
PAK,Pakistan,2002,596746.5,39.6000022888184,909414.8125,1.65666508674622,3.695965,14.216346153846132,12.501730769230775,-1.993076923076924
PAK,Pakistan,2003,628978.6875,40.5302772521973,950869.875,1.71178531646729,2.872183,6.9081132075471885,-2.0241509433962364,0.28452830188679146
PAK,Pakistan,2004,678235.5625,41.9790000915527,1001917.1875,1.75520408153534,7.436154,21.57018518518518,16.943333333333328,-1.2607407407407418
PAK,Pakistan,2005,727587.9375,44.9774322509766,1062968.75,1.79972422122955,9.05786,2.548000000000002,14.325272727272718,-0.4578181818181832
PAK,Pakistan,2006,771618.875,46.9165344238281,1147123.375,1.7976154088974,7.917809,11.492499999999978,-28.08053571428573,0.6003571428571419
PAK,Pakistan,2007,805916,47.6166496276856,1229183,1.79550898075104,7.595497,8.550877192982455,-8.477894736842117,0.6198245614035081
PAK,Pakistan,2008,823004.875,49.0409126281738,1313318.625,1.79340529441834,19.74955,16.613448275862027,-11.701724137931052,0.00913793103448146
PAK,Pakistan,2009,851584.1875,50.7900047302246,1386139,1.79130387306213,12.16321,8.271864406779656,4.80661016949152,-1.2710169491525436
PAK,Pakistan,2010,864372.5,53.1195487976074,1443517.125,1.78920495510101,12.93287,14.824000000000012,12.31649999999999,1.2001666666666648
PAK,Pakistan,2011,887538.75,53.8346138000488,1484785,1.81359827518463,11.9175,8.010983606557346,-14.695409836065592,0.21049180327868733
PAK,Pakistan,2012,914409.75,54.833797454834,1527533.375,1.82945501804352,9.684949,0.5917741935483605,-7.178387096774202,-0.732903225806453
PAK,Pakistan,2013,954340.75,56.00439453125,1569915.375,1.84366619586945,7.689732,1.5023809523809462,-23.704444444444466,0.2987301587301574
PAK,Pakistan,2014,993625.5,56.5200004577637,1613361.625,1.87967920303345,7.196913,-1.3910937500000102,-2.914062500000014,-1.085937500000001
PAK,Pakistan,2015,1035536.125,57.4199981689453,1673811.5,1.87725651264191,2.548751,0.7703076923076821,-10.789230769230784,0.9007692307692294
PAK,Pakistan,2016,1103610.5,59.1431007385254,1744765.125,1.87483704090118,3.754735,15.248636363636365,16.954242424242423,-0.9028787878787892
PAK,Pakistan,2017,1152529.375,60.2872200012207,1823584.75,1.87242066860199,4.148,14.701044776119405,5.271194029850733,-0.729402985074628
PAK,Pakistan,2018,1223429.625,61.7038383483887,1916122.625,1.81014931201935,5.07,14.904852941176443,13.843676470588235,-1.8786764705882364
PAK,Pakistan,2019,1253986.5,60.9200897216797,1974503.5,1.77026915550232,6.738,-4.551159420289878,-43.35695652173914,0.07855072463768042
PAK,Pakistan,2020,1238009.625,62.2308197021484,2013982.875,1.76825952529907,9.739993,-1.5761428571428835,-17.737571428571442,1.11742857142857
PAK,Pakistan,2021,1318652.125,63.6218757629395,2057290.125,1.76625752449036,9.49621,16.176056338028133,4.672253521126748,-1.5983098591549303
PAK,Pakistan,2022,1381519.375,65.7262420654297,2103525.75,1.76426291465759,19.87386,12.131388888888864,-4.502638888888896,2.483888888888888
PAK,Pakistan,2023,1381452.25,67.4123840332031,2112944.5,1.76227569580078,30.76813,5.565205479452004,-24.830958904109607,-0.9101369863013709
PER,Peru,1960,60503.796875,3.10287356376648,148237.859375,1.47719466686249,8.625313,46.718,5.8430000000000035,-1.916000000000004
PER,Peru,1961,64969.78515625,3.1657600402832,155563.78125,1.49057984352112,6.020378,39.5909090909091,8.701818181818187,-1.2818181818181849
PER,Peru,1962,70399.1796875,3.2373902797699,163829.46875,1.50408637523651,6.618197,37.58166666666667,9.72666666666667,-2.3750000000000036
PER,Peru,1963,73001.09375,3.30067849159241,170948.8125,1.51771521568298,6.022694,45.01076923076924,5.518461538461544,-1.5123076923076937
PER,Peru,1964,77820.125,3.36638188362122,178340.453125,1.53146767616272,9.853859,26.425714285714285,3.4542857142857173,-1.8642857142857157
PER,Peru,1965,81660.0625,3.4336884021759,186953.578125,1.54534459114075,16.36269,23.424000000000007,-3.045999999999996,-1.4000000000000004
PER,Peru,1966,88522.09375,3.50261831283569,198704.25,1.56295943260193,8.888847,26.81,2.3143749999999983,0.3774999999999995
PER,Peru,1967,91873.890625,3.5700147151947,208895.671875,1.580775141716,11.45533,8.312941176470588,-7.421764705882349,-0.37470588235293967
PER,Peru,1968,92199.984375,3.63387203216553,212690.765625,1.59879386425018,19.11669,4.851111111111116,2.0505555555555546,1.0461111111111112
PER,Peru,1969,95670.8125,3.69861459732056,217536.09375,1.61701786518097,6.230582,22.575789473684218,-2.467368421052626,-0.6389473684210518
PER,Peru,1970,101269.8828125,3.87067794799805,223465.53125,1.63544976711273,5.02524,14.177000000000008,-0.46400000000000574,0.08300000000000018
PER,Peru,1971,105918.71875,4.02240085601807,231961.765625,1.66976809501648,6.79064,-6.048095238095243,-8.061904761904763,3.929047619047619
PER,Peru,1972,109602.078125,4.19636964797974,238739.25,1.70480644702911,7.21972,30.116818181818175,-0.4954545454545461,1.000454545454545
PER,Peru,1973,116481.734375,4.365882396698,254852.09375,1.73278832435608,9.48905,11.167391304347817,-7.383913043478259,2.686956521739134
PER,Peru,1974,127415.6875,4.55026531219482,279658.5,1.76012444496155,16.8917,-0.127916666666664,-5.2862499999999955,0.06500000000000306
PER,Peru,1975,132895.65625,4.67280912399292,301304.9375,1.78789174556732,23.6187,-12.152799999999992,-6.3748000000000005,3.3224000000000036
PER,Peru,1976,134818.796875,4.81312322616577,315645.03125,1.81788694858551,33.4833,10.70461538461538,-5.339615384615385,0.22461538461538663
PER,Peru,1977,135289.40625,4.91679239273071,324859.03125,1.8483852148056,38.0541,17.48814814814815,-7.081851851851852,0.45629629629629775
PER,Peru,1978,131714.375,5.04304122924805,331448.90625,1.87939524650574,57.8488,15.003571428571432,-3.868928571428569,1.4200000000000017
PER,Peru,1979,137102.484375,5.17312812805176,343081,1.91092550754547,66.6944,22.77620689655172,-0.585517241379307,-1.508965517241375
PER,Peru,1980,145250.953125,5.37688636779785,367001.625,1.94298470020294,59.145,32.126999999999995,-3.6260000000000017,-1.7886666666666624
PER,Peru,1981,153315.34375,5.60239267349243,398966,1.96504175662994,75.433,13.54064516129032,1.250967741935483,3.62903225806452
PER,Peru,1982,152973.875,5.78530836105347,424407.40625,1.987349152565,64.46,11.487500000000004,-2.218124999999997,3.215625000000001
PER,Peru,1983,137052.203125,6.08304643630981,430703.65625,2.00990986824036,111.149,41.68939393939394,-4.50090909090909,2.89818181818182
PER,Peru,1984,141997.453125,6.30303812026978,435262.84375,2.03272652626038,110.209,0.9332352941176438,-10.298529411764708,2.332941176470589
PER,Peru,1985,144924.203125,6.44682550430298,436062.34375,2.05580234527588,163.398,1.5365714285714276,-4.694285714285716,0.9462857142857146
PER,Peru,1986,158584.703125,7.00191211700439,446335.125,2.08478283882141,77.921,-4.616111111111117,-2.81388888888889,3.8800000000000026
PER,Peru,1987,174008.90625,7.275315284729,465018.1875,2.11417174339294,75,22.58864864864865,-4.1578378378378424,3.1251351351351353
PER,Peru,1988,157580.25,7.32308626174927,477973.15625,2.14397478103638,576.1905,20.524210526315777,-1.2084210526315822,1.5628947368421071
PER,Peru,1989,138178.890625,7.49943399429321,480663.75,2.17419815063477,3407.746,6.297948717948714,-5.127435897435898,3.0028205128205148
PER,Peru,1990,131294.046875,7.72327852249146,483632.65625,2.20484733581543,7356.816,2.890499999999996,-5.399250000000002,1.3777500000000025
PER,Peru,1991,134207.796875,8.24771308898926,490478.59375,2.23738241195679,424.5907,11.519999999999987,-0.5975609756097562,0.844146341463416
PER,Peru,1992,133482.390625,8.24919414520264,499556,2.27039742469788,73.52863,12.215714285714284,-2.8433333333333373,1.0240476190476215
PER,Peru,1993,140481.640625,8.50446319580078,513169.5,2.30389952659607,48.57981,4.391627906976737,-5.947209302325586,3.3702325581395396
PER,Peru,1994,157772.640625,8.96049690246582,539402.0625,2.33789587020874,23.73453,10.601818181818174,-5.0520454545454605,4.803636363636366
PER,Peru,1995,169465.796875,9.45002937316895,572993.125,2.37239408493042,11.1305,25.636222222222216,3.760222222222218,-0.1431111111111072
PER,Peru,1996,174209.09375,9.83863830566406,603844.75,2.42212414741516,11.54905,10.78891304347826,-1.6015217391304404,-1.5199999999999942
PER,Peru,1997,185492.3125,10.0837860107422,641876.5625,2.47289657592773,8.546695,27.079361702127656,-2.9874468085106507,-0.3676595744680818
PER,Peru,1998,184766.03125,10.5295600891113,677592.9375,2.52473306655884,7.25496,31.345208333333332,2.424791666666657,3.450000000000003
PER,Peru,1999,187528.125,10.854040145874,705034.75,2.57186794281006,3.469321,2.1055102040816394,-1.2246938775510294,-0.5204081632653033
PER,Peru,2000,192580.8125,11.3204860687256,728714.6875,2.60804152488709,3.758542,8.573399999999992,-4.34020000000001,0.03000000000000113
PER,Peru,2001,193770.78125,11.4839658737183,747611.8125,2.64082050323486,1.975391,13.025294117647064,-2.795098039215695,-1.5605882352941158
PER,Peru,2002,204338.125,11.7225522994995,766828.375,2.67401123046875,0.1918994,18.324807692307687,-5.381346153846163,-1.3305769230769204
PER,Peru,2003,212848.84375,11.9215965270996,788982,2.70761942863464,2.261225,19.409056603773593,0.19018867924527427,-0.5654716981132051
PER,Peru,2004,223402.328125,12.2204704284668,814781.625,2.74164962768555,3.661546,21.89962962962963,-3.4333333333333407,-2.054999999999998
PER,Peru,2005,237443.296875,12.4795579910278,846175.25,2.77610778808594,1.617699,39.34145454545455,8.859090909090899,-1.1876363636363614
PER,Peru,2006,255320.1875,12.9000043869019,887886.3125,2.75700330734253,2.001382,29.29892857142856,4.3208928571428515,0.3035714285714288
PER,Peru,2007,277069.3125,13.2694931030273,943838.5,2.73803019523621,1.778683,25.13491228070174,2.565087719298244,1.0982456140350898
PER,Peru,2008,302356.25,13.5634441375732,1019967.75,2.71918773651123,5.787881,26.89155172413794,1.9808620689655108,1.759310344827588
PER,Peru,2009,305669.53125,13.8672952651978,1087148.875,2.70047473907471,2.935345,26.12576271186441,-2.102711864406789,3.149491525423729
PER,Peru,2010,331139.34375,14.2233390808105,1173913,2.68189072608948,1.529527,43.05033333333334,4.632333333333328,0.7270000000000021
PER,Peru,2011,352091.15625,14.5786247253418,1267724.375,2.69885945320129,3.369665,23.30459016393442,-2.403606557377053,1.6950819672131168
PER,Peru,2012,373708.59375,14.9419994354248,1376378.75,2.71593523025513,3.655414,27.888709677419357,-0.8448387096774255,4.5677419354838715
PER,Peru,2013,395579.90625,15.20725440979,1487837.75,2.73311901092529,2.805587,26.166031746031734,-6.971428571428575,3.645238095238094
PER,Peru,2014,405003.3125,15.5599174499512,1590777.5,2.75041174888611,3.246203,20.827187499999994,-1.3425000000000047,4.388281249999999
PER,Peru,2015,418174.96875,15.8877515792847,1677864.5,2.76781368255615,3.547849,29.816769230769225,-1.561846153846158,4.07076923076923
PER,Peru,2016,434706.78125,16.0555419921875,1754756.25,2.78532600402832,3.593084,43.71499999999999,3.281818181818174,2.849090909090908
PER,Peru,2017,445656.3125,16.34743309021,1830841.25,2.80294895172119,2.803832,28.88253731343283,5.242835820895522,6.826567164179103
PER,Peru,2018,463345.96875,16.6498985290527,1912172,2.82068347930908,1.316711,16.74779411764706,-2.424264705882358,3.816176470588235
PER,Peru,2019,473727.84375,17.3162326812744,1995610,2.83853006362915,2.135846,25.165072463768126,-0.26913043478261045,7.940869565217394
PER,Peru,2020,421933.75,17.9068508148193,2050502.625,2.85648965835571,1.827303,42.19557142857144,4.1647142857142825,2.637428571428572
PER,Peru,2021,478283.96875,18.4664611816406,2149082.25,2.83546948432922,3.979015,27.69126760563381,0.946056338028164,4.440281690140845
PER,Peru,2022,491319.59375,19.0347537994385,2245606.5,2.81483864784241,7.877236,30.196666666666673,9.032916666666662,3.6386111111111106
PER,Peru,2023,488616.46875,18.9144153594971,2327965.5,2.7945890426635702,6.264341,47.16301369863015,6.919178082191774,4.358767123287674
PHL,Philippines,1960,84461.4765625,8.30547428131104,170747.671875,1.49770855903625,5.01548,19.342,2.7620000000000022,-1.3349999999999973
PHL,Philippines,1961,89242.3046875,8.99216842651367,180481.125,1.51683616638184,3.596698,8.27363636363637,3.550909090909093,-3.0836363636363657
PHL,Philippines,1962,93624.7421875,9.37831401824951,189606.890625,1.53620827198029,1.992032,4.024166666666673,2.025000000000002,-2.256666666666664
PHL,Philippines,1963,99999.1953125,9.76542663574219,201619.765625,1.55582761764526,7.589286,8.284615384615392,11.41923076923077,-4.863076923076925
PHL,Philippines,1964,103584.828125,10.2828731536865,215265.21875,1.57569766044617,7.209544,-43.277142857142856,0.6935714285714294,1.9942857142857164
PHL,Philippines,1965,109162.46875,10.0397186279297,229643.140625,1.59582138061523,1.064344,-49.322,-0.7026666666666657,-3.5586666666666673
PHL,Philippines,1966,113943.3046875,10.6836080551147,243357.65625,1.61909878253937,3.494495,-22.749375000000008,4.731250000000001,-4.986249999999998
PHL,Philippines,1967,119919.3515625,11.2107887268066,259002.5,1.64271569252014,5.226642,6.218823529411765,5.1529411764705895,-6.452941176470587
PHL,Philippines,1968,125895.3984375,11.1621580123901,273920.96875,1.66667723655701,2.021978,25.403333333333336,9.456666666666669,-6.844444444444443
PHL,Philippines,1969,131871.453125,10.9277496337891,289248.4375,1.69098806381226,1.378716,35.12631578947369,8.508947368421055,-2.2742105263157875
PHL,Philippines,1970,136652.296875,11.0473861694336,302261.84375,1.71405136585236,14.3815,23.5,-1.2764999999999969,3.169500000000003
PHL,Philippines,1971,144016.5,12.1999788284302,316847.9375,1.73400378227234,20.61276,-4.769047619047626,-1.7457142857142838,4.368571428571428
PHL,Philippines,1972,151837.140625,12.2563028335571,331025.375,1.75418841838837,13.98126,2.847727272727269,-1.9463636363636336,2.9499999999999993
PHL,Philippines,1973,165171.5,13.523063659668,345630.71875,1.7746080160141,15.59304,43.09391304347827,8.61826086956522,0.9317391304347816
PHL,Philippines,1974,170778.40625,13.484637260437,364635.90625,1.7952653169632,31.35982,7.85833333333332,-2.63083333333333,6.032916666666669
PHL,Philippines,1975,180087.734375,14.1705360412598,393897.78125,1.81616306304932,4.627641,13.164,-3.785599999999997,3.8216
PHL,Philippines,1976,195896.5625,13.906439781189,430646.53125,1.8453871011734,9.571033,-0.20230769230769852,-4.089999999999998,4.2146153846153815
PHL,Philippines,1977,206794.21875,13.9547748565674,466970.9375,1.87508141994476,9.856509,11.94518518518518,-0.8785185185185149,5.338518518518519
PHL,Philippines,1978,217531.765625,15.6959733963013,505985.6875,1.90525364875793,7.148085,14.848571428571418,1.272857142857147,8.877857142857142
PHL,Philippines,1979,229703.90625,15.8419752120972,550332.0625,1.93591129779816,17.60194,26.99655172413793,0.4789655172413845,4.681724137931038
PHL,Philippines,1980,241650.15625,16.0088863372803,598669.5625,1.96706223487854,17.41727,9.876666666666663,-2.446999999999994,5.135666666666669
PHL,Philippines,1981,249919.9375,16.9640197753906,653874.375,1.99973046779633,10.9575,8.808064516129036,0.03193548387097067,4.900000000000002
PHL,Philippines,1982,259162.984375,16.8753814697266,710716.75,2.03294110298157,10.25492,-1.947187499999984,-2.1290624999999963,0.5768750000000011
PHL,Philippines,1983,264079.1875,18.6602172851563,772513.625,2.06670355796814,9.616283,31.881818181818204,10.455454545454549,-2.140606060606057
PHL,Philippines,1984,245489.640625,19.0395069122314,800477.375,2.10102653503418,49.77867,-5.965882352941151,-3.552058823529409,6.242352941176474
PHL,Philippines,1985,228653.03125,19.171236038208,802065.1875,2.13591957092285,22.50387,1.4645714285714462,-2.390571428571425,4.114000000000004
PHL,Philippines,1986,236680.328125,19.9527473449707,806125.8125,2.15255665779114,1.140781,4.543888888888901,-2.164166666666663,5.019722222222228
PHL,Philippines,1987,247003.875,20.1273593902588,815902.5625,2.16932320594788,4.070759,34.2010810810811,5.454324324324327,-3.9659459459459434
PHL,Philippines,1988,263545.5625,20.7961273193359,836183.625,2.18622016906738,13.84635,27.291052631578964,-1.3592105263157848,5.3984210526315834
PHL,Philippines,1989,279843,21.1202278137207,870623.9375,2.20324897766113,12.23114,5.801282051282072,-3.9543589743589713,1.9600000000000009
PHL,Philippines,1990,288469.65625,21.7438411712647,914828.625,2.22041034698486,12.16956,18.796250000000015,2.4544999999999995,2.261000000000003
PHL,Philippines,1991,287210.78125,22.3285694122314,943901.625,2.24409651756287,19.25391,12.047804878048794,-0.08536585365853533,-3.5641463414634096
PHL,Philippines,1992,288410.21875,23.0420551300049,976158.125,2.26803517341614,8.648595,18.910952380952395,3.716666666666669,-3.2692857142857115
PHL,Philippines,1993,294703.0625,23.721248626709,1014623.75,2.29222917556763,6.719315,10.911162790697688,-0.12976744186046218,1.6767441860465162
PHL,Philippines,1994,307592.40625,24.3191795349121,1056984.25,2.31668138504028,10.36317,2.423181818181817,-0.32681818181818123,0.04863636363636559
PHL,Philippines,1995,321819.21875,24.9914436340332,1102221.5,2.3413941860199,6.825285,13.299333333333337,1.780444444444445,7.667555555555559
PHL,Philippines,1996,340678.96875,25.6164016723633,1156417.75,2.36170101165772,7.46788,8.310217391304349,-3.878260869565215,5.620869565217394
PHL,Philippines,1997,358347.96875,26.2625102996826,1220719.25,2.38218402862549,5.578339,15.403404255319144,-0.2457446808510628,-2.8487234042553133
PHL,Philippines,1998,356505.71875,26.9991245269775,1266595,2.40284466743469,9.240586,73.94250000000001,9.749375000000002,-0.619374999999998
PHL,Philippines,1999,368436.03125,27.6236591339111,1304015.625,2.42368412017822,5.95367,-1.5465306122448936,-5.609591836734692,13.52326530612245
PHL,Philippines,2000,384582.78125,28.3119487762451,1353212.375,2.44470477104187,3.980394,3.974400000000003,-8.157399999999999,10.632800000000003
PHL,Philippines,2001,396309.5625,29.1507472991943,1394382.875,2.46005773544312,6.778631,12.166470588235285,-5.817450980392154,4.704313725490202
PHL,Philippines,2002,411037.40625,29.9237480163574,1438285.875,2.4755072593689,3.00495,32.822500000000005,-0.49557692307692136,-2.3461538461538396
PHL,Philippines,2003,431946.53125,30.6417503356934,1496990.75,2.49105358123779,3.476936,24.20320754716981,2.4237735849056623,1.098113207547172
PHL,Philippines,2004,460322.0625,31.6117515563965,1559137.5,2.50669765472412,5.976781,25.465000000000003,-3.1611111111111097,-0.8022222222222197
PHL,Philippines,2005,483073.53125,31.799165725708,1617175,2.52243995666504,7.690626,37.122,-0.8836363636363629,3.2223636363636388
PHL,Philippines,2006,508755.71875,32.5893135070801,1679301.125,2.53909778594971,6.520029,36.48910714285715,-5.437857142857144,4.03482142857143
PHL,Philippines,2007,541923,33.7635002136231,1754317.25,2.55586576461792,2.958558,39.558947368421045,-2.1224561403508773,5.024035087719302
PHL,Philippines,2008,565466.75,34.0890007019043,1839130.75,2.56856727600098,8.167212,19.25689655172414,-6.375862068965517,10.777413793103449
PHL,Philippines,2009,573656.5625,35.0970649719238,1924186.25,2.57997512817383,4.213249,23.65050847457627,-3.417796610169491,9.354745762711868
PHL,Philippines,2010,615731.4375,36.1472244262695,2040067.625,2.59143400192261,3.791507,55.46633333333333,4.639166666666666,2.078833333333332
PHL,Philippines,2011,639487.75,37.080078125,2140090.25,2.60486817359924,4.71833,8.51704918032786,-6.456885245901639,17.16475409836066
PHL,Philippines,2012,683592.9375,37.7127990722656,2259451,2.61837196350098,3.165097,22.53967741935483,-5.50274193548387,9.297903225806454
PHL,Philippines,2013,729739.0625,38.1180000305176,2398919.25,2.63194608688355,2.946084,31.281904761904755,-5.585396825396824,12.390317460317466
PHL,Philippines,2014,776062.875,38.5736999511719,2551761,2.64559030532837,4.167816,26.083124999999995,-1.2481249999999982,9.486718750000003
PHL,Philippines,2015,825329.6875,38.7410011291504,2732495.5,2.65930533409119,1.403409,39.35184615384614,0.8410769230769262,-1.3892307692307675
PHL,Philippines,2016,884336.3125,40.9946975708008,2963657,2.67309141159058,1.808122,55.995606060606065,0.19833333333333591,6.351818181818182
PHL,Philippines,2017,945629.5,40.3339881896973,3217270.75,2.6869490146637,2.853,27.399850746268655,-6.21462686567164,14.707014925373134
PHL,Philippines,2018,1005596.5,41.153003692627,3504728.5,2.70087862014771,5.26,36.18691176470588,-4.173235294117646,4.650735294117645
PHL,Philippines,2019,1067124.125,42.4247245788574,3793039.75,2.7148802280426,2.48,49.53246376811593,6.657246376811596,-0.01666666666666572
PHL,Philippines,2020,965552.125,39.3744621276856,3943967.25,2.72895431518555,2.635229,52.37485714285715,-0.757857142857139,8.393571428571423
PHL,Philippines,2021,1020730.875,41.0566253662109,4124357.75,2.83230948448181,3.92718,33.60718309859156,-4.637183098591548,11.595352112676052
PHL,Philippines,2022,1098112.25,45.8335838317871,4335171,2.93957924842834,5.821158,28.64041666666668,-6.8827777777777746,13.12430555555556
PHL,Philippines,2023,1159012,47.4341087341309,4571109,2.95599770545959,5.978025,45.09808219178082,-3.678493150684929,9.664520547945209
SEN,Senegal,1960,11583.3388671875,0.775189638137817,39896.44921875,1.05256807804108,1.298701,14.511000000000024,17.19999999999996,-2.022000000000001
SEN,Senegal,1961,11821.7373046875,0.7921102643013,39521.2578125,1.05268752574921,3.846154,16.821818181818173,19.80636363636364,0.21181818181818013
SEN,Senegal,1962,11951.640625,0.809790790081024,38974.8359375,1.05280697345734,-6.17284,4.669999999999959,14.445833333333326,-1.8758333333333337
SEN,Senegal,1963,11784.947265625,0.828269362449646,38841.13671875,1.05292642116547,6.578948,19.29076923076923,19.884615384615387,0.5484615384615372
SEN,Senegal,1964,12192.255859375,0.85473358631134,38848.484375,1.0530458688736,4.938272,-1.097142857142842,-0.2657142857142958,-0.31071428571428683
SEN,Senegal,1965,12523.0908203125,0.878203809261322,38885.8203125,1.05316531658173,3.529412,-17.204000000000008,17.232,-1.2600000000000016
SEN,Senegal,1966,13010.0234375,0.902672946453095,38762.19140625,1.05328476428986,2.272727,16.721249999999998,-3.955000000000013,-1.901250000000001
SEN,Senegal,1967,12762.5751953125,0.926263868808746,38786.94140625,1.05340421199799,3.333333,-7.202352941176457,10.287647058823495,-0.3794117647058828
SEN,Senegal,1968,13525.9970703125,0.949440181255341,38958.21875,1.05352377891541,0.0583333,28.137777777777785,-18.63388888888889,-2.4183333333333348
SEN,Senegal,1969,12580.4453125,0.975042700767517,39243.671875,1.05364322662354,4.022654,19.676842105263233,5.086842105263173,2.888947368421052
SEN,Senegal,1970,13558.349609375,1.00197374820709,39837.5078125,1.05376279354095,2.81025,30.992999999999995,11.5625,-1.7855000000000008
SEN,Senegal,1971,13541.6474609375,1.05127561092377,40448.71875,1.05739986896515,3.8782,21.82714285714286,-8.97809523809525,-1.01047619047619
SEN,Senegal,1972,14406.7900390625,1.10416579246521,41290.11328125,1.06104958057404,6.15488,31.61500000000001,-13.54000000000002,-2.074545454545455
SEN,Senegal,1973,13601.7734375,1.14758694171906,42015.4140625,1.06471192836761,11.2853,26.22043478260872,-0.4213043478260942,-1.804347826086958
SEN,Senegal,1974,14172.9677734375,1.19337260723114,42870.3671875,1.06838691234589,16.6011,0.04791666666665151,10.886250000000018,-0.17916666666666714
SEN,Senegal,1975,15241.869140625,1.27835166454315,43744.83984375,1.07207453250885,31.6534,3.326000000000022,13.980800000000016,0.5679999999999996
SEN,Senegal,1976,16601.376953125,1.34052526950836,44436.12890625,1.0757749080658,1.08309,-6.181923076923056,-57.14692307692306,-1.6438461538461544
SEN,Senegal,1977,16153.7763671875,1.39146316051483,44909.47265625,1.07948803901672,11.3406,32.52703703703702,5.719629629629651,-1.4329629629629643
SEN,Senegal,1978,15145,1.46052765846252,45371.6484375,1.08321392536163,3.41965,18.805357142857133,-16.584642857142825,-0.2817857142857152
SEN,Senegal,1979,16604.71875,1.53887319564819,46048.51171875,1.0869528055191,9.65336,19.00689655172414,-28.752758620689633,-0.25206896551724256
SEN,Senegal,1980,16058.115234375,1.60936880111694,46826.1015625,1.09070456027985,8.837,22.943333333333328,-35.21433333333333,-0.7636666666666674
SEN,Senegal,1981,15867.6103515625,1.6870139837265,47366.171875,1.09981822967529,5.779,21.153225806451587,-33.43838709677419,-1.9690322580645176
SEN,Senegal,1982,18301.6796875,1.78308820724487,48072.95703125,1.10900819301605,17.384,10.112187500000005,6.286562500000002,-1.9975000000000016
SEN,Senegal,1983,18700.275390625,1.85061955451965,48964.10546875,1.11827492713928,11.707,31.175757575757583,2.136060606060596,-3.9469696969696986
SEN,Senegal,1984,17951.443359375,1.93018305301666,49710.88671875,1.12761902809143,11.742,19.85882352941178,1.883235294117668,-2.460882352941178
SEN,Senegal,1985,18629.935546875,2.01634287834168,50423.1796875,1.13704133033752,13.041,-6.008571428571429,22.589428571428556,0.08942857142857008
SEN,Senegal,1986,19478.416015625,2.12250757217407,51623.16796875,1.14654231071472,6.122,-0.09166666666664014,11.43194444444444,-1.3430555555555568
SEN,Senegal,1987,20256.5546875,2.24891448020935,52971.4765625,1.15612256526947,-4.13,29.590810810810865,10.212972972972976,-0.956756756756758
SEN,Senegal,1988,21280.88671875,2.36515188217163,54400.4921875,1.16578304767609,-1.823,4.802105263157898,6.534210526315803,1.198421052631578
SEN,Senegal,1989,20981.94140625,2.48678421974182,55744.25390625,1.17552411556244,0.449,18.58897435897433,12.26666666666668,1.0176923076923066
SEN,Senegal,1990,21801.11328125,2.60402798652649,57011.48828125,1.18534660339355,0.325,17.95425000000006,-1.5500000000000114,-2.137750000000001
SEN,Senegal,1991,21714.65234375,2.72733449935913,58340.2109375,1.19747924804688,-1.754,19.36634146341464,3.7578048780487734,-0.3056097560975628
SEN,Senegal,1992,22195.310546875,2.76694655418396,59825.71875,1.20973610877991,-0.007,19.795238095238066,-24.98166666666664,-1.2783333333333342
SEN,Senegal,1993,21702.927734375,2.77637124061584,61023.72265625,1.22211825847626,-0.744,17.71488372093023,15.81930232558139,-1.2886046511627915
SEN,Senegal,1994,22325.734375,2.80972599983215,62422.125,1.23462724685669,32.104,7.702272727272771,19.459772727272735,0.7706818181818171
SEN,Senegal,1995,23380.83984375,2.87205243110657,63906.49609375,1.2472642660141,8.076,16.151111111111106,6.6973333333333755,-0.0064444444444458
SEN,Senegal,1996,24601.5390625,2.9078586101532,65840.09375,1.26003062725067,2.835,24.870000000000005,5.091739130434803,-0.5963043478260879
SEN,Senegal,1997,24919.986328125,2.97129106521606,67475.734375,1.27292764186859,1.784,28.640851063829757,-2.7065957446808113,-2.1836170212765964
SEN,Senegal,1998,25921.728515625,3.08106923103333,69698.8125,1.28595674037933,0.989,21.974166666666633,11.109791666666696,-1.8781250000000007
SEN,Senegal,1999,28294.08984375,3.15761303901672,71995.4296875,1.29911911487579,0.818,2.09571428571428,8.313061224489815,-0.38979591836734784
SEN,Senegal,2000,29393.943359375,3.23494720458984,74271.34375,1.31241619586945,0.754,19.333799999999997,10.906800000000032,-0.9320000000000004
SEN,Senegal,2001,30661.07421875,3.2899923324585,76857.5703125,1.32589495182037,3.053,28.994705882352942,13.762941176470632,-1.153725490196078
SEN,Senegal,2002,30682.13671875,3.38043475151062,79259.421875,1.33951210975647,2.398,26.787115384615333,4.1182692307692434,-1.6315384615384616
SEN,Senegal,2003,32398.478515625,3.47687220573425,81901.78125,1.35326910018921,-0.048,14.301698113207465,17.09056603773587,0.38924528301886774
SEN,Senegal,2004,33902.8359375,3.58890724182129,84952.9453125,1.36716735363007,0.515,23.44685185185176,5.344074074074086,-2.7579629629629636
SEN,Senegal,2005,35364.12890625,3.67954349517822,88242.0625,1.3812084197998,1.707,20.9705454545454,-37.0530909090909,-1.747818181818182
SEN,Senegal,2006,36188.3828125,3.79784345626831,92544.171875,1.39539361000061,2.114,19.98607142857145,3.28857142857143,-2.9066071428571436
SEN,Senegal,2007,37211.47265625,3.92381191253662,97115.09375,1.40972447395325,5.863,19.225438596491244,23.80087719298251,-0.8356140350877199
SEN,Senegal,2008,38589.4765625,4.05292129516602,102468.6015625,1.42420256137848,6.335,17.873965517241402,-8.169482758620632,0.8887931034482754
SEN,Senegal,2009,39651.5,4.19736957550049,107474.140625,1.43882930278778,-2.248,6.911016949152611,-5.011016949152491,-0.1462711864406785
SEN,Senegal,2010,40996.05078125,4.351646900177,112003.34375,1.45360636711121,1.229,25.87583333333339,11.92250000000007,0.16616666666666635
SEN,Senegal,2011,41542.95703125,4.52215766906738,117338.578125,1.4709677696228,3.403,23.531639344262373,15.08704918032791,-0.6865573770491809
SEN,Senegal,2012,43205.94140625,4.71225690841675,122909.75,1.48853659629822,1.418,10.402096774193694,-38.18629032258059,0.00451612903225751
SEN,Senegal,2013,44248.2109375,4.90450620651245,130134.9765625,1.50631523132324,0.71,17.42698412698428,10.799841269841323,-0.7955555555555556
SEN,Senegal,2014,47002.26171875,5.0914101600647,139279.5,1.52430617809296,-1.083,18.794687500000123,10.071093750000044,-2.883125
SEN,Senegal,2015,49994.8203125,5.36437034606934,148918.140625,1.54251205921173,0.129,19.655538461538583,26.48615384615391,0.05123076923076919
SEN,Senegal,2016,53172.69140625,5.55526876449585,160527.625,1.56093537807465,0.838,20.787727272727352,26.32484848484853,-0.7695454545454554
SEN,Senegal,2017,57111.24609375,5.76977729797363,174431.21875,1.57957863807678,1.317,21.707462686567226,9.971940298507548,-0.7880597014925383
SEN,Senegal,2018,60657.5703125,6.02399682998657,190553.140625,1.59844470024109,0.46,16.448235294117694,22.77529411764712,0.1835294117647059
SEN,Senegal,2019,63456.08203125,6.73419618606567,208204.984375,1.61753606796265,1.02,24.7998550724638,21.525217391304437,-0.7491304347826091
SEN,Senegal,2020,64307.70703125,6.89366245269775,226497.125,1.63685536384583,2.547435,23.325571428571493,15.607714285714366,3.4215714285714283
SEN,Senegal,2021,68516,7.05017566680908,248040.21875,1.66321587562561,2.180323,25.59704225352118,21.127887323943725,0.893380281690141
SEN,Senegal,2022,71134.59375,7.20507335662842,271406.25,1.69087636470795,9.696819,16.28152777777791,-0.4355555555555099,-0.12902777777777885
SEN,Senegal,2023,74220.0234375,7.39652347564697,294571.28125,1.71726036071777,7.667579,25.138493150685008,19.68041095890419,-1.347260273972604
SWE,Sweden,1960,139294.140625,3.6982147693634,691773.4375,2.51887845993042,4.204298,-0.018,1.7489999999999988,0.823
SWE,Sweden,1961,147171.96875,3.72797846794128,723173.3125,2.54613208770752,2.157972,-0.01636363636363636,-2.879999999999999,0.36818181818181817
SWE,Sweden,1962,153438.40625,3.74802494049072,754600.625,2.5691967010498,4.766202,-0.015,-0.46999999999999886,-0.3324999999999998
SWE,Sweden,1963,161495.265625,3.76711201667786,786844,2.5878791809082,2.871741,-0.01384615384615384,-0.00384615384615116,0.07307692307692304
SWE,Sweden,1964,172595.84375,3.82123565673828,827966.0625,2.60669755935669,3.387661,-0.01285714285714285,11.736428571428576,1.1578571428571425
SWE,Sweden,1965,179041.328125,3.84736585617065,872368.5,2.62565302848816,5.012769,-0.012,-2.3560000000000016,-0.2093333333333336
SWE,Sweden,1966,182622.15625,3.85275888442993,913043.6875,2.64474630355835,6.404813,0.04874999999999999,-3.998750000000001,0.00374999999999969
SWE,Sweden,1967,189783.8125,3.81171584129334,952686.9375,2.66397833824158,4.289315,-0.01411764705882353,-5.9435294117647075,0.7235294117647058
SWE,Sweden,1968,195155.046875,3.85225486755371,990989.5625,2.68335008621216,1.943124,0.22666666666666663,-1.4533333333333331,0.21333333333333293
SWE,Sweden,1969,205897.515625,3.9246678352356,1033750.875,2.70286273956299,2.691993,0.20473684210526316,2.913157894736841,-0.2478947368421056
SWE,Sweden,1970,218430.421875,4.00137042999268,1086907.25,2.72251749038696,7.017015,0.2045,-3.7525000000000017,0.3344999999999998
SWE,Sweden,1971,220493.8125,3.99376034736633,1136818.5,2.74309730529785,7.39489,-0.03523809523809523,-6.7838095238095235,0.1885714285714284
SWE,Sweden,1972,225540.34375,4.00700950622559,1188536.75,2.76383256912231,6.00739,0.25636363636363635,-0.5254545454545472,0.97
SWE,Sweden,1973,234489.765625,4.02192354202271,1240023.75,2.78472447395325,6.717996,0.17521739130434782,-5.342608695652176,0.15782608695652134
SWE,Sweden,1974,241989.1875,4.1014289855957,1285204.375,2.80577445030212,9.911724,-0.02208333333333333,7.260000000000002,-0.11875000000000036
SWE,Sweden,1975,248166.84375,4.18232679367065,1330857.375,2.82698369026184,9.779878,1.8688,-2.2204000000000015,0.33599999999999963
SWE,Sweden,1976,250792.703125,4.1971321105957,1375742.75,2.84835314750671,10.24922,-0.12307692307692308,0.9949999999999974,-0.25692307692307703
SWE,Sweden,1977,246789.390625,4.20526504516602,1414414.625,2.86988401412964,11.4418,0.05148148148148149,-4.991851851851855,-0.24740740740740752
SWE,Sweden,1978,251112.03125,4.22106170654297,1444392,2.89157772064209,9.995264,-0.11035714285714286,0.0664285714285704,0.05142857142857116
SWE,Sweden,1979,260754.75,4.28250932693481,1478057.375,2.91343545913696,7.209786,-0.06655172413793103,-4.015862068965518,0.33965517241379284
SWE,Sweden,1980,265187.5,4.3304443359375,1514347.375,2.93545842170715,13.70632,-0.11433333333333334,0.31799999999999784,0.10833333333333316
SWE,Sweden,1981,266393.65625,4.33739900588989,1545320.625,2.95486640930176,12.10394,-0.12064516129032256,0.1577419354838696,0.9148387096774192
SWE,Sweden,1982,269720.03125,4.32906484603882,1575815.25,2.97440314292908,8.589185,0.733125,-2.387187500000003,-0.2237500000000003
SWE,Sweden,1983,274846.40625,4.33884572982788,1608611.875,2.99406886100769,8.873021,0.1609090909090909,2.105151515151512,0.17303030303030265
SWE,Sweden,1984,286471.15625,4.37473106384277,1648140.375,3.01386451721191,8.044243,-0.14382352941176468,-2.616764705882357,0.16794117647058782
SWE,Sweden,1985,292659.96875,4.42022943496704,1693946,3.03379082679749,7.372575,-0.1397142857142857,-1.382000000000005,0.7631428571428569
SWE,Sweden,1986,300536.40625,4.44724130630493,1737112.75,3.05384945869446,4.23591,0.02416666666666667,0.3063888888888826,-0.05805555555555597
SWE,Sweden,1987,310615.90625,4.48271179199219,1784427.875,3.07404041290283,4.188571,-0.13648648648648648,5.378108108108105,1.0035135135135131
SWE,Sweden,1988,318564.6875,4.5446572303772,1834030.625,3.0943648815155,5.824899,0.13710526315789476,-3.8134210526315826,0.18710526315789444
SWE,Sweden,1989,327022,4.61065053939819,1893691.25,3.11482357978821,6.443276,0.1235897435897436,-3.7756410256410273,-0.2876923076923077
SWE,Sweden,1990,329489.96875,4.65305471420288,1947027.5,3.13541769981384,10.36655,-0.1395,-3.231250000000003,0.3794999999999995
SWE,Sweden,1991,325714.0625,4.58323097229004,1983339.75,3.14002847671509,9.444628,0.3439024390243902,-0.09243902439024863,-0.25975609756097606
SWE,Sweden,1992,321940.34375,4.37926864624023,2005377.375,3.14464592933655,2.374367,-0.01428571428571429,4.3397619047619,0.5064285714285712
SWE,Sweden,1993,315290.3125,4.15016937255859,2008813.5,3.14927053451538,4.728173,-0.14395348837209304,-2.2311627906976774,1.2146511627906973
SWE,Sweden,1994,327951.28125,4.11096286773682,2018394.375,3.15390181541443,2.158138,1.5193181818181818,3.109545454545451,-0.7829545454545457
SWE,Sweden,1995,341378.46875,4.17671251296997,2034766,3.15853953361511,2.455149,-0.14444444444444446,-0.8895555555555568,0.4544444444444442
SWE,Sweden,1996,347198.375,4.14343643188477,2055086.125,3.16318440437317,0.533132,-0.17130434782608697,6.389782608695651,-0.13543478260869568
SWE,Sweden,1997,357839.53125,4.09065389633179,2074514,3.16783618927002,0.6584103,-0.13765957446808513,-2.2361702127659626,-0.04255319148936176
SWE,Sweden,1998,373032.4375,4.159104347229,2100529.75,3.17249464988709,-0.2671327,-0.1647916666666667,-6.119583333333338,0.7783333333333333
SWE,Sweden,1999,388703.78125,4.24635457992554,2130124.75,3.17716002464294,0.4621758,-0.13142857142857145,-4.104693877551025,0.2624489795918368
SWE,Sweden,2000,406705.09375,4.34921598434448,2162552.5,3.18183207511902,0.8991438,-0.12880000000000005,-0.9726000000000036,1.6072000000000004
SWE,Sweden,2001,412239.40625,4.43845891952515,2193544,3.19793128967285,2.405958,-0.05627450980392159,-4.043529411764709,0.2956862745098039
SWE,Sweden,2002,421628.875,4.44307661056519,2220544.5,3.21411204338074,2.158482,-0.14519230769230773,1.7142307692307668,-0.4099999999999997
SWE,Sweden,2003,429559.46875,4.42325448989868,2245608,3.23037457466126,1.925655,0.01754716981132073,6.89188679245283,-0.11226415094339592
SWE,Sweden,2004,447513.0625,4.40406322479248,2274282.5,3.24671912193298,0.3736598,-0.1427777777777778,-5.425740740740743,0.14981481481481485
SWE,Sweden,2005,460012.90625,4.4035849571228,2304675.75,3.26314687728882,0.4531709,-0.08018181818181822,-1.757090909090909,0.6370909090909094
SWE,Sweden,2006,481523.03125,4.4847412109375,2345192.5,3.2796573638916,1.360215,0.18125,1.254285714285711,0.3857142857142857
SWE,Sweden,2007,497051.75,4.59051084518433,2393282.5,3.29625153541565,2.212169,-0.02192982456140355,-1.9077192982456168,-0.22105263157894697
SWE,Sweden,2008,492463.34375,4.61337661743164,2437540,3.31292939186096,3.437049,0.00844827586206892,-0.27482758620690007,-0.01724137931034475
SWE,Sweden,2009,471506.21875,4.51983547210693,2460205.25,3.32969212532043,-0.4944606,-0.11169491525423732,-2.9701694915254286,0.783050847457627
SWE,Sweden,2010,498621.28125,4.54955577850342,2490140.25,3.34653925895691,1.157988,0.3401666666666666,1.1493333333333275,0.79
SWE,Sweden,2011,514397.1875,4.65381479263306,2524929.25,3.35636186599731,2.961151,-0.06540983606557382,-1.7895081967213144,1.5170491803278692
SWE,Sweden,2012,512265.21875,4.69070148468018,2555987.5,3.36621308326721,0.8883775,-0.15435483870967745,-2.510645161290327,0.40258064516129055
SWE,Sweden,2013,518093.34375,4.73823595046997,2585211.25,3.37609314918518,-0.044293,-0.15190476190476193,4.339206349206346,-0.06380952380952354
SWE,Sweden,2014,529987.5625,4.80643653869629,2621339.25,3.38600254058838,-0.1796385,0.39046875,-2.3285937499999996,-0.2528124999999999
SWE,Sweden,2015,553360.75,4.87929916381836,2666097.75,3.39594054222107,-0.0467847,-0.08553846153846159,0.6072307692307675,0.8510769230769228
SWE,Sweden,2016,566363.3125,4.98052072525024,2715474.75,3.40590810775757,0.9842693,-0.1542424242424243,-0.44196969696969646,-0.531818181818182
SWE,Sweden,2017,576700.25,5.10150384902954,2769029,3.41590476036072,1.794499,-0.15194029850746274,-2.815373134328361,0.2661194029850744
SWE,Sweden,2018,587674.6875,5.18774890899658,2821568,3.4259309768676798,1.953535,1.700294117647059,3.4360294117647037,-0.8577941176470592
SWE,Sweden,2019,602658.3125,5.21844816207886,2870844.75,3.43598628044128,1.784151,0.6256521739130435,1.2862318840579725,-0.01536231884057981
SWE,Sweden,2020,590573,5.15436029434204,2920411.5,3.44607138633728,0.4973673,0.19671428571428567,-4.5821428571428555,0.3848571428571432
SWE,Sweden,2021,625638.3125,5.2196192741394,2981869.75,3.46478605270386,2.163197,0.20394366197183095,-0.6776056338028162,1.40943661971831
SWE,Sweden,2022,634768.1875,5.38126707077026,3042710.5,3.48372411727905,8.369291,0.501111111111111,2.801805555555557,0.34986111111111073
SWE,Sweden,2023,632796.125,5.44012498855591,3097544,3.50288844108582,8.548625,-0.19575342465753431,1.1734246575342482,1.1750684931506847
THA,Thailand,1960,41091.31640625,11.2263441085815,104339.8671875,1.34628105163574,-0.7658643,17.080000000000013,-2.7609999999999957,0.3789999999999995
THA,Thailand,1961,43260.609375,11.5306234359741,110877.921875,1.35476744174957,7.38699,1.8472727272726956,-4.149999999999999,2.4545454545454533
THA,Thailand,1962,46752.00390625,11.8458766937256,120306.8671875,1.36330735683441,3.696099,0.17333333333334622,8.365833333333335,-0.08000000000000007
THA,Thailand,1963,50659.671875,12.1617546081543,132905.453125,1.3719010353088399,0,-2.1100000000000136,7.4323076923077025,1.4161538461538434
THA,Thailand,1964,54007.421875,12.480016708374,145235.1875,1.38054895401001,-0.7920792,6.300714285714292,-7.598571428571418,0.16500000000000092
THA,Thailand,1965,58253.6796875,12.7952718734741,158981.296875,1.38925135135651,0.166334,16.080666666666673,-6.911999999999992,1.0739999999999998
THA,Thailand,1966,65364.71875,13.1078319549561,178497.21875,1.3980085849762,4.035204,-33.52437500000002,-10.02999999999999,3.516874999999999
THA,Thailand,1967,70455.234375,13.4191522598267,199210.65625,1.40682101249695,4.309657,-3.6423529411764832,0.5000000000000142,-1.3400000000000016
THA,Thailand,1968,76218.53125,13.7360239028931,222006.5625,1.41568899154663,1.79036,33.64999999999998,5.012222222222228,-3.935555555555558
THA,Thailand,1969,82814.3671875,14.0612783432007,249718.03125,1.42461287975311,2.450391,21.998947368421028,10.618421052631582,-0.06842105263157983
THA,Thailand,1970,114327.796875,14.40149974823,284790.6875,1.43359303474426,0.8,10.618999999999971,-2.7424999999999926,0.48499999999999766
THA,Thailand,1971,120001.078125,14.8387546539307,317487,1.44579863548279,0.2948975,-13.54666666666668,3.308095238095248,0.14190476190475998
THA,Thailand,1972,124888.6484375,15.2781028747559,348281.75,1.45810806751251,5.012913,20.61909090909091,-0.8222727272727255,2.1854545454545455
THA,Thailand,1973,137202.3125,15.7304639816284,381498.03125,1.47052240371704,15.62521,20.962608695652165,10.253478260869564,0.7904347826086955
THA,Thailand,1974,143175.203125,16.1971282958984,411765.71875,1.48304235935211,24.31635,-0.1808333333333394,-4.073749999999997,0.8275000000000006
THA,Thailand,1975,150113.703125,16.6729736328125,439311.25,1.49566888809204,5.102614,-0.823599999999999,-12.1708,3.724400000000001
THA,Thailand,1976,164187.5,17.1586399078369,472216.1875,1.50840294361115,4.240129,-0.33192307692308987,4.027307692307687,3.951153846153849
THA,Thailand,1977,180440,17.6524219512939,517452.78125,1.52124536037445,7.623591,18.880370370370343,7.818148148148147,-1.3851851851851844
THA,Thailand,1978,199275.796875,18.6198978424072,567874.875,1.53419721126556,7.990169,17.256071428571403,4.3089285714285666,3.804285714285717
THA,Thailand,1979,209863.84375,18.5273666381836,618161,1.54725933074951,9.80933,45.18103448275858,15.590344827586208,-0.2968965517241351
THA,Thailand,1980,219905.53125,19.6815185546875,667599,1.56043255329132,19.76215,32.05499999999998,7.220666666666666,2.613000000000003
THA,Thailand,1981,232895.078125,20.177131652832,719880.3125,1.61267733573914,12.59435,14.450967741935443,1.0677419354838733,0.7087096774193569
THA,Thailand,1982,245360.421875,20.8796195983887,768903.5,1.66667127609253,5.289145,11.33937499999996,3.934375000000003,-0.7134374999999977
THA,Thailand,1983,259061.875,22.2375926971436,828836.125,1.71918392181396,3.790924,20.245757575757523,13.395151515151518,-0.5618181818181789
THA,Thailand,1984,273964.1875,23.4636478424072,892517.9375,1.76239216327667,0.8047386,5.720294117647001,2.971176470588233,-1.2352941176470562
THA,Thailand,1985,286695.96875,23.5658092498779,949476.125,1.80668640136719,2.44756,9.566857142857089,-6.033714285714289,-0.9699999999999972
THA,Thailand,1986,302561.21875,24.3780555725098,1003592.125,1.85209393501282,1.844291,11.021111111111054,12.553888888888885,2.576944444444445
THA,Thailand,1987,331361.90625,25.7282638549805,1076224.5,1.89864253997803,2.440088,32.03324324324319,5.494594594594588,-0.6827027027027022
THA,Thailand,1988,375393.625,26.9769344329834,1174036.875,1.94636118412018,3.884349,16.220263157894692,2.1899999999999977,1.0852631578947405
THA,Thailand,1989,421167.5625,27.740385055542,1302900.75,1.99527895450592,5.381017,22.88435897435892,5.193846153846145,-0.8525641025640986
THA,Thailand,1990,468097.65625,28.244945526123,1480868,2.04542636871338,5.790474,32.962249999999955,0.08399999999999608,-1.3912499999999977
THA,Thailand,1991,507518.21875,28.8872871398926,1673317,2.0642364025116,5.722998,26.778292682926804,10.871951219512198,0.05268292682927011
THA,Thailand,1992,554465.6875,29.8790473937988,1875292.625,2.08321952819824,4.142492,8.570714285714274,7.213095238095235,-0.5785714285714256
THA,Thailand,1993,602662.25,30.6703681945801,2096791.625,2.10237717628479,3.301327,21.74139534883716,-2.3846511627906963,-2.695116279069767
THA,Thailand,1994,650857.5625,29.7227058410645,2343960,2.12171101570129,5.087008,21.167272727272717,1.5995454545454564,4.346136363636363
THA,Thailand,1995,703709,30.792293548584,2622140,2.14122247695923,5.776124,23.066888888888883,3.013999999999996,3.5695555555555547
THA,Thailand,1996,743482.375,30.9213695526123,2911965.75,2.16091346740723,5.855355,8.965434782608696,-1.5615217391304412,1.5919565217391316
THA,Thailand,1997,723010.0625,31.7331943511963,3091450.25,2.18078565597534,5.561846,42.24468085106383,7.201702127659566,-0.4719148936170203
THA,Thailand,1998,667815.4375,30.2363357543945,3108462.25,2.20084047317505,8.159588,59.94458333333333,0.5216666666666612,-2.142083333333334
THA,Thailand,1999,698349.6875,30.8001728057861,3126345.25,2.22107982635498,0.4317443,-2.658775510204066,-9.888979591836744,2.111632653061225
THA,Thailand,2000,729463.5625,31.43630027771,3158439.25,2.24150514602661,1.51484,12.714400000000012,-6.131200000000007,3.8894
THA,Thailand,2001,754587.625,32.0900917053223,3199990.25,2.27084016799927,1.377173,21.185098039215717,-5.910980392156873,0.5831372549019598
THA,Thailand,2002,800987.375,33.0482177734375,3250135.25,2.30055904388428,0.6997039,36.28769230769234,-2.217307692307699,2.4919230769230776
THA,Thailand,2003,858572,33.8232917785645,3329881,2.33066654205322,1.802194,36.27301886792455,9.714528301886794,-1.4350943396226423
THA,Thailand,2004,912570.8125,34.700325012207,3443971.25,2.361168384552,2.767858,38.35129629629637,5.154629629629625,-2.6185185185185187
THA,Thailand,2005,950786,35.2092475891113,3594982.75,2.3920693397522,4.546969,35.694000000000045,-0.02909090909091105,-0.08090909090909015
THA,Thailand,2006,998019.0625,35.6200294494629,3740014,2.42337465286255,4.653032,38.726607142857205,4.191428571428567,2.180535714285716
THA,Thailand,2007,1052263.125,36.1892013549805,3879625.25,2.4550895690918,2.241356,25.447192982456187,6.8578947368421055,2.742280701754387
THA,Thailand,2008,1070421.875,36.9778442382813,4019170.75,2.48721981048584,5.440825,5.418448275862119,-2.5903448275862075,1.875
THA,Thailand,2009,1063029.5,37.6813545227051,4109857.5,2.51977038383484,-0.8408628,36.00661016949158,7.453559322033897,-0.4267796610169494
THA,Thailand,2010,1142898.875,38.0122871398926,4237178,2.55274677276611,3.272336,43.58650000000006,-2.150666666666666,0.8303333333333338
THA,Thailand,2011,1152501.125,37.9131050109863,4377496,2.5733745098114,3.803109,-3.618032786885209,1.0345901639344248,6.116721311475413
THA,Thailand,2012,1235974.125,38.2787628173828,4548764.5,2.59177112579346,3.010035,50.33032258064517,-15.972096774193547,-0.9119354838709643
THA,Thailand,2013,1269189.5,38.1504364013672,4697992.5,2.61029958724976,2.185977,24.78142857142859,-12.858571428571429,2.292539682539683
THA,Thailand,2014,1281685.75,38.0160331726074,4830514,2.63583588600159,1.894317,41.18421875000004,14.26234375,-2.3232812499999973
THA,Thailand,2015,1321854.375,37.9529914855957,4981794.5,2.66162204742432,-0.8994066,49.080615384615385,-1.7070769230769258,-1.9975384615384597
THA,Thailand,2016,1367262.125,37.6143608093262,5132382,2.68766045570374,0.1875141,46.99696969696973,6.558787878787882,0.02272727272727515
THA,Thailand,2017,1424382,37.3719863891602,5282581.5,2.6924512386322,0.665,31.765522388059708,-2.079104477611935,3.422388059701495
THA,Thailand,2018,1484531.625,37.7916793823242,5441419,2.69725036621094,1.07,36.47838235294117,-17.138529411764697,1.872058823529416
THA,Thailand,2019,1515923.125,37.5410537719727,5601558.5,2.76140666007996,0.706,60.91971014492759,8.279855072463768,-1.0350724637681097
THA,Thailand,2020,1424209.25,37.6074600219727,5728546,2.78379058837891,-0.8459371,51.379428571428605,12.22157142857143,-0.73028571428571
THA,Thailand,2021,1446543.5,37.6791305541992,5865754,2.80635571479797,1.230395,26.085774647887348,-0.34056338028169364,4.190000000000005
THA,Thailand,2022,1482168.625,39.1455726623535,6008195.5,2.82910394668579,6.077412,27.483472222222247,-14.485833333333332,4.011805555555558
THA,Thailand,2023,1510074.875,39.8352241516113,6148745.5,2.86166048049927,3.876242,46.59698630136992,1.662602739726026,0.22684931506849715
TUR,Türkiye,1960,154930.734375,9.53171062469482,168832.375,1.22145140171051,2.3,-3.325999999999997,1.6029999999999944,0.03800000000000025
TUR,Türkiye,1961,157593.5,9.64138793945313,179214.203125,1.23432123661041,3.172867,-2.1636363636363605,5.737272727272725,-0.1554545454545457
TUR,Türkiye,1962,167166,9.62427711486816,190314.65625,1.24732661247253,3.8883,10.85666666666667,18.119166666666665,0.5475000000000003
TUR,Türkiye,1963,182925.5625,9.76897239685059,203262.40625,1.26046907901764,6.362709,-0.638461538461538,-4.924615384615386,1.5753846153846158
TUR,Türkiye,1964,190499.359375,9.89421081542969,216239.71875,1.27374994754791,1.119642,-4.4428571428571395,11.96714285714286,0.4728571428571433
TUR,Türkiye,1965,195486.34375,9.98600196838379,228848.015625,1.28717076778412,4.555521,1.5933333333333335,-1.9306666666666672,2.381333333333333
TUR,Türkiye,1966,219184.28125,10.1042451858521,249153.140625,1.29193711280823,8.472013,3.6937500000000014,-7.509999999999998,1.1625000000000003
TUR,Türkiye,1967,227864.859375,10.1229152679443,268755.03125,1.2967209815979,13.9749,-10.783529411764707,-3.2382352941176435,1.104117647058824
TUR,Türkiye,1968,243055.859375,10.1680364608765,290708.34375,1.30152249336243,6.046246,-4.994444444444444,-12.068333333333328,2.812777777777777
TUR,Türkiye,1969,256076.6875,10.1882638931274,312583.1875,1.30634188652039,4.924197,2.848421052631579,2.4168421052631643,1.8347368421052632
TUR,Türkiye,1970,269097.53125,10.528208732605,340917.5,1.31117916107178,7.923939,-0.01400000000000289,-6.1739999999999995,-0.3070000000000004
TUR,Türkiye,1971,284080.59375,10.7188625335693,364395.6875,1.32065832614899,19.01141,-1.7033333333333331,-15.880000000000004,0.7476190476190467
TUR,Türkiye,1972,305176.40625,11.0068817138672,394034.15625,1.33020603656769,15.41646,-1.7759090909090922,-22.048181818181813,0.8336363636363631
TUR,Türkiye,1973,315130.59375,11.1743440628052,425681.28125,1.33982276916504,13.93817,-0.17869565217391423,6.560434782608702,-1.4326086956521746
TUR,Türkiye,1974,332759.65625,11.4170083999634,478303.15625,1.34950911998749,23.89817,-2.7812499999999964,-4.942916666666662,-0.2429166666666669
TUR,Türkiye,1975,356628.9375,11.5030755996704,531057.4375,1.3592654466629,21.22735,-2.0999999999999943,-0.11519999999999442,0.7667999999999999
TUR,Türkiye,1976,393943.15625,11.6332530975342,599927.375,1.38054060935974,17.45569,-10.109230769230766,-1.89076923076923,1.217307692307692
TUR,Türkiye,1977,407356.1875,11.9892120361328,643092.8125,1.4021487236023,25.98534,2.085185185185189,3.529259259259262,-0.5277777777777786
TUR,Türkiye,1978,413484.90625,12.1382522583008,671596.625,1.42409491539001,61.89706,-0.02928571428570947,8.773214285714289,0.2810714285714271
TUR,Türkiye,1979,410902.71875,12.30517578125,702117.5,1.44638478755951,63.54308,0.8117241379310371,-12.139310344827583,0.3713793103448264
TUR,Türkiye,1980,400852.875,12.4591388702393,720226.4375,1.46902346611023,94.26086,5.114666666666668,1.765333333333338,0.9989999999999988
TUR,Türkiye,1981,420314.96875,12.5330295562744,757500.5,1.51283669471741,37.61479,2.6496774193548447,1.2583870967742,1.7967741935483854
TUR,Türkiye,1982,435290.0625,12.9728298187256,789437.1875,1.55795657634735,29.13751,-8.513124999999999,-10.1809375,-1.1393750000000011
TUR,Türkiye,1983,456919.875,13.2538328170776,822007.8125,1.60442221164703,31.39027,-8.745151515151516,-13.352424242424236,0.43515151515151373
TUR,Türkiye,1984,487587.34375,13.5728425979614,854320.75,1.65227365493774,48.39233,-3.4079411764705867,10.660294117647062,-1.34764705882353
TUR,Türkiye,1985,508268.75,14.0565576553345,894542.8125,1.70155215263367,44.96172,1.679428571428577,2.2157142857142844,-0.3991428571428583
TUR,Türkiye,1986,543925.3125,14.7086000442505,940886.125,1.72277843952179,34.61008,6.982777777777777,-2.6758333333333297,-0.49805555555555614
TUR,Türkiye,1987,595512.625,15.3681688308716,1024980.1875,1.74235510826111,38.85585,3.1940540540540567,-2.323513513513504,2.0154054054054047
TUR,Türkiye,1988,608139.625,16.0421485900879,1103769.125,1.76215422153473,68.80964,1.2099999999999973,-13.27236842105262,0.9723684210526304
TUR,Türkiye,1989,609670,16.3996067047119,1181061,1.78217840194702,63.27255,5.448974358974358,2.317948717948731,-0.5325641025641037
TUR,Türkiye,1990,666096.75,16.1260776519775,1275515.75,1.80243003368378,60.30389,1.5027499999999954,-7.249999999999993,-0.8592500000000012
TUR,Türkiye,1991,672268.3125,16.7546043395996,1365261.875,1.81266689300537,65.97855,2.1860975609756146,-5.803170731707304,0.24170731707317028
TUR,Türkiye,1992,712498.75,17.0585556030273,1460726,1.82296192646027,70.0761,-5.705952380952379,-7.524999999999984,-0.1940476190476197
TUR,Türkiye,1993,769798,16.3480854034424,1589932.5,1.83331537246704,66.09385,3.1967441860465193,8.980000000000011,-0.6695348837209316
TUR,Türkiye,1994,727800.4375,17.6107406616211,1681591.125,1.84372770786285,105.215,13.924090909090914,-2.5240909090908943,0.1656818181818176
TUR,Türkiye,1995,780138.1875,18.0960083007813,1785073.25,1.85419905185699,89.11331,0.94466666666667,-11.107999999999985,0.23199999999999932
TUR,Türkiye,1996,834789.25,18.6520233154297,1908644.75,1.88182389736176,80.41214,5.044130434782616,-9.606521739130416,-0.18304347826086964
TUR,Türkiye,1997,897638.9375,18.787088394165,2052130.875,1.90986025333405,85.66936,-4.283191489361698,-8.752127659574455,0.06085106382978722
TUR,Türkiye,1998,925392.75,19.2822647094727,2175746.5,1.93831443786621,84.64133,13.72604166666667,1.920208333333342,0.08958333333333268
TUR,Türkiye,1999,895195.625,19.5571670532227,2259053.75,1.96719241142273,64.86748,8.30591836734694,-16.568979591836726,-1.352244897959184
TUR,Türkiye,2000,957261.625,19.4090595245361,2384086.25,1.99650061130524,54.91538,12.859800000000003,3.322400000000009,-0.7152000000000012
TUR,Türkiye,2001,902219.125,19.2610321044922,2438819,2.01745104789734,54.40018,17.007647058823537,-3.0927450980392166,0.5288235294117642
TUR,Türkiye,2002,960391.625,19.2046203613281,2528489.25,2.03862142562866,44.96412,2.650576923076926,-13.09326923076923,-0.261346153846155
TUR,Türkiye,2003,1015740.9375,19.042516708374,2658071.25,2.06001400947571,21.60244,7.710566037735852,7.093773584905662,0.26358490566037673
TUR,Türkiye,2004,1115242.375,19.5711135864258,2863557.5,2.08163118362427,8.598262,3.1977777777777803,4.61240740740741,0.5387037037037024
TUR,Türkiye,2005,1215528.25,20.0669860839844,3113557,2.10347485542297,8.17916,6.149636363636368,-11.33145454545454,0.16890909090908934
TUR,Türkiye,2006,1299983.25,20.4468612670898,3403840.25,2.12519979476929,9.597242,14.24982142857143,0.2908928571428646,-0.15410714285714455
TUR,Türkiye,2007,1365547.875,20.7662334442139,3695331,2.14714884757996,8.756181,19.719824561403502,1.2757894736842277,-0.2214035087719317
TUR,Türkiye,2008,1376677.25,21.2253513336182,3953534,2.16932463645935,10.44413,15.5898275862069,5.543793103448287,-1.8975862068965537
TUR,Türkiye,2009,1310277.5,21.260082244873,4110565.75,2.19172954559326,6.250977,0.8755932203389847,-8.00016949152542,0.7845762711864381
TUR,Türkiye,2010,1420697.25,22.5815200805664,4345502,2.2143657207489,8.566444,19.121,1.9431666666666771,0.7014999999999976
TUR,Türkiye,2011,1579816.25,24.0761661529541,4674676.5,2.24584078788757,6.471879,3.417540983606557,2.0313114754098507,-0.8300000000000023
TUR,Türkiye,2012,1655465.25,24.798152923584,5001464.5,2.27776288986206,8.89157,14.472419354838712,-0.6114516129032168,0.853387096774191
TUR,Türkiye,2013,1795945.25,25.5230007171631,5395631,2.31013917922974,7.49309,2.392698412698415,9.318253968253975,-1.3001587301587323
TUR,Türkiye,2014,1884659.5,25.9309997558594,5806579.5,2.3429753780365,8.854572,10.2653125,-11.277343749999991,-0.08984375000000178
TUR,Türkiye,2015,1999331.625,26.6200008392334,6265647,2.37627840042114,7.670854,12.98738461538462,-5.803846153846138,0.0915384615384598
TUR,Türkiye,2016,2065771.75,27.2049999237061,6718667.5,2.4100546836853,7.775134,13.39060606060606,-6.485909090909082,0.8601515151515136
TUR,Türkiye,2017,2220745.25,28.1889991760254,7218943,2.44431138038635,11.14431,18.210746268656713,0.8308955223880687,-0.7126865671641802
TUR,Türkiye,2018,2287660.5,28.7409992218018,7702868.5,2.47905468940735,16.33246,9.70294117647058,-3.5813235294117476,0.6277941176470581
TUR,Türkiye,2019,2306385.5,28.0819530487061,8060471.5,2.51429200172424,15.17682,7.952318840579707,-5.989420289855062,-0.07130434782608752
TUR,Türkiye,2020,2349280.75,26.8138656616211,8455769,2.55002999305725,12.27896,19.10871428571428,11.00614285714287,-1.1802857142857155
TUR,Türkiye,2021,2618024,28.7990016937256,8893598,2.57585644721985,19.59649,10.539577464788728,-3.5188732394366085,-0.2536619718309874
TUR,Türkiye,2022,2762891.75,30.7261581420898,9321762,2.59900760650635,72.30884,11.07319444444444,3.7900000000000063,-0.6101388888888897
TUR,Türkiye,2023,2904107,31.6075744628906,9800645,2.62274813652039,53.85941,12.671506849315064,-2.311917808219171,1.1782191780821911
USA,United States,1960,3856027.5,70.6460189819336,14692825,2.72125053405762,1.457976,0.6980000000000004,-3.7800000000000047,0.0129999999999999
USA,United States,1961,3954515.25,70.6938095092773,15163884,2.75555515289307,1.070362,-3.115454545454547,-3.5263636363636373,0.6318181818181818
USA,United States,1962,4196393,71.7677536010742,15694052,2.79029202461243,1.176077,-0.6658333333333317,-2.1125000000000043,-0.7708333333333339
USA,United States,1963,4379103,72.7672500610352,16269798,2.8254668712616,1.25606,1.3753846153846112,-0.09000000000000696,-1.1315384615384625
USA,United States,1964,4631648.5,74.4171905517578,16905626,2.8610851764679,1.322089,-0.24285714285714025,-0.9435714285714312,0.31928571428571395
USA,United States,1965,4932693.5,76.191047668457,17608950,2.89715242385864,1.578693,-8.416666666666671,-3.760666666666669,-0.4119999999999999
USA,United States,1966,5257925.5,78.5942001342773,18365290,2.92837071418762,2.989375,-2.9806249999999963,-0.10562500000000696,-0.7962500000000006
USA,United States,1967,5402184.5,80.5108032226563,19077508,2.95992541313171,2.78455,-8.205294117647057,-1.4794117647058904,-0.20941176470588285
USA,United States,1968,5667382,82.1303176879883,19811168,2.99181985855103,4.244694,-5.4894444444444375,-3.777222222222232,-0.28777777777777835
USA,United States,1969,5845379,84.0793533325195,20540238,3.02405834197998,5.437126,-1.7505263157894717,0.23157894736840845,0.1873684210526303
USA,United States,1970,5857162.5,84.4425811767578,21169224,3.05664396286011,5.883689,3.8370000000000033,0.5299999999999869,-0.2220000000000004
USA,United States,1971,6050023,84.6576461791992,21907770,3.08988523483276,4.226561,-1.7257142857142824,-1.3952380952381027,-0.4314285714285715
USA,United States,1972,6367982,87.0524063110352,22737082,3.12348771095276,3.272952,-3.2072727272727235,1.288181818181812,-0.01181818181818084
USA,United States,1973,6727497.5,89.9233474731445,23648198,3.1574559211731,6.25872,-1.8978260869565131,-2.297826086956526,1.9986956521739143
USA,United States,1974,6691132,91.6357727050781,24424420,3.19179344177246,11.01107,-2.758749999999992,1.7979166666666622,0.21541666666666703
USA,United States,1975,6677374,90.5058212280273,25017550,3.2265043258667,9.141602,-3.308399999999992,-4.584000000000003,0.30680000000000085
USA,United States,1976,7037154,93.3249664306641,25717052,3.24999570846558,5.774888,-7.251153846153841,-3.1776923076923147,-0.6549999999999985
USA,United States,1977,7362564.5,96.5252380371094,26565692,3.27365803718567,6.469555,2.6174074074074127,-4.090000000000003,0.41925925925926055
USA,United States,1978,7770098,100.492530822754,27571754,3.29749250411987,7.629915,1.8439285714285776,-1.0939285714285774,0.5242857142857149
USA,United States,1979,8016097.5,103.14087677002,28627578,3.32150077819824,11.25303,-4.869655172413786,0.5737931034482706,1.346206896551724
USA,United States,1980,7995514.5,103.470497131348,29506590,3.34568381309509,13.50172,6.992666666666672,-0.9953333333333384,0.5313333333333343
USA,United States,1981,8198417,104.698364257813,30360724,3.35476899147034,10.37831,-1.742903225806444,-2.2332258064516175,0.7141935483870974
USA,United States,1982,8050598,103.979858398438,31041684,3.36387896537781,6.158358,-5.978437499999991,-7.493437500000006,1.4718750000000007
USA,United States,1983,8419620,105.435424804688,31824032,3.37301373481751,3.15953,2.442727272727282,-5.47636363636364,2.117272727272727
USA,United States,1984,9028902,109.861747741699,32878966,3.38217329978943,4.368201,-1.0091176470588152,-3.955294117647064,0.9150000000000018
USA,United States,1985,9405369,112.190933227539,34021900,3.39135766029358,3.527903,-2.080285714285708,-5.332285714285717,0.8588571428571425
USA,United States,1986,9731045,114.729598999023,35158052,3.40006065368652,1.943928,-0.4224999999999923,-0.44416666666667126,1.1850000000000005
USA,United States,1987,10067217,117.664184570313,36259956,3.4087860584259,3.578212,2.268918918918928,-0.8921621621621654,0.3629729729729734
USA,United States,1988,10487722,120.204109191895,37347072,3.41753363609314,4.100044,10.689210526315804,-1.5986842105263186,-0.5065789473684204
USA,United States,1989,10872856,122.550140380859,38436032,3.42630386352539,4.791094,0.18512820512821548,-1.5976923076923129,0.3064102564102562
USA,United States,1990,11077914,123.909660339355,39439352,3.43509650230408,5.419216,3.360500000000016,-5.747750000000007,1.46875
USA,United States,1991,11065916,122.739585876465,40251216,3.4523024559021,4.21583,2.758536585365867,-1.737560975609764,0.8429268292682934
USA,United States,1992,11455713,123.287582397461,41116496,3.46959495544434,3.041616,-8.927142857142847,-4.886190476190485,0.5428571428571436
USA,United States,1993,11770951,124.845741271973,42057968,3.48697352409363,2.96965,-3.7795348837209137,-2.362558139534894,1.3702325581395352
USA,United States,1994,12245205,127.499229431152,43102436,3.50443959236145,2.595605,1.3563636363636462,-1.628863636363647,0.6590909090909092
USA,United States,1995,12573918,129.18815612793,44213800,3.5219931602478,2.80542,0.5362222222222286,0.5673333333333233,0.9844444444444438
USA,United States,1996,13048304,130.841674804688,45461520,3.53323888778687,2.936673,-2.215434782608696,-0.2950000000000088,1.2630434782608688
USA,United States,1997,13628579,133.488845825195,46823444,3.54452061653137,2.337566,-5.798297872340427,-4.4687234042553285,0.4261702127659568
USA,United States,1998,14239566,135.237609863281,48363724,3.5558385848999,1.547007,5.142499999999998,0.19437499999999375,1.2572916666666665
USA,United States,1999,14921416,137.152206420898,50045728,3.56719255447388,2.193139,-0.9624489795918336,5.4204081632652965,-0.1783673469387752
USA,United States,2000,15529851,138.807235717773,51804608,3.5785825252533,3.366683,5.316800000000008,2.651999999999987,-0.5348000000000006
USA,United States,2001,15678245,138.769241333008,53377052,3.58833718299866,2.816629,2.282549019607849,0.8799999999999883,-0.27431372549019617
USA,United States,2002,15944844,138.339965820313,54757692,3.59811854362488,1.59567,8.118653846153855,3.213076923076912,0.2509615384615387
USA,United States,2003,16390599,139.01806640625,56217084,3.6079261302948,2.297998,1.4554716981132143,0.18245283018866945,-0.16377358490565985
USA,United States,2004,17021272,140.763900756836,57823104,3.61776089668274,2.667572,-6.221481481481469,-1.190925925925935,0.7692592592592593
USA,United States,2005,17614216,143.133728027344,59564856,3.62762236595154,3.36583,8.321636363636372,2.0407272727272634,-0.03472727272727294
USA,United States,2006,18104692,145.8642578125,61276848,3.64232897758484,3.22209,9.073035714285716,1.0442857142857065,0.33589285714285744
USA,United States,2007,18467484,147.297500610352,62818256,3.65709471702576,2.87055,9.373859649122814,3.155964912280691,-0.4500000000000002
USA,United States,2008,18488460,147.243347167969,64052376,3.67192077636719,3.814953,0.9322413793103408,-0.4184482758620795,0.46775862068965424
USA,United States,2009,18012106,142.301330566406,64686820,3.68680667877197,-0.3203576,-2.4535593220338967,-1.3713559322034,0.6398305084745761
USA,United States,2010,18497566,141.964340209961,65349080,3.70175337791443,1.636569,9.327333333333328,1.901499999999988,0.01916666666666611
USA,United States,2011,18786944,143.617950439453,66106652,3.70701098442078,3.139652,12.234426229508196,2.2903278688524473,0.20885245901639315
USA,United States,2012,19216998,146.331634521484,67036032,3.71227598190308,2.073191,15.187096774193549,5.323387096774184,-0.9645161290322584
USA,United States,2013,19623982,148.027877807617,68023432,3.71754860877991,1.465972,3.256031746031752,-1.4511111111111212,0.46079365079364987
USA,United States,2014,20119256,150.637252807617,69139896,3.72282862663269,1.615463,0.2851562500000071,-2.078437500000014,0.1335937499999993
USA,United States,2015,20711878,153.071655273438,70325160,3.72811627388001,0.1211372,4.2107692307692375,-3.2064615384615465,1.2715384615384604
USA,United States,2016,21088720,155.681167602539,71524240,3.73341131210327,1.267361,9.396969696969698,2.132121212121202,0.3522727272727266
USA,United States,2017,21607002,158.468490600586,72799488,3.73871397972107,2.131445,6.766716417910452,3.610298507462673,1.0470149253731336
USA,United States,2018,22247976,161.065612792969,74181696,3.74402379989624,2.438999,12.067205882352953,0.8072058823529282,2.0216176470588234
USA,United States,2019,22822856,163.923538208008,75565584,3.74934148788452,1.813259,7.362318840579718,-1.9144927536232004,2.0023188405797097
USA,United States,2020,22329176,154.939697265625,76785096,3.75466680526733,1.249189,12.237142857142857,4.932857142857127,0.31371428571428517
USA,United States,2021,23681202,160.861312866211,78158760,3.72817277908325,4.682189,10.34478873239437,1.363380281690123,0.4692957746478861
USA,United States,2022,24276130,165.578491210938,79490152,3.81364345550537,7.99169,13.74111111111111,2.214444444444432,0.2527777777777773
USA,United States,2023,24977152,167.539749145508,80822920,3.82982563972473,4.12827,6.392876712328771,-1.0458904109589149,-0.08068493150685008
VEN,Venezuela (Bolivarian Republic of),1960,3167.76489257813,2.33964729309082,18916.431640625,1.29479372501373,3.947368,50.30200000000001,0.6460000000000008,2.122
VEN,Venezuela (Bolivarian Republic of),1961,3307.22631835938,2.40701413154602,19270.0546875,1.30171048641205,-2.828604,45.60909090909093,2.6372727272727268,2.129090909090909
VEN,Venezuela (Bolivarian Republic of),1962,3628.33325195313,2.4763240814209,19740.24609375,1.30866420269012,1.002922,38.048333333333346,-7.222499999999997,7.611666666666668
VEN,Venezuela (Bolivarian Republic of),1963,3867.43579101563,2.54763126373291,20212.51171875,1.31565499305725,1.089492,45.34153846153848,-5.966923076923077,0.3961538461538474
VEN,Venezuela (Bolivarian Republic of),1964,4372.79248046875,2.62099552154541,21179.345703125,1.3226832151413,2.121761,39.99285714285716,15.949285714285718,5.147857142857145
VEN,Venezuela (Bolivarian Republic of),1965,4585.29736328125,2.70195150375366,22124.154296875,1.32974898815155,1.767553,21.20666666666668,2.256,-2.54533333333333
VEN,Venezuela (Bolivarian Republic of),1966,4547.21630859375,2.77173376083374,22869.49609375,1.33973479270935,1.73716,39.431250000000006,8.254999999999999,1.3137500000000024
VEN,Venezuela (Bolivarian Republic of),1967,4744.400390625,2.84332251548767,23676.947265625,1.34979557991028,-0.0298029,10.341764705882357,-3.730588235294121,1.0964705882352952
VEN,Venezuela (Bolivarian Republic of),1968,5195.06396484375,2.91675186157227,25011.78125,1.35993194580078,1.317743,11.527222222222209,-8.993333333333336,3.8255555555555567
VEN,Venezuela (Bolivarian Republic of),1969,5474.39453125,2.99207472801209,26361.51171875,1.37014448642731,2.425044,6.590526315789475,-14.060000000000002,4.114210526315787
VEN,Venezuela (Bolivarian Republic of),1970,6128.32177734375,3.07438230514526,28387.294921875,1.38043367862701,2.49156,-5.038999999999987,-10.547,4.278500000000001
VEN,Venezuela (Bolivarian Republic of),1971,6316.39013671875,3.2036406993866,30731.615234375,1.41207051277161,3.243882,-21.679047619047623,-1.524761904761906,-1.225238095238094
VEN,Venezuela (Bolivarian Republic of),1972,6522.3271484375,3.30692481994629,33497.00390625,1.44443249702454,2.80754,-10.013636363636351,-16.325454545454548,1.8404545454545485
VEN,Venezuela (Bolivarian Republic of),1973,6930.1015625,3.45567631721497,36470.87109375,1.47753596305847,4.110358,-13.568260869565194,4.594347826086949,3.6504347826086985
VEN,Venezuela (Bolivarian Republic of),1974,7350.470703125,3.6107976436615,39144.94140625,1.51139831542969,8.281905,-16.502916666666664,-9.087083333333336,0.7283333333333353
VEN,Venezuela (Bolivarian Republic of),1975,7796.3271484375,3.76318883895874,42874.171875,1.54603660106659,10.30422,-10.432799999999986,-4.363600000000002,2.4791999999999987
VEN,Venezuela (Bolivarian Republic of),1976,8480.34375,3.70321989059448,47897.15625,1.59543251991272,7.578283,-7.021538461538455,-11.03576923076923,-0.6561538461538454
VEN,Venezuela (Bolivarian Republic of),1977,9050.4072265625,3.78109002113342,54602.31640625,1.64640665054321,7.760429,30.41851851851854,5.302962962962958,0.6381481481481508
VEN,Venezuela (Bolivarian Republic of),1978,9243.7470703125,3.99451971054077,61629.62109375,1.69900929927826,7.179277,25.45214285714286,-9.636428571428574,3.525357142857142
VEN,Venezuela (Bolivarian Republic of),1979,9367.3681640625,4.10623979568481,66423.796875,1.7423187494278,12.31935,34.54448275862072,5.515862068965511,1.4237931034482756
VEN,Venezuela (Bolivarian Republic of),1980,9181.0576171875,4.6351490020752,70039.2109375,1.78411388397217,21.58684,25.803000000000026,11.322,-2.9036666666666644
VEN,Venezuela (Bolivarian Republic of),1981,9153.228515625,4.80122900009155,73695.2109375,1.79162418842316,16.00034,16.800645161290362,-2.653225806451612,0.21000000000000085
VEN,Venezuela (Bolivarian Republic of),1982,9215.9169921875,4.92725419998169,76965.203125,1.79916608333588,9.672503,2.8756250000000136,-12.3803125,-4.276562499999997
VEN,Venezuela (Bolivarian Republic of),1983,8697.998046875,4.93401384353638,78628.390625,1.80673968791962,6.323215,34.04848484848486,0.0548484848484847,-4.816969696969691
VEN,Venezuela (Bolivarian Republic of),1984,8580.236328125,4.93800210952759,79505.875,1.81434524059296,11.5728,-0.6429411764705719,-7.316764705882356,-2.5752941176470543
VEN,Venezuela (Bolivarian Republic of),1985,8596.9345703125,5.10611581802368,80630.3515625,1.82198286056519,11.39018,-4.624571428571414,3.982285714285712,-0.811714285714281
VEN,Venezuela (Bolivarian Republic of),1986,9156.7431640625,5.39600896835327,82194.75,1.82045066356659,11.55129,-7.516111111111087,-5.018333333333338,0.6008333333333375
VEN,Venezuela (Bolivarian Republic of),1987,9484.544921875,5.69418287277222,83909.7890625,1.81891977787018,28.11592,38.36702702702701,1.7972972972972947,0.5045945945946002
VEN,Venezuela (Bolivarian Republic of),1988,10036.73828125,6.03543376922607,85904.234375,1.81739008426666,29.49397,26.24736842105264,10.420000000000002,3.141315789473687
VEN,Venezuela (Bolivarian Republic of),1989,9176.6640625,6.11256408691406,86445.8828125,1.81586182117462,84.36134,1.234358974358969,-8.667179487179485,-0.519230769230763
VEN,Venezuela (Bolivarian Republic of),1990,9770.162109375,6.40446710586548,86829.3671875,1.81433475017548,40.72337,5.993499999999983,-13.450500000000002,0.33375000000000554
VEN,Venezuela (Bolivarian Republic of),1991,10720.7548828125,6.70118808746338,88711.6953125,1.84804356098175,34.19643,3.6073170731707194,-3.9924390243902472,1.525609756097566
VEN,Venezuela (Bolivarian Republic of),1992,11370.498046875,6.98638200759888,92059.84375,1.88237845897675,31.41264,11.791428571428554,3.062619047619048,-3.460714285714282
VEN,Venezuela (Bolivarian Republic of),1993,11401.841796875,7.10268592834473,94855.6484375,1.91735148429871,38.11932,14.737209302325567,-7.99860465116279,1.579767441860472
VEN,Venezuela (Bolivarian Republic of),1994,11133.8017578125,7.26586151123047,96434.8125,1.95297408103943,60.79532,11.572272727272718,-0.5968181818181826,-0.3661363636363575
VEN,Venezuela (Bolivarian Republic of),1995,11573.798828125,7.66699266433716,98079.515625,1.98925864696503,59.96444,41.065111111111094,9.086444444444446,0.07200000000000273
VEN,Venezuela (Bolivarian Republic of),1996,11550.94921875,7.81914806365967,99410.03125,2.02065086364746,99.82436,6.4123913043477785,-3.87108695652174,2.5504347826087006
VEN,Venezuela (Bolivarian Republic of),1997,12286.8154296875,8.28680229187012,101952.8359375,2.05253863334656,50.09903,24.065957446808483,-5.958723404255323,-3.22382978723404
VEN,Venezuela (Bolivarian Republic of),1998,12323.1416015625,8.71066665649414,104612.109375,2.08492922782898,35.78004,47.29458333333329,1.405416666666664,3.443333333333335
VEN,Venezuela (Bolivarian Republic of),1999,11587.2734375,8.72616672515869,106110.6796875,2.11783146858215,23.57821,2.43938775510199,-14.573265306122453,2.753061224489798
VEN,Venezuela (Bolivarian Republic of),2000,12014.3818359375,8.83524990081787,107653.25,2.15125250816345,16.21386,11.260599999999954,-3.6418,2.458000000000002
VEN,Venezuela (Bolivarian Republic of),2001,12422.1552734375,9.40266704559326,109815.6796875,2.18933629989624,12.53288,31.679803921568578,13.86960784313725,-1.7701960784313684
VEN,Venezuela (Bolivarian Republic of),2002,11322.162109375,9.78617572784424,110842.359375,2.22809457778931,22.42815,32.850576923076886,-1.6871153846153852,1.3038461538461554
VEN,Venezuela (Bolivarian Republic of),2003,10444.21875,9.99380588531494,110089.484375,2.26753854751587,31.09039,46.87075471698111,14.844716981132072,2.86924528301887
VEN,Venezuela (Bolivarian Republic of),2004,12353.900390625,10.2486667633057,110899.3515625,2.3076810836792,21.74672,37.19277777777776,3.609814814814815,2.9561111111111096
VEN,Venezuela (Bolivarian Republic of),2005,13628.7783203125,10.4047117233276,113307.84375,2.34853434562683,15.95413,49.096545454545435,-6.33581818181818,-0.5376363636363664
VEN,Venezuela (Bolivarian Republic of),2006,14974.2548828125,11.0166654586792,117187.1015625,2.39718818664551,13.64794,39.62982142857141,-9.44267857142857,2.631964285714286
VEN,Venezuela (Bolivarian Republic of),2007,16284.873046875,11.3500318527222,122584.5546875,2.44685029983521,18.69858,44.44456140350874,2.0029824561403515,4.455789473684209
VEN,Venezuela (Bolivarian Republic of),2008,17144.361328125,11.7049312591553,127681.125,2.49754095077515,30.36801,26.528275862068934,-4.2015517241379285,5.6289655172413795
VEN,Venezuela (Bolivarian Republic of),2009,16595.390625,11.9274263381958,131630.015625,2.54928183555603,27.07369,53.38864406779655,-12.250338983050842,-2.936440677966102
VEN,Venezuela (Bolivarian Republic of),2010,16348.44140625,12.0098400115967,134803.765625,2.58825922012329,28.16658,54.1488333333333,1.5638333333333383,11.242500000000003
VEN,Venezuela (Bolivarian Republic of),2011,17030.9921875,12.2373781204224,138204.828125,2.62051510810852,26.07927,33.51114754098356,-7.971803278688519,4.748196721311473
VEN,Venezuela (Bolivarian Republic of),2012,17989.201171875,12.4183177947998,143497,2.65317296981812,21.06418,33.6806451612903,-12.363225806451604,3.631612903225804
VEN,Venezuela (Bolivarian Republic of),2013,18230.87890625,12.7906246185303,147743.984375,2.68623757362366,40.59216,48.876031746031714,0.01301587301588114,3.373968253968254
VEN,Venezuela (Bolivarian Republic of),2014,17520.791015625,12.8974456787109,150128.90625,2.71971440315247,62.14012,50.202343749999955,3.972812500000007,0.8812499999999979
VEN,Venezuela (Bolivarian Republic of),2015,16430.7578125,12.9940319061279,150636.296875,2.7536084651947,121.3973,65.80999999999995,-7.388307692307684,-0.40230769230769425
VEN,Venezuela (Bolivarian Republic of),2016,13630.8291015625,13.0354909896851,148019.796875,2.78792500495911,254.391,60.28287878787873,15.31363636363637,3.6037878787878768
VEN,Venezuela (Bolivarian Republic of),2017,11494.7041015625,14.5802850723267,143983.71875,2.82266926765442,438.117,29.973134328358157,-7.564925373134322,2.389999999999997
VEN,Venezuela (Bolivarian Republic of),2018,9239.353515625,14.8819351196289,139541.921875,2.8578462600708,65374.08,29.85235294117643,-2.1336764705882274,3.614852941176469
VEN,Venezuela (Bolivarian Republic of),2019,6678.7578125,14.6540679931641,135118.21875,2.89346170425415,19906.02,40.86971014492747,18.567246376811603,2.5224637681159408
VEN,Venezuela (Bolivarian Republic of),2020,4675.62841796875,13.5514049530029,130790.8203125,2.92952108383179,2355.15,50.835857142857094,10.312000000000008,1.1864285714285714
VEN,Venezuela (Bolivarian Republic of),2021,4722.2060546875,13.6142463684082,126822.9375,2.98354768753052,1588.513,7.929859154929488,-8.10323943661971,3.7197183098591537
VEN,Venezuela (Bolivarian Republic of),2022,5100.099609375,14.5905227661133,123220.6171875,3.04006600379944,200.914,17.33972222222215,-7.700694444444434,4.768055555555552
VEN,Venezuela (Bolivarian Republic of),2023,5304.27978515625,15.3156814575195,119927.1796875,3.09922003746033,337.458,62.93219178082185,-0.28520547945204555,-1.2972602739726042
ZAF,South Africa,1960,133547.734375,8.09593296051025,373265.9375,1.73874914646149,1.205833,8.393,-18.41899999999999,0.18399999999999928
ZAF,South Africa,1961,138439.578125,8.1382942199707,388993.40625,1.74422097206116,2.17525,1.6800000000000068,-21.814545454545453,1.137272727272726
ZAF,South Africa,1962,147244.9375,8.15425109863281,402135.59375,1.7497102022171,1.273993,9.840000000000003,6.193333333333342,0.9124999999999988
ZAF,South Africa,1963,158007.015625,8.20078563690186,423289.5625,1.75521659851074,1.26843,-0.596923076923062,-21.36307692307691,1.0423076923076913
ZAF,South Africa,1964,170725.84375,8.31545352935791,450165.96875,1.76074039936066,2.557684,6.525714285714301,-2.097142857142842,-1.1221428571428582
ZAF,South Africa,1965,180998.75,8.42011547088623,481767.03125,1.76628148555756,4.011027,9.040666666666668,-10.627333333333326,-1.9273333333333345
ZAF,South Africa,1966,189314.921875,8.48479175567627,507815.96875,1.77184009552002,3.559604,5.625624999999999,5.256875000000008,-0.5468750000000009
ZAF,South Africa,1967,202522.9375,8.56845855712891,543937.3125,1.77741622924805,3.485717,-4.335294117647052,-0.1323529411764639,0.8552941176470585
ZAF,South Africa,1968,211328.28125,8.66911220550537,574442.625,1.78300976753235,2.011371,3.8155555555555623,-6.114999999999988,-0.9922222222222224
ZAF,South Africa,1969,221112,8.73721408843994,610936.25,1.78862106800079,3.226183,6.9447368421052715,-6.203157894736833,-0.7400000000000002
ZAF,South Africa,1970,232852.4375,8.86291790008545,656665.6875,1.7942498922348,4.05791,18.257500000000007,-19.582999999999984,0.15699999999999914
ZAF,South Africa,1971,242816.21875,8.91770935058594,707951,1.8013254404068,5.957448,-5.921904761904763,-12.20047619047618,0.25952380952380905
ZAF,South Africa,1972,246834.296875,8.96839427947998,761080,1.80842876434326,6.425704,2.6972727272727326,10.404090909090913,0.3477272727272718
ZAF,South Africa,1973,258119.640625,9.02366256713867,815415.625,1.81556022167206,9.433966,-1.0400000000000065,-9.888260869565215,1.3926086956521735
ZAF,South Africa,1974,273893.5,9.07635307312012,872591.1875,1.8227196931839,11.72413,-20.71666666666667,-15.406249999999991,1.7345833333333325
ZAF,South Africa,1975,278537.03125,9.12131500244141,935943.6875,1.82990741729736,13.42593,-17.288000000000004,-9.319999999999991,1.3451999999999993
ZAF,South Africa,1976,284804.0625,9.16633605957031,993635.75,1.83712351322174,11.02041,-25.533076923076926,-3.8615384615384585,1.9134615384615377
ZAF,South Africa,1977,284536.09375,9.21259307861328,1040780.6875,1.84436810016632,11.15196,-1.467407407407407,-2.3985185185185003,0.9225925925925916
ZAF,South Africa,1978,293113.4375,9.26176166534424,1082204.875,1.85164129734039,11.13561,-2.285000000000011,4.007142857142867,-0.840357142857143
ZAF,South Africa,1979,304224.0625,9.31030654907227,1125048.125,1.85894298553467,13.29365,11.543793103448266,-23.98103448275861,-0.9313793103448278
ZAF,South Africa,1980,324365.46875,9.36312389373779,1182588.75,1.8662736415863,13.66024,4.0989999999999895,5.198333333333338,-1.130333333333334
ZAF,South Africa,1981,341753.875,9.58788967132568,1246582.875,1.87038958072662,15.25424,-5.323225806451617,-15.189354838709662,0.5561290322580641
ZAF,South Africa,1982,340443.75,9.820876121521,1302917.625,1.87451457977295,14.63903,10.743124999999992,-22.954687499999984,-0.8712500000000007
ZAF,South Africa,1983,334157.25,10.0604448318481,1350598.125,1.87864875793457,12.30321,22.127575757575755,-19.23909090909089,-0.8448484848484856
ZAF,South Africa,1984,351196.1875,10.3056087493896,1394229,1.8827919960022,11.52648,16.29676470588234,-15.883235294117632,-0.33000000000000096
ZAF,South Africa,1985,346941.65625,10.5572690963745,1427674.375,1.88694429397583,16.29423,4.651142857142858,-0.06942857142855985,1.5994285714285708
ZAF,South Africa,1986,347003.375,10.7004880905151,1437421.125,1.89110600948334,18.65491,6.271944444444429,-11.447499999999998,0.03499999999999925
ZAF,South Africa,1987,354293.125,11.2222261428833,1441866.75,1.89527666568756,16.1606,14.252432432432428,-12.3781081081081,1.0540540540540526
ZAF,South Africa,1988,369173.625,11.7401132583618,1459093.5,1.89945662021637,12.77955,-3.4326315789473796,-14.472368421052622,2.456315789473683
ZAF,South Africa,1989,378014.8125,12.2535619735718,1481931.375,1.90364575386047,14.73088,-4.464615384615399,-13.66128205128205,1.133333333333332
ZAF,South Africa,1990,376813.5625,12.7563381195068,1501193.75,1.90784406661987,14.32099,9.576999999999998,-8.099749999999993,-0.9150000000000004
ZAF,South Africa,1991,383072.4375,13.2505893707275,1512543.5,1.92495584487915,15.33477,0.4734146341463372,-7.542195121951217,0.9873170731707308
ZAF,South Africa,1992,385033.6875,13.4651679992676,1521176.875,1.94222116470337,13.8747,28.052142857142854,1.9073809523809544,-1.796190476190477
ZAF,South Africa,1993,400334.46875,13.6855449676514,1532023.25,1.95964133739471,9.717446,7.609767441860456,-7.946976744186053,-0.11441860465116348
ZAF,South Africa,1994,413145.21875,13.9024391174316,1550068.75,1.97721779346466,8.93855,3.71681818181817,5.2636363636363654,-0.8718181818181834
ZAF,South Africa,1995,425952.71875,14.1372346878052,1576895.5,1.99495184421539,8.68042,1.1142222222222244,-5.333333333333336,0.8175555555555549
ZAF,South Africa,1996,444268.65625,14.3681182861328,1610698.5,2.0128448009491,7.354125,-9.46,-19.17739130434783,1.999782608695651
ZAF,South Africa,1997,455819.625,14.550895690918,1646946.5,2.0308985710144,8.597778,-0.348723404255324,-11.939361702127664,0.17723404255319064
ZAF,South Africa,1998,458098.78125,14.7384786605835,1684349.5,2.04911398887634,6.880555,6.3785416666666634,10.999375000000008,0.6435416666666658
ZAF,South Africa,1999,469093.125,14.9315233230591,1708695,2.06749296188355,5.181487,15.738367346938771,-3.0551020408163225,-0.5495918367346944
ZAF,South Africa,2000,488795.0625,15.0993919372559,1734186.375,2.08603668212891,5.338952,-13.436400000000006,-4.204000000000001,3.1213999999999995
ZAF,South Africa,2001,501992.53125,14.5727882385254,1760691,2.12451338768005,5.70164,-0.25294117647058556,-11.141568627450972,1.640196078431372
ZAF,South Africa,2002,520568.09375,14.3326816558838,1788592.875,2.16369986534119,9.1133,16.931923076923084,-20.347307692307687,-0.8313461538461544
ZAF,South Africa,2003,535920.0625,13.7288331985474,1823800.75,2.20360922813416,5.869074,29.942452830188685,4.006603773584914,-1.1756603773584913
ZAF,South Africa,2004,560328.8125,13.8504276275635,1870619.5,2.24425435066223,1.428571,11.867962962962949,-2.697592592592592,-0.05388888888888932
ZAF,South Africa,2005,589897.75,13.7270851135254,1927961,2.28564929962158,3.363464,13.472181818181824,2.00145454545455,-0.6829090909090918
ZAF,South Africa,2006,622954.4375,15.648829460144,1998355.375,2.32780814170837,4.596299,-1.9683928571428595,-12.804285714285712,1.7692857142857132
ZAF,South Africa,2007,656347.75,15.848687171936,2085666.25,2.37074422836304,7.155357,16.576140350877196,-1.1596491228070178,-0.7117543859649129
ZAF,South Africa,2008,677292.0625,16.3671989440918,2189325.25,2.41447234153748,11.54056,10.680344827586213,8.140344827586205,-0.7894827586206903
ZAF,South Africa,2009,666874.75,16.0394172668457,2272000.25,2.45900702476501,6.572312,6.209322033898303,-13.787627118644068,0.1438983050847451
ZAF,South Africa,2010,687145.875,15.7275171279907,2342447.5,2.50436329841614,4.274157,16.195833333333326,18.64216666666666,0.841499999999999
ZAF,South Africa,2011,708918.5625,16.447732925415,2420547.75,2.50843787193298,4.991949,1.1703278688524392,-9.643442622950817,0.7177049180327852
ZAF,South Africa,2012,725905.875,16.5179538726807,2496836.25,2.55785465240479,5.674847,15.071451612903203,-3.13790322580644,0.1761290322580642
ZAF,South Africa,2013,743948,16.8759002685547,2578230.25,2.57399797439575,5.726349,16.392222222222202,3.4919047619047703,-0.1366666666666676
ZAF,South Africa,2014,754466.1875,16.9926815032959,2651184,2.5895402431488,6.077624,9.20609374999998,1.9873437500000009,0.5154687499999993
ZAF,South Africa,2015,764439.1875,17.7837219238281,2721910,2.60090255737305,4.6,37.40446153846152,-5.243230769230763,-2.492461538461539
ZAF,South Africa,2016,769519.3125,17.9849662780762,2783816.75,2.59450531005859,6.298504,32.36772727272725,-2.0537878787878725,-1.034696969696971
ZAF,South Africa,2017,778429.875,18.3028411865234,2837540,2.58812355995178,5.301026,15.46462686567162,24.676865671641792,0.17074626865671583
ZAF,South Africa,2018,790548.375,18.6863594055176,2886862.25,2.67671513557434,4.612138,23.437205882352927,-13.446029411764703,-1.5517647058823547
ZAF,South Africa,2019,792603.3125,18.6427268981934,2931175.25,2.76833891868591,4.120642,36.25753623188403,39.368840579710145,-0.8892753623188416
ZAF,South Africa,2020,745337.4375,17.1609477996826,2946116.25,2.64752745628357,3.274908,13.469571428571411,13.03642857142858,0.4434285714285702
ZAF,South Africa,2021,780391.1875,16.7443466186523,2963688.75,2.80493950843811,4.555605,2.329859154929551,5.132816901408461,2.5171830985915475
ZAF,South Africa,2022,795299.875,17.7034358978272,2990285,2.85314345359802,6.868859,4.487499999999983,-11.748472222222212,2.1822222222222205
ZAF,South Africa,2023,800084.875,18.830005645752,3022919.25,2.90350246429443,5.899752,21.396027397260255,-4.2875342465753405,0.4223287671232861
