Code,Name,Year,GDP,emp,rnna,hc,infl,hd30,cdd,r20mm
ARG,Argentina,1960,327019.34375,7.57764291763306,816702.75,1.95386576652527,27.28418,18.28,4.0000000000000036,-1.6540000000000008
ARG,Argentina,1961,337660.5625,7.67295646667481,878633.75,1.96492779254913,13.51399,10.668181818181814,8.796363636363637,-0.5536363636363628
ARG,Argentina,1962,339820.9375,7.77618455886841,925532.4375,1.9760525226593,28.05955,15.059166666666664,12.133333333333333,-2.5074999999999985
ARG,Argentina,1963,327342.6875,7.88867855072022,952883.25,1.98724031448364,24.07401,3.360769230769229,0.509999999999998,0.49538461538461753
ARG,Argentina,1964,352784.5,7.98553991317749,999868.4375,1.99849140644073,22.13781,3.700714285714284,13.473571428571432,-2.1499999999999995
ARG,Argentina,1965,385236.90625,8.0875244140625,1047281.5625,2.00980615615845,28.58496,13.324000000000003,-4.5646666666666675,-1.666666666666667
ARG,Argentina,1966,386146.21875,8.19963932037354,1088177.25,2.02271342277527,31.86142,0.00124999999999886,5.570625,-0.14250000000000007
ARG,Argentina,1967,396909,8.2967119216919,1130581.375,2.03570342063904,29.22604,9.111176470588234,1.7829411764705867,2.235882352941177
ARG,Argentina,1968,417411.03125,8.40144634246826,1179486.625,2.04877686500549,16.2273,8.024999999999999,3.4138888888888914,0.8816666666666659
ARG,Argentina,1969,455670.46875,8.48287391662598,1249613.125,2.06193423271179,7.578273,15.652631578947364,5.284210526315796,1.3852631578947374
ARG,Argentina,1970,470236.90625,8.57740497589111,1318808.875,2.07517623901367,13.57761,9.679999999999993,6.840000000000003,-0.07399999999999984
ARG,Argentina,1971,487923.25,8.65678024291992,1394710.625,2.09646344184876,34.72416,8.359047619047615,10.29428571428572,-0.800476190476191
ARG,Argentina,1972,498060.84375,8.74315738677979,1468528,2.1179690361023,58.45499,4.569090909090896,-1.5736363636363606,1.415909090909091
ARG,Argentina,1973,516708.90625,8.83120441436768,1528677.875,2.1396951675415,60.30293,-1.4995652173913143,-0.6852173913043416,2.474347826086957
ARG,Argentina,1974,544641.75,9.16103172302246,1591252.25,2.16164422035217,24.21354,-2.6270833333333385,-3.0466666666666633,-0.21875
ARG,Argentina,1975,541411.75,9.26017761230469,1652333.125,2.18381834030151,182.7994,4.42799999999999,-2.1947999999999936,0.46000000000000085
ARG,Argentina,1976,541351.3125,9.23285484313965,1724784.875,2.19690632820129,444.0138,-1.1623076923076925,0.4996153846153888,0.2423076923076923
ARG,Argentina,1977,575913.5,9.45600986480713,1823331.625,2.21007299423218,176.031,6.450740740740741,-2.2788888888888863,0.14333333333333265
ARG,Argentina,1978,557362.1875,9.59162712097168,1895201.375,2.22331833839417,175.5097,3.880357142857136,3.4425000000000097,0.9782142857142856
ARG,Argentina,1979,596473,9.75939464569092,1974660.5,2.23664307594299,159.5101,-1.9534482758620797,1.47379310344828,0.9144827586206912
ARG,Argentina,1980,605140.75,9.78753852844238,2058199.75,2.25004768371582,100.7651,14.471666666666664,1.844666666666669,0.9540000000000024
ARG,Argentina,1981,572360.5625,9.83670520782471,2114802.75,2.28316402435303,104.4758,0.8748387096774195,-0.5848387096774204,0.30322580645161246
ARG,Argentina,1982,554266.875,9.98936080932617,2144526.5,2.3167679309845,164.7767,4.3074999999999974,-6.4065625,0.34375
ARG,Argentina,1983,577060.25,10.3157749176025,2175729.75,2.3508665561676,343.8091,6.9869696969696875,-2.9424242424242415,0.8133333333333344
ARG,Argentina,1984,588633.1875,10.5572557449341,2202909,2.38546681404114,626.7217,-5.178529411764707,-5.735882352941186,2.7194117647058835
ARG,Argentina,1985,547687.3125,10.6875839233398,2215763.25,2.42057633399963,672.1798,1.63942857142856,-5.382000000000005,2.2217142857142864
ARG,Argentina,1986,586812,10.9587926864624,2239318.75,2.44188833236694,90.09358,4.443888888888878,-4.352500000000003,1.6900000000000013
ARG,Argentina,1987,601674.75,11.1771202087402,2276186.75,2.46338820457459,131.331,5.683783783783774,-0.554864864864868,0.7343243243243247
ARG,Argentina,1988,589925.5,11.3988361358643,2308918.75,2.48507714271545,342.955,12.284210526315782,7.489736842105259,-1.6449999999999996
ARG,Argentina,1989,548568.4375,11.4962272644043,2318552.5,2.50695705413818,3079.469,15.059230769230751,-0.7923076923076948,-1.1928205128205107
ARG,Argentina,1990,541225.25,11.8114786148071,2316432,2.52902960777283,2313.965,-0.6372500000000088,-0.20250000000000057,1.447000000000001
ARG,Argentina,1991,598032.5,12.1906824111938,2337542.75,2.55256795883179,171.6717,-3.351707317073185,-6.507560975609753,2.8117073170731715
ARG,Argentina,1992,659656.875,12.3859348297119,2388928.5,2.57097387313843,24.89994,-5.681904761904775,-4.152619047619048,2.1747619047619065
ARG,Argentina,1993,700896.375,12.3450126647949,2457381,2.58705997467041,10.61152,5.94023255813952,2.163953488372094,0.634186046511628
ARG,Argentina,1994,741802.4375,12.4161834716797,2540939.25,2.60324645042419,4.177332,8.715227272727255,-1.0352272727272762,0.22977272727272968
ARG,Argentina,1995,720696.3125,11.8353137969971,2597811.25,2.6195344924926798,3.376141,8.201555555555544,3.117777777777775,-2.4053333333333313
ARG,Argentina,1996,760526.75,12.1372137069702,2664185.75,2.62702393531799,0.1556414,3.4532608695651987,1.7099999999999935,0.25695652173913075
ARG,Argentina,1997,822213.5625,12.7625093460083,2753937,2.63453459739685,0.5285887,7.539787234042542,-5.116382978723408,0.971489361702128
ARG,Argentina,1998,853870.25,13.3511428833008,2850290,2.64206695556641,0.885049,-9.177291666666676,-1.8897916666666672,1.0712500000000027
ARG,Argentina,1999,824962.8125,13.461275100708,2917020.25,2.64962077140808,-1.127867,3.809999999999988,-5.771224489795923,0.06938775510204209
ARG,Argentina,2000,818454,13.5983610153198,2969278.5,2.65719604492188,-0.1546154,-4.216200000000008,-1.1458000000000013,1.9680000000000015
ARG,Argentina,2001,782369.6875,13.505482673645,2996496.25,2.68300294876099,-1.065365,7.726470588235294,-1.7833333333333383,1.6894117647058842
ARG,Argentina,2002,697134.5,13.4126663208008,2974311.25,2.70905995368958,25.8685,3.967884615384612,-3.1990384615384677,2.4169230769230783
ARG,Argentina,2003,758740.625,14.0691041946411,2987798.25,2.73537039756775,13.44285,9.90301886792453,2.611320754716978,-0.9886792452830182
ARG,Argentina,2004,827251.625,14.9968576431274,3045520.75,2.76193618774414,4.415718,11.029629629629632,0.0429629629629531,-1.4403703703703703
ARG,Argentina,2005,900477.125,15.7495889663696,3125045.5,2.7887601852417,9.641663,8.17909090909091,-2.1878181818181908,-1.4141818181818184
ARG,Argentina,2006,972939.75,16.2981224060059,3225173,2.7969753742218,10.8978,10.753035714285724,5.1912499999999895,-0.7089285714285722
ARG,Argentina,2007,1060578.875,16.9614124298096,3358898.25,2.80521464347839,14.30391,5.74438596491229,3.96017543859648,-0.5464912280701757
ARG,Argentina,2008,1103609,17.3702507019043,3500743,2.81347823143005,22.93376,13.155344827586203,5.731896551724134,-2.3970689655172412
ARG,Argentina,2009,1038291.6875,17.5620536804199,3574509.25,2.82176613807678,16.53515,18.932372881355924,6.674745762711858,-1.896440677966103
ARG,Argentina,2010,1143422.75,18.0767459869385,3694759.75,2.83007836341858,22.45452,6.9468333333333305,7.24349999999999,-1.1248333333333331
ARG,Argentina,2011,1212073.375,18.4880313873291,3844723,2.8585422039032,24.30076,8.732950819672126,1.7447540983606515,-2.28639344262295
ARG,Argentina,2012,1199632.5,18.7912883758545,3963128.25,2.88729238510132,23.41039,14.622096774193544,3.7666129032257984,-0.17951612903225822
ARG,Argentina,2013,1228487.5,19.124418258667,4081183.25,2.91633176803589,24.57876,18.089999999999996,4.646825396825392,-2.756666666666667
ARG,Argentina,2014,1197620.25,19.3830509185791,4177142.5,2.9456627368927,39.47392,4.627343749999994,-2.1957812500000102,1.2864062500000006
ARG,Argentina,2015,1230329.125,19.8544502258301,4277609,2.97528910636902,29.28398,4.66615384615384,0.5479999999999876,-0.14338461538461544
ARG,Argentina,2016,1204734.25,19.7231750488281,4359475,3.00521349906921,38.2736,4.7854545454545345,0.9996969696969628,-0.1212121212121211
ARG,Argentina,2017,1238689.875,20.0336608886719,4468098.5,3.03543877601624,26.80145,8.694029850746261,-5.325223880597026,0.08059701492537208
ARG,Argentina,2018,1206268.25,20.1350708007813,4558053,3.06596803665161,34.1503,13.526176470588233,-1.0769117647058977,-1.590588235294118
ARG,Argentina,2019,1182132.5,20.6432781219482,4605820,3.09680438041687,54.38623,5.480144927536223,5.138695652173901,-1.2675362318840584
ARG,Argentina,2020,1065095.75,18.7495632171631,4625739,3.12795066833496,40.40476,21.78185714285714,7.535285714285699,-3.3094285714285707
ARG,Argentina,2021,1176311,20.9869899749756,4714402.5,3.13874697685242,48.04678,14.19507042253521,9.53915492957745,-2.7028169014084504
ARG,Argentina,2022,1238301.125,22.083532333374,4829826,3.14963102340698,72.35871,14.007916666666652,9.77666666666665,-3.8552777777777782
ARG,Argentina,2023,1218352.25,22.7903251647949,4936365.5,3.16060328483582,117.2037,22.566027397260264,8.142739726027386,-2.7624657534246584
BGD,Bangladesh,1960,97154.53125,19.6051959991455,102070.109375,1.129225730896,4.423381,28.27500000000001,10.260999999999996,-1.1729999999999947
BGD,Bangladesh,1961,94047.328125,19.8406677246094,102063.4921875,1.13452041149139,1.210287,18.604545454545445,-1.5218181818181833,-10.186363636363634
BGD,Bangladesh,1962,100992.6015625,20.0617847442627,104505.15625,1.13984000682831,4.633782,24.814166666666665,11.165,-5.927499999999995
BGD,Bangladesh,1963,106316.9453125,20.3774356842041,105451.7890625,1.14518451690674,0.8571429,17.065384615384573,10.36615384615385,4.808461538461543
BGD,Bangladesh,1964,105828.515625,20.6118335723877,107608.859375,1.15055406093597,3.966006,15.846428571428532,-8.854285714285709,2.734999999999999
BGD,Bangladesh,1965,103755.59375,20.7543125152588,110405.796875,1.15594875812531,7.084469,-16.730000000000047,-12.303999999999997,7.292666666666669
BGD,Bangladesh,1966,106044.046875,20.9889278411865,113351.75,1.15830588340759,8.778625,-0.854375000000033,-1.4649999999999963,-0.9431249999999948
BGD,Bangladesh,1967,99996.109375,21.2358322143555,117125.9765625,1.16066777706146,5.146199,-1.354117647058871,4.0711764705882345,0.602352941176477
BGD,Bangladesh,1968,105077.78125,21.4876823425293,123417.984375,1.16303443908691,2.669633,-0.5188888888889096,-5.664999999999999,1.8488888888888937
BGD,Bangladesh,1969,108662.21875,21.7444725036621,128655.7265625,1.16540598869324,4.875406,34.04842105263157,-1.6768421052631552,-6.118421052631579
BGD,Bangladesh,1970,117670.328125,22.1809844970703,132961.5625,1.16778242588043,3.54,14.815999999999974,-1.452999999999996,0.7875000000000014
BGD,Bangladesh,1971,111222.59375,22.5561275482178,134962.609375,1.1685893535614,-0.59,-27.269523809523804,-5.983809523809519,7.109999999999999
BGD,Bangladesh,1972,95680.65625,23.0727615356445,133264.1875,1.16939675807953,45.29,26.629999999999995,-2.8118181818181753,-9.343181818181822
BGD,Bangladesh,1973,98862.6875,23.9122867584229,134686.9375,1.1702047586441,45.01,9.792173913043456,-12.089565217391296,5.723043478260863
BGD,Bangladesh,1974,108345.5546875,24.7988567352295,144714.59375,1.17101335525513,54.65,-3.485833333333374,3.684166666666677,5.694583333333327
BGD,Bangladesh,1975,103916.15625,25.7673301696777,150808.25,1.17182242870331,16.62,11.243599999999958,-3.613199999999985,-5.093200000000007
BGD,Bangladesh,1976,109799.2265625,26.8482398986816,158672.125,1.19690370559692,-2.43,27.881153846153836,-11.64423076923076,-2.567307692307697
BGD,Bangladesh,1977,112734.2265625,27.9211730957031,169206.40625,1.2225216627121,9.34,-4.211481481481485,-10.802962962962953,-3.5422222222222324
BGD,Bangladesh,1978,120708.8515625,28.9751319885254,183136.6875,1.24868810176849,17.37,17.13892857142855,12.042857142857152,-8.625714285714292
BGD,Bangladesh,1979,126504.84375,30.0261383056641,198284.09375,1.27541446685791,13.59,37.80793103448272,-6.282413793103444,-7.978275862068966
BGD,Bangladesh,1980,127541.1015625,31.0935707092285,218224.03125,1.30271291732788,15.385,17.937666666666644,14.437000000000012,-8.332333333333338
BGD,Bangladesh,1981,131870.359375,31.9480304718018,237905.96875,1.31782627105713,14.545,18.619032258064493,4.1112903225806505,-9.893548387096772
BGD,Bangladesh,1982,133492.5625,32.9465065002441,252472.015625,1.33311498165131,12.875,17.517187499999977,-3.9671874999999943,-10.574375000000003
BGD,Bangladesh,1983,140025.125,33.9322204589844,266500.3125,1.34858119487762,9.531,5.756363636363602,-5.9369696969696975,5.216060606060601
BGD,Bangladesh,1984,147622.328125,34.9876556396484,281525.78125,1.36422657966614,10.414,1.7570588235294051,16.267647058823535,-1.3973529411764751
BGD,Bangladesh,1985,152068.53125,36.0754051208496,297501.21875,1.38005363941193,10.465,10.256857142857116,3.3028571428571425,-10.577428571428571
BGD,Bangladesh,1986,158667.96875,37.1923637390137,325316.15625,1.39622092247009,10.175,5.361944444444447,6.751111111111108,0.4463888888888867
BGD,Bangladesh,1987,165302.53125,38.3389930725098,343954.15625,1.41257762908936,10.828,17.767027027026984,-14.251351351351351,-6.37567567567568
BGD,Bangladesh,1988,170081.34375,39.5148773193359,359655.25,1.42912590503693,9.674,17.28947368421052,-2.1863157894736887,4.262105263157888
BGD,Bangladesh,1989,174366.859375,40.7872695922852,375304.84375,1.44586801528931,8.734,11.716153846153816,7.669743589743589,-4.637179487179495
BGD,Bangladesh,1990,185923,40.8156814575195,393349.03125,1.46280634403229,10.522,-7.386750000000035,-4.292000000000002,2.618749999999995
BGD,Bangladesh,1991,192244.03125,40.8699531555176,406599.1875,1.48074245452881,8.285,6.323414634146303,1.7426829268292678,4.084878048780482
BGD,Bangladesh,1992,200370.765625,41.2327880859375,423443.6875,1.49889862537384,3.624,21.552857142857135,-13.008809523809532,-6.5523809523809575
BGD,Bangladesh,1993,209537.15625,41.6074905395508,443306.0625,1.51727735996246,2.979,-9.158372093023274,3.9637209302325473,12.429999999999996
BGD,Bangladesh,1994,218096.09375,42.0249290466309,466192.90625,1.53588140010834,6.15,24.469772727272726,-1.356363636363639,-6.452500000000004
BGD,Bangladesh,1995,228837.234375,42.4722709655762,492356.5625,1.55471360683441,10.117,25.256,-13.03622222222222,-0.929111111111112
BGD,Bangladesh,1996,239414.28125,42.836841583252,522630.53125,1.57138729095459,2.455,19.96695652173915,4.647173913043474,2.2610869565217406
BGD,Bangladesh,1997,252313.140625,43.1735191345215,557333,1.5882396697998,4.959,9.832127659574468,-11.631702127659572,-1.4570212765957429
BGD,Bangladesh,1998,265502.78125,43.5127868652344,597802.9375,1.60527288913727,8.648,19.41729166666667,-10.379375000000003,4.063333333333336
BGD,Bangladesh,1999,278430.4375,43.8208045959473,643713.1875,1.62248873710632,6.179,29.49102040816328,32.272448979591836,-2.6895918367346887
BGD,Bangladesh,2000,294982.59375,44.1163177490234,693898.8125,1.63988935947418,2.483,11.671200000000027,-1.5529999999999973,0.5742000000000047
BGD,Bangladesh,2001,310538.6875,44.2188110351563,746589.9375,1.66190958023071,1.908,23.262352941176516,2.177450980392152,-3.047058823529415
BGD,Bangladesh,2002,324250.6875,44.2825202941895,803894.9375,1.68422555923462,3.719,13.505000000000052,-1.504423076923075,6.131538461538462
BGD,Bangladesh,2003,341293.3125,44.3240013122559,867497.9375,1.70684111118317,5.361,16.700188679245343,0.113962264150949,-4.50415094339623
BGD,Bangladesh,2004,362694.09375,44.249927520752,939279.9375,1.72466349601746,6.103,12.830925925925982,17.451851851851856,4.449259259259261
BGD,Bangladesh,2005,384294.40625,46.4735450744629,1021773.75,1.74209010601044,7.04,23.927636363636395,5.084545454545456,-2.9516363636363643
BGD,Bangladesh,2006,409770.5625,47.3579292297363,1112747.625,1.76760101318359,6.77,42.43035714285722,11.683749999999996,-7.398928571428573
BGD,Bangladesh,2007,446688.59375,48.8369064331055,1213553.625,1.79348564147949,9.109,10.895964912280787,-6.361228070175443,7.530877192982452
BGD,Bangladesh,2008,482180.5625,49.6407737731934,1329582.375,1.81974923610687,8.9,20.508103448275904,12.088448275862063,-2.738965517241386
BGD,Bangladesh,2009,515736.84375,52.3062744140625,1458039.25,1.84639751911163,5.4408010000000004,52.60050847457632,7.583559322033892,-1.662542372881358
BGD,Bangladesh,2010,554394.1875,54.4359970092773,1601848,1.87343597412109,8.150903,48.19383333333337,3.747166666666665,-0.9348333333333372
BGD,Bangladesh,2011,600987.6875,56.1404838562012,1764593.5,1.89753115177155,10.26403,24.71377049180333,11.455737704918027,0.820491803278685
BGD,Bangladesh,2012,651846.25,57.5638732910156,1951428.75,1.92193627357483,6.548605,35.73516129032265,0.3809677419354855,-6.26274193548387
BGD,Bangladesh,2013,703638.125,59.3994255065918,2151329.25,1.9466552734375,7.524092,25.167936507936588,10.66492063492064,-5.333333333333336
BGD,Bangladesh,2014,759885.125,51.1524238586426,2378194.5,1.9716922044754,6.982977,34.534687500000075,4.838281250000001,-9.349999999999998
BGD,Bangladesh,2015,824431.75,59.6965103149414,2627871.5,1.99705111980438,6.185943,20.17338461538469,-11.956153846153846,5.533846153846156
BGD,Bangladesh,2016,899169.125,59.5298004150391,2907876.75,2.02273631095886,5.505753,40.167727272727376,3.5350000000000037,-0.7300000000000004
BGD,Bangladesh,2017,958426.6875,63.0452766418457,3209303.25,2.04875159263611,5.611,20.01820895522394,3.682238805970151,6.320895522388064
BGD,Bangladesh,2018,1028577.875,64.7662887573242,3550131,2.07510161399841,5.55,35.25382352941185,7.038088235294126,-6.602058823529411
BGD,Bangladesh,2019,1109649.375,66.7121200561523,3911620.75,2.10179042816162,5.475,32.92289855072471,-5.903913043478255,-2.7363768115942015
BGD,Bangladesh,2020,1147910.375,68.6794052124023,4280055.5,2.12882280349731,5.691075,28.6425714285715,-0.4295714285714282,-1.1372857142857136
BGD,Bangladesh,2021,1227560.25,70.6599578857422,4679440.5,2.07164478302002,5.306676,44.66915492957753,10.716478873239438,-2.721267605633802
BGD,Bangladesh,2022,1314714.875,72.8205413818359,5132436.5,2.1118311882019,7.696954,45.33875000000006,9.217638888888892,-7.943472222222223
BGD,Bangladesh,2023,1390641.125,73.9222640991211,5583867,2.15412998199463,9.783334,50.48767123287678,13.761369863013698,-3.014657534246574
BRA,Brazil,1960,339493.78125,21.0227394104004,1041793.6875,1.3960999250412,29.101680000000002,4.557999999999993,-0.2569999999999979,4.296999999999999
BRA,Brazil,1961,387271.46875,21.5700263977051,1107400.625,1.40659320354462,37.21679,37.91363636363636,34.86636363636364,-2.113636363636365
BRA,Brazil,1962,407305.25,22.1415843963623,1174712.625,1.41716527938843,51.86657,2.044166666666655,6.330833333333338,2.522499999999999
BRA,Brazil,1963,433560.9375,22.7384376525879,1227664.125,1.42781686782837,73.8131,25.586923076923057,25.003846153846148,-0.8715384615384618
BRA,Brazil,1964,451610.53125,23.3606548309326,1289220.5,1.4385484457016,90.65168,-19.330714285714308,-3.4821428571428683,3.280714285714284
BRA,Brazil,1965,483087.34375,24.0123405456543,1362310.75,1.44936072826386,57.0941,-7.102000000000004,-18.13000000000001,5.181999999999999
BRA,Brazil,1966,502236.28125,24.6957607269287,1441968.75,1.46191036701202,38.45749,-8.38812500000003,-7.236875000000005,4.188125000000001
BRA,Brazil,1967,531033.6875,25.411678314209,1509781.625,1.47456860542297,28.58253,12.745294117647036,5.77882352941176,-0.40823529411764703
BRA,Brazil,1968,590508.4375,26.1540565490723,1602325.625,1.48733639717102,24.23655,-0.07277777777778738,-1.2422222222222246,-0.6755555555555564
BRA,Brazil,1969,628390.4375,26.9343070983887,1755663,1.50021481513977,20.14109,54.17105263157893,6.243157894736832,-2.6499999999999986
BRA,Brazil,1970,697031.625,27.7511119842529,1899489,1.51320481300354,22.26,25.622499999999977,-6.499000000000002,1.6024999999999991
BRA,Brazil,1971,776075,29.4819374084473,2069543.625,1.50219655036926,20.14,-8.737619047619035,-33.87952380952381,1.196190476190477
BRA,Brazil,1972,868738.375,31.2122459411621,2272261.5,1.49126839637756,16.52,18.709545454545463,-25.569545454545462,1.031818181818183
BRA,Brazil,1973,990101.1875,35.0051422119141,2526317.75,1.48041987419128,12.65,21.216086956521735,-30.087826086956525,1.396956521739133
BRA,Brazil,1974,1070794.375,35.9837989807129,2814517.75,1.4696501493454,27.59,-17.74791666666667,-18.40416666666667,1.4387500000000024
BRA,Brazil,1975,1126154.5,37.0475997924805,3125674.5,1.45895874500275,28.92,-0.3779999999999859,-16.028,-0.14879999999999782
BRA,Brazil,1976,1241698,38.187385559082,3450161.75,1.46344685554504,42.01,9.04653846153846,-15.611538461538466,1.466923076923079
BRA,Brazil,1977,1302913.75,42.0481796264648,3750936.25,1.46794879436493,43.65,14.001481481481475,-16.013333333333335,3.012592592592594
BRA,Brazil,1978,1367668.375,43.7294235229492,4061561.75,1.4724645614624,38.7,7.7914285714285825,-22.411428571428573,2.7950000000000017
BRA,Brazil,1979,1460122.75,43.1212692260742,4376795,1.47699427604675,53.92,22.48275862068965,-14.18862068965518,2.028620689655174
BRA,Brazil,1980,1594892,42.1300430297852,4752166,1.48153781890869,90.227,31.913333333333355,-13.785666666666671,0.8410000000000011
BRA,Brazil,1981,1527109.25,44.284351348877,5030963.5,1.50794196128845,101.7251,27.423870967741948,-7.890967741935491,-0.5061290322580643
BRA,Brazil,1982,1539784.125,46.8284416198731,5265711,1.53481662273407,100.5434,22.706875000000025,-16.854375000000005,-0.8403124999999996
BRA,Brazil,1983,1494668.625,47.7217712402344,5415232.5,1.56217014789581,135.0275,49.668787878787896,-8.963636363636368,1.415151515151516
BRA,Brazil,1984,1575380.5,49.1119995117188,5565121,1.59001123905182,192.122,16.627941176470614,-9.530000000000008,-1.2964705882352927
BRA,Brazil,1985,1699032.25,52.1274032592773,5752437,1.61834859848022,225.99,-5.637142857142834,-9.767714285714291,1.8805714285714303
BRA,Brazil,1986,1826289.75,54.538631439209,6040676.5,1.63802647590637,147.1427,6.579444444444476,-19.3263888888889,0.13833333333333364
BRA,Brazil,1987,1890757.75,56.79638671875,6317081.5,1.65794384479523,228.3363,50.891621621621624,-10.114054054054066,-0.715405405405404
BRA,Brazil,1988,1889623.25,59.0159568786621,6558632,1.67810320854187,629.1132,24.13236842105266,4.70210526315789,1.85342105263158
BRA,Brazil,1989,1949335.5,60.1461982727051,6802021,1.69850778579712,1430.725,-2.6264102564102245,-24.57846153846154,2.905897435897435
BRA,Brazil,1990,1864539.25,61.6319313049316,6993437,1.71669137477875,2947.733,35.54925000000003,-21.584000000000007,-1.85675
BRA,Brazil,1991,1877728.5,61.4488830566406,7212156,1.74462711811066,432.7867,20.662195121951218,0.83243902439024,0.6085365853658544
BRA,Brazil,1992,1854206.5,61.2696113586426,7392581,1.77301752567291,951.962,22.880238095238127,-4.10738095238095,1.564047619047621
BRA,Brazil,1993,1937672.125,61.982177734375,7600646.5,1.80186975002289,1927.381,32.538139534883726,-11.101860465116289,-0.3123255813953474
BRA,Brazil,1994,2044520.75,62.4584197998047,7878747.5,1.8311915397644,2075.888,27.77863636363639,-9.15954545454546,1.2947727272727274
BRA,Brazil,1995,2124068.25,62.9320640563965,8179733.5,1.86099052429199,66.00703,38.451333333333366,4.613999999999997,1.5860000000000003
BRA,Brazil,1996,2170986,61.7838821411133,8460979,1.89644837379456,15.75767,26.49543478260873,-14.376304347826084,0.6815217391304369
BRA,Brazil,1997,2244687.5,62.7958793640137,8777883,1.932581782341,6.926713,42.61170212765961,-0.20042553191489532,2.307021276595746
BRA,Brazil,1998,2252276.75,62.6113662719727,9074652,1.96940386295319,3.195076,72.46395833333332,-3.7562500000000014,-0.5810416666666658
BRA,Brazil,1999,2262816,65.8896026611328,9293648,2.0069272518158,4.858448,29.62510204081633,-0.37959183673469,1.570816326530613
BRA,Brazil,2000,2362107.25,68.1304397583008,9537031,2.04516577720642,7.044141,23.632599999999996,-11.792000000000002,1.889400000000002
BRA,Brazil,2001,2394938,68.4563980102539,9778965,2.08590292930603,6.840359,37.9492156862745,-7.450784313725492,-0.6176470588235254
BRA,Brazil,2002,2468066.75,71.2536468505859,10002563,2.12745189666748,8.450165,58.349423076923046,-6.387500000000003,0.2842307692307724
BRA,Brazil,2003,2496223,72.3045654296875,10191649,2.16982817649841,14.71492,48.70849056603771,-5.286981132075475,-0.4311320754716945
BRA,Brazil,2004,2640004.75,76.1592712402344,10431064,2.21304869651794,6.597185,37.22648148148144,0.9209259259259142,2.3268518518518544
BRA,Brazil,2005,2724541.25,78.4147644042969,10671937,2.25713014602661,6.869537,52.23963636363632,4.774181818181816,2.284545454545457
BRA,Brazil,2006,2832487.25,80.8791198730469,10945942,2.29880857467651,4.183568,37.94678571428568,0.4989285714285643,2.0237500000000015
BRA,Brazil,2007,3004415.5,81.3537826538086,11292221,2.34125638008118,3.641273,56.81105263157892,9.080175438596484,0.8482456140350916
BRA,Brazil,2008,3157466.25,82.7599563598633,11717546,2.38448834419251,5.678594,28.161551724137897,8.663620689655168,3.7936206896551745
BRA,Brazil,2009,3153493.75,83.1514282226563,12089364,2.42851853370667,4.888035,35.14423728813557,-10.733220338983052,4.1193220338983085
BRA,Brazil,2010,3390896,86.3538513183594,12606681,2.47336173057556,5.038727,65.37849999999997,12.16566666666666,1.4206666666666692
BRA,Brazil,2011,3525664.5,88.6289138793945,13162274,2.5608959197998,6.63645,35.07672131147538,0.5262295081967139,4.427377049180329
BRA,Brazil,2012,3593399,89.5062713623047,13695775,2.62187433242798,5.403499,49.66096774193545,9.137741935483866,-0.20403225806451353
BRA,Brazil,2013,3701374,91.148193359375,14268476,2.68430471420288,6.204311,42.11269841269839,-6.537301587301592,4.029206349206351
BRA,Brazil,2014,3720027.5,92.8335876464844,14758300,2.74822163581848,6.32904,44.38468749999995,-6.915156250000003,1.6362500000000022
BRA,Brazil,2015,3588124,92.4472122192383,15059962,2.81366038322449,9.029901,66.9518461538461,4.111230769230758,-0.5689230769230775
BRA,Brazil,2016,3470579.75,90.6264724731445,15229873,2.8806574344635,8.739143,68.7674242424242,2.23893939393939,2.7196969696969724
BRA,Brazil,2017,3516491.25,90.5014038085938,15382827,2.94924998283386,3.446373,50.911044776119354,12.285522388059697,2.219104477611941
BRA,Brazil,2018,3579213.5,92.0909423828125,15590053,3.01947546005249,3.66485,35.78235294117641,0.4648529411764599,2.1364705882352943
BRA,Brazil,2019,3622908,94.1440277099609,15835345,3.09137320518494,3.732976,57.813768115942,4.138115942028975,0.5055072463768138
BRA,Brazil,2020,3504194,86.8884887695313,16064923,3.16498303413391,3.211768,50.377857142857096,12.968999999999989,2.5582857142857147
BRA,Brazil,2021,3671084.75,91.2021942138672,16418747,3.22658061981201,8.30166,33.218309859154914,8.046338028169004,3.29225352112676
BRA,Brazil,2022,3781830.25,97.9345245361328,16772648,3.29099345207214,9.280107,33.156944444444406,2.6645833333333258,3.34652777777778
BRA,Brazil,2023,3904424,99.2975463867188,17073944,3.35838437080383,4.593563,59.25273972602733,6.218082191780809,-0.90931506849315
CHN,China,1960,302222.4375,294.125854492188,818756.8125,1.23037278652191,2.5,2.3209999999999944,-1.2860000000000085,-0.3210000000000006
CHN,China,1961,245150.078125,284.456817626953,829186.875,1.25271499156952,16.1,5.339999999999993,-11.259090909090917,0.8681818181818173
CHN,China,1962,244256.328125,279.537719726563,820127.375,1.27546286582947,3.8,3.7849999999999966,1.409166666666657,-0.03416666666666757
CHN,China,1963,264542.65625,280.674987792969,830423.9375,1.298623919487,-5.9,4.403846153846146,-2.159230769230774,-0.5915384615384633
CHN,China,1964,298682.03125,286.261535644531,859110.5625,1.32220542430878,-3.7,0.32928571428570663,-1.5350000000000108,0.7907142857142855
CHN,China,1965,335528.9375,291.360473632813,909331.5625,1.34621524810791,-1.2,-3.2226666666666723,0.6973333333333258,-0.26200000000000045
CHN,China,1966,361677.8125,299.956024169922,978724.375,1.36638224124908,-1.2,-1.8612500000000016,-1.586250000000014,-0.48562500000000064
CHN,China,1967,349710.84375,313.570617675781,1014783.125,1.38685119152069,-0.6,5.088235294117645,-4.472941176470599,-0.1570588235294128
CHN,China,1968,340278.59375,327.481292724609,1049282.875,1.4076269865036,0.1,0.5955555555555527,-0.0444444444444585,-0.3583333333333343
CHN,China,1969,374077.0625,343.213073730469,1094459.875,1.42871379852295,1,2.3042105263157815,0.6078947368420913,-0.189473684210526
CHN,China,1970,417947.15625,359.084259033203,1189310.25,1.4501166343689,1.06,0.4589999999999961,-2.6925000000000097,-0.5300000000000002
CHN,China,1971,447203.4375,373.853088378906,1293724.375,1.4778516292572,1.05,-0.9528571428571482,-4.72428571428572,-0.694761904761906
CHN,China,1972,464197.125,383.989898681641,1395914.875,1.50611710548401,1.04,1.4304545454545377,-7.199545454545458,-0.3331818181818207
CHN,China,1973,500868.75,392.371795654297,1504131.5,1.53492307662964,1.03,-0.8817391304347879,1.7834782608695503,0.7413043478260857
CHN,China,1974,512388.71875,403.6015625,1629548.125,1.56428015232086,0.92,-0.23500000000000296,-4.590833333333343,-0.5495833333333344
CHN,China,1975,556966.5625,415.203491210938,1782123.875,1.59419858455658,1.11,1.9743999999999955,-0.9772000000000104,-0.06760000000000232
CHN,China,1976,548055.125,426.217315673828,1921344.5,1.62360882759094,0.34,-4.931538461538466,-1.009615384615394,-0.46500000000000075
CHN,China,1977,589707.25,436.008911132813,2063369.75,1.65356159210205,2.49,-0.7188888888888947,-1.6922222222222274,-0.16777777777777914
CHN,China,1978,658703,446.707305908203,2240512.25,1.68406701087952,0.68,4.916785714285709,-2.9917857142857187,-0.8117857142857154
CHN,China,1979,708715.3125,459.57373046875,2418464.75,1.71366083621979,1.93,-1.2327586206896548,-2.628620689655179,-0.5437931034482766
CHN,China,1980,764227.5,476.466247558594,2626428.75,1.73743569850922,5.99,0.32833333333333314,1.408999999999999,-0.2356666666666678
CHN,China,1981,803291.75,496.539215087891,2820224.5,1.75906920433044,2.5,1.587741935483869,-3.486451612903231,-0.0680645161290343
CHN,China,1982,875739.75,522.161193847656,3040363.75,1.78097200393677,2,0.14812499999999673,-4.687500000000007,-0.15593750000000117
CHN,China,1983,970043.8125,536.20751953125,3285501.75,1.80314755439758,2,-0.04636363636364393,4.144545454545451,1.2787878787878757
CHN,China,1984,1117421.875,550.419982910156,3572324.5,1.825599193573,2.7,-1.105000000000004,2.6826470588235196,-0.20882352941176663
CHN,China,1985,1267498.75,564.915832519531,3923363.75,1.84833037853241,9.500469,0.536571428571424,-1.284000000000006,-0.19285714285714484
CHN,China,1986,1380926.875,577.687683105469,4299320,1.86939430236816,5.67514,1.0316666666666627,1.1716666666666669,-0.5775000000000015
CHN,China,1987,1541915,588.969787597656,4697350.5,1.89069819450378,7.241523,0.2137837837837786,-3.0500000000000043,0.5581081081081063
CHN,China,1988,1714947.375,605.54052734375,5153502,1.91224467754364,18.87687,1.6181578947368358,1.5002631578947287,-0.5765789473684242
CHN,China,1989,1787095.625,627.566162109375,5487767,1.93403697013855,18.18786,-3.013333333333339,-1.6782051282051356,-0.531794871794876
CHN,China,1990,1857144.75,647.399780273438,5772352.5,1.9560774564743,3.043559,2.901999999999994,-6.316250000000004,0.6314999999999973
CHN,China,1991,2029162.375,662.983947753906,6129512,1.99119687080383,3.582364,2.7212195121951197,0.47780487804877936,-0.29390243902439384
CHN,China,1992,2317807.25,670.216125488281,6667980,2.0269467830658,6.374114,-0.7435714285714319,-0.9135714285714372,-0.3369047619047656
CHN,China,1993,2639603.75,676.427795410156,7461987.5,2.0633385181427,14.62621,-4.906279069767443,-1.992325581395356,0.21093023255813748
CHN,China,1994,2983718.25,682.057006835938,8335410,2.10038375854492,24.24497,4.065227272727274,-1.8870454545454576,0.5161363636363596
CHN,China,1995,3310553,687.490051269531,9279385,2.13809394836426,16.81983,1.194888888888887,-1.395111111111106,0.14466666666666228
CHN,China,1996,3639051,693.967651367188,10315911,2.17208456993103,7.878632,-0.31108695652174134,0.6752173913043436,0.1015217391304315
CHN,China,1997,3975175,701.586730957031,11413979,2.20661544799805,1.758243,6.905531914893615,-1.0791489361702205,-0.18063829787234376
CHN,China,1998,4287072,709.1591796875,12711590,2.24169540405273,-1.666063,4.501666666666665,-4.556666666666672,1.473124999999996
CHN,China,1999,4615530.5,716.567687988281,14058341,2.27733302116394,-2.236028,4.729795918367344,3.256326530612234,-0.7669387755102077
CHN,China,2000,5007389.5,723.768676757813,15487957,2.31353735923767,-0.8329222,6.725199999999994,-2.9488000000000127,-0.8716000000000026
CHN,China,2001,5424793,731.01123046875,17124416,2.32968354225159,0.2612238,5.433333333333334,0.2490196078431239,-1.074509803921571
CHN,China,2002,5920274,736.9638671875,19022494,2.34594249725342,-0.7319761,4.318846153846145,-2.8757692307692366,-0.2138461538461565
CHN,China,2003,6514553.5,741.641784667969,21374392,2.36231517791748,1.127604,2.0473584905660296,-7.391509433962277,-0.9298113207547196
CHN,China,2004,7173414,746.582580566406,24049898,2.37880182266235,3.824639,3.45944444444444,-0.35462962962964184,-1.5825925925925937
CHN,China,2005,7990793.5,751.312194824219,27050484,2.39540362358093,1.776414,6.616545454545449,1.491818181818175,-1.1738181818181834
CHN,China,2006,9007300,755.541564941406,30437274,2.40445852279663,1.649432,7.018392857142846,-1.3248214285714468,-1.772857142857145
CHN,China,2007,10289115,759.478332519531,34227428,2.41354775428772,4.816767,7.485263157894725,2.5084210526315616,-1.3517543859649148
CHN,China,2008,11282083,763.157104492188,38462012,2.4226713180542,5.925254,5.0162068965517115,7.525172413793086,-0.8884482758620713
CHN,China,2009,12342457,766.974548339844,43962712,2.43182945251465,-0.7289405,5.551186440677956,5.8376271186440505,-1.9733898305084772
CHN,China,2010,13655183,771.193298339844,50110612,2.44102191925049,3.174829,5.338666666666651,0.04033333333330802,0.04949999999999743
CHN,China,2011,14959365,772.32763671875,56670656,2.47546982765198,5.526515,5.9411475409835965,4.539672131147519,-2.291311475409838
CHN,China,2012,16135730,772.423400878906,63722176,2.5104036331176798,2.613292,2.3153225806451516,2.6264516129032103,-0.5243548387096801
CHN,China,2013,17388854,773.677185058594,71349296,2.54583048820496,2.569532,5.988571428571422,3.2947619047618915,-0.6360317460317484
CHN,China,2014,18680110,773.977111816406,79360160,2.57462215423584,2.056133,1.8049999999999928,3.3132812499999815,-1.2360937500000029
CHN,China,2015,19995438,774.418212890625,87775192,2.59902787208557,1.542432,1.2972307692307616,-3.737692307692328,-0.48707692307692607
CHN,China,2016,21364878,772.982360839844,96755824,2.62366509437561,2.120335,6.237575757575751,0.7489393939393807,0.07030303030302765
CHN,China,2017,22849138,771.330383300781,106217664,2.64853596687317,1.517566,7.85447761194029,2.37776119402983,-1.06074626865672
CHN,China,2018,24391402,769.240295410156,116379784,2.67364239692688,1.926825,6.018970588235277,0.1927941176470398,-1.465147058823533
CHN,China,2019,25842820,765.730224609375,126968344,2.69898700714111,2.898673,7.601739130434769,0.2799999999999798,-1.1639130434782636
CHN,China,2020,26421342,762.124328613281,137695824,2.7245717048645,2.490399,5.013142857142846,6.125999999999976,0.24271428571428277
CHN,China,2021,28653542,757.859619140625,148589856,2.73290514945984,0.8488963,9.302535211267596,-0.91028169014087,-0.44070422535211495
CHN,China,2022,29499014,744.443420410156,159623808,2.74130630493164,1.875982,10.683333333333325,6.782361111111086,-0.8345833333333355
CHN,China,2023,31047584,751.184936523438,171095104,2.74977564811707,0.3346692,10.396986301369854,-0.5205479452055073,-1.19315068493151
COL,Colombia,1960,77214.6328125,4.18358373641968,255918.640625,1.58133471012115,5.8099,30.280000000000015,-4.268000000000001,-0.2170000000000023
COL,Colombia,1961,81723.546875,4.29408884048462,270040.34375,1.59134590625763,8.285265,30.437272727272727,-3.920000000000003,-3.1972727272727326
COL,Colombia,1962,85689.84375,4.40686798095703,282011.125,1.60142040252686,4.692258,31.120833333333323,-1.6733333333333356,-0.940833333333341
COL,Colombia,1963,88255.4375,4.52068519592285,292915.65625,1.61155879497528,26.34721,47.97692307692307,-2.704615384615387,-2.478461538461545
COL,Colombia,1964,95229.9375,4.63522863388062,306541.4375,1.62176120281219,17.06659,24.34999999999999,10.768571428571429,3.698571428571423
COL,Colombia,1965,96211.046875,4.76037216186523,318967.84375,1.63202834129334,7.586766,31.916666666666657,-3.589333333333336,-3.218000000000007
COL,Colombia,1966,101569.0703125,4.92188787460327,333577.34375,1.64236044883728,16.74436,29.451874999999987,-3.705000000000002,1.2431249999999956
COL,Colombia,1967,105590.2734375,5.086021900177,348338.34375,1.6527578830719,8.319088,13.539411764705877,-3.537058823529417,1.8699999999999903
COL,Colombia,1968,112503.65625,5.2592945098877,367322.15625,1.66322124004364,7.437305,17.48722222222223,-5.410555555555561,7.386111111111102
COL,Colombia,1969,119906.234375,5.43368864059448,386308.6875,1.67375075817108,6.987465,35.696842105263144,-8.485789473684214,4.777368421052614
COL,Colombia,1970,128314.8984375,5.6399245262146,409863.4375,1.68434691429138,6.906484,13.852000000000004,-3.5415000000000063,7.258499999999991
COL,Colombia,1971,135963.40625,5.83294105529785,433945.40625,1.69703042507172,11.51807,-17.38761904761904,-6.1528571428571475,9.642857142857125
COL,Colombia,1972,146390.640625,6.03272581100464,455843.5,1.70964860916138,13.63778,9.312727272727273,-5.5331818181818235,2.0845454545454416
COL,Colombia,1973,156232.421875,6.23954296112061,480267.3125,1.7193431854248,21.21352,13.787826086956542,-2.6526086956521784,9.75391304347825
COL,Colombia,1974,165209.140625,6.45365953445435,507448.3125,1.72909271717072,24.58544,-1.7366666666666504,-3.1920833333333363,4.3474999999999895
COL,Colombia,1975,169047.390625,6.82159805297852,531400.4375,1.73889756202698,23.16598,-13.967199999999991,-3.5344000000000033,8.623599999999989
COL,Colombia,1976,177040.5625,7.04112052917481,558505.75,1.74875795841217,20.11122,1.5900000000000034,-2.53846153846154,-0.4380769230769346
COL,Colombia,1977,184402.8125,7.35281133651733,584342.5625,1.75867426395416,33.71805,18.061111111111117,-1.1044444444444448,0.8281481481481379
COL,Colombia,1978,200021.546875,7.53997898101807,613581.9375,1.76864683628082,17.40557,10.806071428571444,-2.9350000000000023,4.648571428571422
COL,Colombia,1979,210780.921875,7.75586700439453,643011.5,1.77867591381073,24.4884,20.933448275862077,0.986206896551721,2.1382758620689586
COL,Colombia,1980,219396.3125,7.88934707641602,677996.1875,1.78876197338104,26.51315,28.46566666666668,4.323333333333332,-3.423000000000006
COL,Colombia,1981,224391.671875,8.23940277099609,714784,1.80154001712799,27.3454,9.767419354838722,-0.3961290322580666,2.267419354838708
COL,Colombia,1982,226519.84375,8.37739658355713,751304.5625,1.81440949440002,24.53312,-4.337812499999998,-2.783750000000003,-5.083437500000009
COL,Colombia,1983,230085.171875,8.38828182220459,787105.4375,1.8273708820343,19.71613,20.943636363636372,1.0706060606060568,-4.839393939393947
COL,Colombia,1984,237794.59375,8.44988918304443,822389.8125,1.84042477607727,16.16136,-13.822352941176476,-6.660882352941178,-1.127058823529424
COL,Colombia,1985,245183.125,8.67510986328125,853695.25,1.85357201099396,24.06426,2.6725714285714304,6.909428571428569,-1.9948571428571495
COL,Colombia,1986,259462.765625,8.96856594085693,889512.25,1.86681318283081,18.87959,-13.131666666666677,-5.1125000000000025,2.8305555555555557
COL,Colombia,1987,273393.15625,9.42428493499756,924429.25,1.88014888763428,23.30683,18.203243243243236,-4.774324324324327,1.2440540540540397
COL,Colombia,1988,284504.34375,9.77682495117188,966031,1.8935798406601,28.09344,10.17421052631579,0.4613157894736801,5.671315789473674
COL,Colombia,1989,294217.59375,10.2558507919312,1001388.5625,1.907106757164,25.83797,-12.666666666666671,0.1594871794871775,1.445897435897436
COL,Colombia,1990,306815.96875,10.5054531097412,1032796.1875,1.92073035240173,29.06753,-5.719999999999999,-4.084500000000004,-0.950250000000004
COL,Colombia,1991,312957.21875,11.1938276290894,1057712.875,1.94368135929108,30.30184,13.609512195121964,2.9151219512195077,2.6729268292682917
COL,Colombia,1992,325616.09375,11.3390913009644,1090842.375,1.96690678596497,26.94591,9.415476190476198,0.29571428571428093,-1.8107142857142904
COL,Colombia,1993,344209.34375,12.0534286499023,1144227.5,1.99040949344635,22.36746,-5.373488372093021,-4.84116279069768,3.041395348837206
COL,Colombia,1994,361926.96875,12.5207500457764,1204123.75,2.0141932964325,22.76762,0.00863636363636999,-2.7411363636363717,5.3522727272727195
COL,Colombia,1995,380756,13.0954647064209,1261209.625,2.03826117515564,20.80057,28.118444444444464,5.159777777777771,0.2733333333333263
COL,Colombia,1996,388583.8125,13.3001823425293,1314146,2.06261658668518,20.72544,-9.462826086956513,-3.2023913043478327,0.40739130434781856
COL,Colombia,1997,401913.40625,13.5767011642456,1362791.625,2.0872631072998,18.40726,30.748510638297873,0.44574468085105856,-3.891276595744685
COL,Colombia,1998,404203.40625,13.5996885299683,1403873.25,2.11220407485962,18.62349,27.627916666666664,-4.513541666666672,5.4297916666666595
COL,Colombia,1999,387210.65625,13.3980197906494,1408990.125,2.13744306564331,10.85002,-15.685918367346943,-5.431428571428576,1.6589795918367187
COL,Colombia,2000,398536,14.2371225357056,1412782.5,2.16298365592957,9.221199,4.68780000000001,-1.9828000000000048,4.195799999999984
COL,Colombia,2001,405223.03125,14.3336715698242,1423465.625,2.18431115150452,7.968413,17.235882352941175,1.486078431372544,-2.6764705882353006
COL,Colombia,2002,415369.71875,14.6815271377563,1442765.875,2.20584893226624,6.350154,24.864423076923075,1.2474999999999952,-1.7550000000000026
COL,Colombia,2003,431645.03125,15.246301651001,1471821.375,2.22759914398193,7.131021,23.605283018867937,1.4339622641509386,-0.5818867924528348
COL,Colombia,2004,454664.78125,15.8290681838989,1508649.5,2.24956393241882,5.904629,26.898148148148152,9.467407407407402,-2.231111111111119
COL,Colombia,2005,476063.84375,16.4764575958252,1556119.125,2.27174520492554,5.048193,42.79909090909092,-4.274727272727278,-2.4705454545454657
COL,Colombia,2006,508040.375,17.0571823120117,1620708.875,2.29414510726929,4.296368,28.414821428571443,-4.158392857142861,-0.4964285714285808
COL,Colombia,2007,542273.125,17.972843170166,1702756.625,2.31676602363586,5.543787,31.04631578947371,6.034561403508766,2.612280701754379
COL,Colombia,2008,560078.4375,18.2545528411865,1771569,2.3396098613739,6.997625,25.701034482758644,-0.789482758620693,1.887241379310339
COL,Colombia,2009,566461.3125,18.4297657012939,1841114.875,2.36267900466919,4.20218,39.835423728813566,-5.766101694915259,-1.5347457627118717
COL,Colombia,2010,591921.8125,18.8913440704346,1916421.25,2.38597559928894,2.271258,51.72150000000002,-1.8000000000000045,7.180833333333325
COL,Colombia,2011,633047.9375,19.4976921081543,2002981.125,2.41068816184998,3.416831,28.613606557377068,-2.220491803278694,4.823114754098356
COL,Colombia,2012,657816.75,19.9761848449707,2086343.625,2.43565678596497,3.168479,28.592096774193564,-2.724677419354842,1.145322580645164
COL,Colombia,2013,691589.0625,20.3189544677734,2175999.5,2.46088433265686,2.017792,31.908253968253973,1.068571428571424,1.1471428571428532
COL,Colombia,2014,722703.875,20.3993816375732,2276362.5,2.48637270927429,2.899431,37.6596875,-1.5881250000000051,1.4792187500000011
COL,Colombia,2015,744066.3125,21.1043548583984,2382179.25,2.51212525367737,4.990108,45.8003076923077,-3.5936923076923133,-1.0235384615384575
COL,Colombia,2016,759597.75,21.1867866516113,2478521.5,2.53814482688904,7.513088,45.93636363636365,7.470757575757572,1.951969696969698
COL,Colombia,2017,769923.4375,21.2779293060303,2574892.75,2.5629780292511,4.314758,45.50074626865673,-0.7007462686567223,-1.5371641791044794
COL,Colombia,2018,789666.8125,21.398229598999,2669737,2.58082032203674,3.240616,30.241617647058817,4.199558823529406,0.5254411764705864
COL,Colombia,2019,814832.3125,21.4365634918213,2765520,2.59878706932068,3.519675,39.66333333333334,0.5886956521739073,-0.6521739130434838
COL,Colombia,2020,756279.1875,19.8541221618652,2811806.5,2.61687898635864,2.526294,57.6267142857143,3.64028571428571,-0.8028571428571496
COL,Colombia,2021,837966.375,20.8645763397217,2882305,2.63825917243958,3.495938,33.79507042253522,-0.1009859154929611,3.878450704225344
COL,Colombia,2022,899044.75,22.1632251739502,2970245.75,2.6601254940033,10.17644,33.79569444444445,-0.689583333333335,4.594583333333333
COL,Colombia,2023,906207.25,22.9331722259522,3038053,2.68249130249023,11.73658,71.0027397260274,2.449863013698627,-1.6883561643835563
DZA,Algeria,1960,84643.3984375,1.86588883399963,279584.15625,1.13728058338165,5.38,5.2099999999999795,25.357,-0.01100000000000001
DZA,Algeria,1961,83252.59375,1.87100410461426,291381.5,1.14063823223114,2.92,1.4163636363636272,31.061818181818182,-0.15000000000000002
DZA,Algeria,1962,52013.453125,1.81982290744782,293013.21875,1.14400577545166,6.6,0.2883333333333553,4.033333333333331,-0.0075
DZA,Algeria,1963,65541.265625,1.83317935466766,296558.21875,1.1473833322525,6.6,-9.65384615384616,-8.956923076923061,-0.04692307692307693
DZA,Algeria,1964,72395.6484375,1.85587549209595,296793.125,1.15077078342438,6.6,8.145714285714291,29.20285714285714,0.00642857142857139
DZA,Algeria,1965,79227.234375,1.87828528881073,297697.4375,1.15416824817657,6.6,-2.5573333333333323,-35.883999999999986,0.266
DZA,Algeria,1966,74153.2109375,1.90270245075226,295611.4375,1.15757584571838,6.6,3.4125000000000227,4.028750000000002,0.00937499999999996
DZA,Algeria,1967,82866.5703125,1.93186914920807,298447.96875,1.16099333763123,6.6,1.691764705882349,-22.408235294117645,0.06882352941176467
DZA,Algeria,1968,91880.640625,1.95337760448456,304284.40625,1.16442108154297,6.6,8.257777777777761,-27.28333333333333,-0.11500000000000005
DZA,Algeria,1969,99600.453125,1.97218656539917,313909.25,1.16785883903503,6.6,7.613157894736816,-34.45736842105265,0.29105263157894734
DZA,Algeria,1970,109463.140625,1.99192321300507,328473.4375,1.17130672931671,6.6,3.2125000000000057,27.365499999999997,-0.1135
DZA,Algeria,1971,99039.2734375,2.03977108001709,339993.125,1.17918086051941,2.62664,-6.650476190476212,-31.077619047619063,0.09190476190476188
DZA,Algeria,1972,121076.890625,2.03922009468079,353519.96875,1.18710792064667,3.65631,-10.188181818181846,-50.005000000000024,0.26772727272727265
DZA,Algeria,1973,126308.828125,2.02984070777893,369483.90625,1.19508814811707,6.17284,8.03478260869565,22.429130434782564,0.11608695652173912
DZA,Algeria,1974,131068.296875,2.08212804794312,391430.09375,1.20312213897705,4.69961,-6.990000000000009,-5.065416666666692,-0.02875000000000005
DZA,Algeria,1975,138704.96875,2.22768592834473,420504.84375,1.2112101316452,8.23032,-2.390400000000028,7.047199999999975,0.0524
DZA,Algeria,1976,147289.0625,2.38974666595459,452187.09375,1.21935248374939,9.43074,-13.628461538461522,-23.283846153846156,0.07038461538461538
DZA,Algeria,1977,161152.5625,2.39811944961548,492527.25,1.22754955291748,11.9893,-0.3137037037036805,-2.39148148148152,0.07777777777777778
DZA,Algeria,1978,177548.28125,2.84657835960388,540478.1875,1.23580181598663,17.5239,-1.9224999999999852,4.353928571428526,-0.11500000000000007
DZA,Algeria,1979,190825.015625,3.08771324157715,579894.0625,1.24410951137543,11.3486,0.8837931034482551,10.163793103448228,0.0989655172413792
DZA,Algeria,1980,192333.6875,3.21879529953003,617574,1.25247299671173,9.668,5.894333333333321,4.4749999999999375,0.0756666666666666
DZA,Algeria,1981,198103.703125,3.34797263145447,655813.125,1.27636218070984,14.61,15.784193548387066,19.810645161290296,-0.18677419354838715
DZA,Algeria,1982,210782.34375,3.56456875801086,694753.5625,1.30070698261261,6.593,-1.2690625000000182,-7.828437500000035,0.05906249999999991
DZA,Algeria,1983,222164.578125,3.73566389083862,736297.125,1.32551622390747,7.835,8.159393939393937,31.368787878787856,-0.26272727272727286
DZA,Algeria,1984,234605.8125,3.87479782104492,779485.6875,1.35079860687256,6.31,1.0994117647059056,31.576176470588223,-0.04500000000000009
DZA,Algeria,1985,243286.234375,4.01764726638794,823477.25,1.37656331062317,10.432,7.557999999999993,13.683999999999967,-0.10371428571428584
DZA,Algeria,1986,244259.359375,4.16786623001099,861902.125,1.40281927585602,14.007,2.9080555555555634,-9.89611111111111,0.03916666666666651
DZA,Algeria,1987,242549.5625,4.31509590148926,887819.875,1.42957615852356,5.857,18.62945945945947,9.17135135135132,-0.16189189189189204
DZA,Algeria,1988,240124.046875,4.46757078170776,910729.5,1.45684325695038,5.938,16.889210526315793,-6.700000000000017,0.00236842105263146
DZA,Algeria,1989,250689.515625,4.61816644668579,936679,1.4846305847168,9.172,5.586153846153849,27.941794871794855,-0.11769230769230782
DZA,Algeria,1990,252695.046875,4.74866580963135,961178.25,1.51294791698456,9.272,14.8065,3.8032499999999914,0.04524999999999984
DZA,Algeria,1991,249662.6875,4.90216255187988,976432,1.55154621601105,25.9,-1.8646341463414444,-26.169512195121968,0.08414634146341454
DZA,Algeria,1992,254156.609375,5.01348829269409,992773.6875,1.59112918376923,31.7,-6.740238095238084,24.11357142857142,0.002142857142857
DZA,Algeria,1993,248819.3125,5.08517980575562,1007344.125,1.63172209262848,20.5,10.806511627907014,29.552790697674396,-0.11790697674418615
DZA,Algeria,1994,246579.953125,5.19884061813355,1022027.4375,1.67335057258606,29,3.1109090909091037,-8.998863636363637,0.02477272727272717
DZA,Algeria,1995,255949.984375,5.48659133911133,1037938.8125,1.71434307098389,29.8,-1.0282222222222115,-8.398888888888905,-0.07577777777777786
DZA,Algeria,1996,266443.90625,5.68601512908936,1054897.375,1.7472060918808,18.7,2.264130434782629,-21.98630434782612,0.0258695652173912
DZA,Algeria,1997,269374.8125,5.89050483703613,1071708.25,1.7806990146637,5.7,2.8859574468085327,-28.928510638297897,-0.084680851063829915
DZA,Algeria,1998,283112.9375,6.07488822937012,1090493.875,1.81483399868011,4.95,10.095833333333388,-13.155833333333362,-0.10291666666666675
DZA,Algeria,1999,292172.53125,6.15642881393433,1110025.5,1.8496232032775899,2.6,20.669795918367385,0.5826530612244483,0.04918367346938762
DZA,Algeria,2000,303275.09375,6.32022666931152,1131786.875,1.88507950305939,0.3,10.20640000000003,13.140999999999991,-0.19180000000000016
DZA,Algeria,2001,312373.375,6.67828559875488,1156585.125,1.90001463890076,4.2,25.17627450980396,35.71333333333334,-0.17803921568627462
DZA,Algeria,2002,329866.28125,6.97835636138916,1185979.625,1.91506826877594,1.43,9.052115384615432,-13.373461538461555,-0.10461538461538468
DZA,Algeria,2003,353616.625,6.75358819961548,1217456.125,1.93024098873138,4.259,20.40132075471703,-13.311132075471704,0.07735849056603766
DZA,Algeria,2004,368822.1875,7.87312889099121,1252920.375,1.94553411006928,3.972,15.813518518518578,-0.5546296296296305,0.2059259259259259
DZA,Algeria,2005,390582.65625,8.12405681610107,1291995.625,1.96094822883606,1.382,25.80600000000007,-20.95454545454544,-0.06781818181818186
DZA,Algeria,2006,397222.59375,8.95882987976074,1334703.75,1.97648453712463,2.31,24.025178571428626,-24.10035714285712,0.11339285714285707
DZA,Algeria,2007,410728.15625,8.67647838592529,1385323.75,1.99214398860931,3.931315,14.163684210526355,33.192456140350885,-0.03859649122807024
DZA,Algeria,2008,420585.625,9.23440265655518,1446441.875,2.00792741775513,4.380229,12.819482758620724,30.05017241379312,0.0220689655172413
DZA,Algeria,2009,427314.96875,9.57050132751465,1515649.5,2.02383589744568,9.362793,10.482203389830572,-21.50915254237287,0.1716949152542372
DZA,Algeria,2010,442698.34375,9.8395357131958,1588688.75,2.03987050056458,4.2067,31.647500000000036,-18.86066666666667,-0.08116666666666675
DZA,Algeria,2011,455536.59375,9.70195293426514,1662936.875,2.07550859451294,5.739105,9.6486885245902,-14.681475409836054,0.11016393442622946
DZA,Algeria,2012,471024.8125,10.2749528884888,1740849.75,2.11176919937134,9.698162,19.83306451612907,-3.534677419354864,0.07838709677419353
DZA,Algeria,2013,484213.5625,10.8958702087402,1828537.625,2.14866352081299,4.101908,25.10825396825402,17.851428571428556,-0.0128571428571429
DZA,Algeria,2014,502613.6875,10.3398427963257,1923181.375,2.18620228767395,3.876656,17.065937500000047,-4.447500000000019,0.09734375
DZA,Algeria,2015,521210.375,10.6938314437866,2024275.375,2.22439670562744,4.391666,14.223384615384646,-28.59907692307695,-0.02415384615384613
DZA,Algeria,2016,537889.0625,10.9418792724609,2127248.25,2.26325869560242,5.800304,20.447878787878835,-7.555757575757582,-0.06378787878787878
DZA,Algeria,2017,544881.625,10.9499835968018,2231472.75,2.30279946327209,5.591,17.242686567164213,-17.962985074626886,-0.10283582089552236
DZA,Algeria,2018,551420.1875,11.0875148773193,2337930,2.34303092956543,3.51,13.979117647058873,-29.57882352941178,0.04867647058823532
DZA,Algeria,2019,581665.8125,11.1983909606934,2442441.5,2.38396549224854,1.952,8.646521739130463,-39.130144927536264,-0.02202898550724635
DZA,Algeria,2020,576513.1875,10.4205169677734,2541997.25,2.42561507225037,2.415131,18.063000000000045,6.468857142857132,-0.11171428571428572
DZA,Algeria,2021,622585.875,10.6965208053589,2659781.75,2.45266890525818,7.226063,20.95859154929579,39.49774647887324,-0.16014084507042253
DZA,Algeria,2022,645138.5,11.4524326324463,2775426.75,2.48042869567871,9.265515,17.637500000000017,59.7791666666667,-0.1979166666666667
DZA,Algeria,2023,671293.25,11.6545906066895,2906572.75,2.50891828536987,9.322174,29.63589041095892,49.68027397260275,-0.11520547945205484
ECU,Ecuador,1960,21071.673828125,1.29828786849976,199713.875,1.66427171230316,1.676599,22.857999999999997,1.7409999999999997,-7.082000000000001
ECU,Ecuador,1961,22151.47265625,1.32747554779053,210395.5,1.67715835571289,3.98562,12.359999999999996,4.072727272727274,0.13181818181818272
ECU,Ecuador,1962,23241.13671875,1.35732316970825,219636.09375,1.69014477729797,2.870885,16.349999999999998,-0.6366666666666632,-2.9291666666666636
ECU,Ecuador,1963,23730.6796875,1.38784146308899,229023.5625,1.70323181152344,5.939509,39.372307692307686,6.122307692307693,-6.153846153846153
ECU,Ecuador,1964,25488.466796875,1.41905009746552,239109.796875,1.71462845802307,4.034204,12.239999999999998,1.9149999999999991,5.375714285714285
ECU,Ecuador,1965,26323.23828125,1.45095431804657,249059.09375,1.72462594509125,3.069071,7.153999999999996,-5.802666666666667,3.7673333333333368
ECU,Ecuador,1966,26966.4453125,1.48659360408783,259426.25,1.73468172550201,5.453727,14.126874999999998,-1.8500000000000016,1.0618750000000006
ECU,Ecuador,1967,28818.19921875,1.52310538291931,273190.125,1.74479615688324,3.818138,7.985882352941175,2.5588235294117645,-0.3905882352941142
ECU,Ecuador,1968,29979.50390625,1.56051564216614,287328.6875,1.75496959686279,4.317656,17.04222222222222,-0.8133333333333361,-0.26888888888888474
ECU,Ecuador,1969,30678.77734375,1.59883248806,299306.90625,1.76520228385925,6.326682,20.625263157894736,-2.0005263157894753,3.385263157894741
ECU,Ecuador,1970,32659.79296875,1.63810968399048,312167.34375,1.77549457550049,5.12999,17.564,1.9995000000000012,1.1159999999999997
ECU,Ecuador,1971,33985.09375,1.70625054836273,331629.71875,1.79437184333801,0,-1.0123809523809584,-5.115714285714285,6.482857142857146
ECU,Ecuador,1972,37059.27734375,1.77716457843781,347959.78125,1.81344985961914,0,24.453636363636356,-7.983181818181819,6.878181818181819
ECU,Ecuador,1973,39971.2890625,1.85084819793701,362438.09375,1.83273065090179,0,6.000434782608693,-2.616086956521741,5.499130434782611
ECU,Ecuador,1974,44931.86328125,1.92723762989044,379385.71875,1.85221648216248,42.08334,-12.83958333333334,-4.077083333333334,1.3700000000000043
ECU,Ecuador,1975,50646.0234375,2.00630807876587,408829.6875,1.87190961837769,6.158357,-10.416000000000004,-1.993999999999998,8.045200000000001
ECU,Ecuador,1976,53765.60546875,2.07364726066589,437841.25,1.89181196689606,2.486187,1.3646153846153837,-3.4373076923076926,9.235769230769233
ECU,Ecuador,1977,54785.32421875,2.1427278518676798,469371.875,1.91192603111267,29.6496,33.524074074074065,0.7399999999999984,0.22370370370370907
ECU,Ecuador,1978,57604.3515625,2.21392035484314,504313.71875,1.93225383758545,0,26.636785714285708,-0.2864285714285728,-3.494285714285713
ECU,Ecuador,1979,59969.0546875,2.28750419616699,533150.1875,1.95279788970947,20.79002,23.878275862068968,1.793448275862069,-2.823793103448274
ECU,Ecuador,1980,61841.78515625,2.36409139633179,561310,1.97356021404266,3.270225,23.04233333333334,0.23366666666666447,-0.7896666666666619
ECU,Ecuador,1981,67888.6484375,2.43558740615845,589776.6875,1.99659240245819,18.16667,20.79903225806451,0.8861290322580615,-1.934193548387093
ECU,Ecuador,1982,69010.5234375,2.50513482093811,618657.3125,2.01989340782166,16.92524,7.139062499999994,-2.921562500000002,8.466250000000002
ECU,Ecuador,1983,69497.734375,2.57733774185181,639372.75,2.04346609115601,49.69843,15.702727272727266,-7.5830303030303075,19.099696969696975
ECU,Ecuador,1984,71531.3671875,2.65241003036499,658389.6875,2.06731414794922,29.89524,-10.589117647058828,-3.070000000000004,0.30794117647058883
ECU,Ecuador,1985,74968.1953125,2.72944402694702,681122.1875,2.09144043922424,28.53599,-5.716571428571434,4.657714285714285,-5.590857142857143
ECU,Ecuador,1986,77552.15625,2.80225110054016,704502.875,2.11584830284119,21.81467,-14.43777777777779,-4.801666666666669,4.164444444444442
ECU,Ecuador,1987,80482.796875,2.88580799102783,727434.25,2.14054107666016,29.6355,12.272432432432424,-3.711891891891895,8.421891891891892
ECU,Ecuador,1988,82890.8828125,2.95986986160278,743595,2.16552186012268,58.89365,-1.3305263157894842,-1.354210526315791,-1.7997368421052613
ECU,Ecuador,1989,85297.5234375,3.1386034488678,757315.25,2.19079422950745,75.30295,-9.32641025641026,1.170512820512819,1.2164102564102564
ECU,Ecuador,1990,90858.4296875,3.33644127845764,768962.75,2.21636152267456,48.50779,1.6267500000000013,-1.96875,-1.5040000000000011
ECU,Ecuador,1991,94778.75,3.47906255722046,783936.9375,2.239013671875,48.6147,9.1870731707317,-2.100731707317072,1.30268292682927
ECU,Ecuador,1992,96356.546875,3.58531832695007,797760.25,2.26189708709717,54.68058,12.578333333333331,-1.0707142857142848,7.221666666666671
ECU,Ecuador,1993,98817.5234375,3.70506572723389,811931.9375,2.28501439094543,44.95404,-0.5741860465116346,-4.245813953488371,5.353720930232562
ECU,Ecuador,1994,102635.9375,3.84747648239136,826787.125,2.30836820602417,27.36525,-1.561136363636372,-0.9593181818181796,5.84204545454546
ECU,Ecuador,1995,104635.8984375,3.94892644882202,840871.5625,2.33196043968201,22.93229,-2.576444444444455,-4.187999999999999,3.7022222222222254
ECU,Ecuador,1996,109811.6953125,4.09992837905884,855305.375,2.35579395294189,24.48596,-18.500434782608703,-1.53695652173913,-2.818260869565215
ECU,Ecuador,1997,112545.390625,4.28963661193848,857733.4375,2.37987112998962,30.6847,-12.706808510638304,-9.994255319148936,18.821702127659577
ECU,Ecuador,1998,116361.609375,4.50011110305786,860401.375,2.40419411659241,36.17221,-10.382083333333338,-6.016041666666666,18.689583333333335
ECU,Ecuador,1999,111264.28125,4.26739692687988,854237.625,2.42876577377319,52.20793,-26.29020408163266,-6.723265306122448,4.9981632653061325
ECU,Ecuador,2000,116847.7109375,4.59304189682007,855093.375,2.45358872413635,96.04465,-23.49440000000001,-1.8888,2.64820000000001
ECU,Ecuador,2001,121762.640625,4.8390097618103,857254.5,2.48427653312683,37.43846,-18.783725490196087,-3.3717647058823506,2.316274509803929
ECU,Ecuador,2002,127763.2265625,4.97953319549561,867015.375,2.51534819602966,12.42378,-18.652500000000007,-3.776923076923074,2.711730769230776
ECU,Ecuador,2003,131448.546875,5.12074422836304,876904.5,2.54680848121643,7.913446,-18.25056603773586,-4.275660377358486,0.02056603773585408
ECU,Ecuador,2004,140429.65625,5.56852149963379,886167.625,2.57254362106323,2.753288,6.527407407407402,-1.6364814814814783,-2.719814814814807
ECU,Ecuador,2005,148010.90625,5.75522518157959,899538.8125,2.59416246414185,2.201747,24.038727272727265,-0.3067272727272705,-5.380363636363629
ECU,Ecuador,2006,154436.265625,5.96800088882446,914583.1875,2.61596298217773,3.31583,20.62946428571428,-3.1512499999999974,1.0257142857142902
ECU,Ecuador,2007,157374.3125,6.21716356277466,930672.6875,2.63794684410095,2.289087,8.947543859649109,-1.7259649122807,-1.652280701754382
ECU,Ecuador,2008,167705.796875,6.36085891723633,953534.25,2.66011524200439,8.404222,12.773275862068957,-4.406206896551719,2.556206896551732
ECU,Ecuador,2009,169535.5,6.50726318359375,973864.5625,2.68247008323669,5.155421,25.30677966101694,-3.0915254237288092,0.13288135593220574
ECU,Ecuador,2010,176366.3125,6.73341846466064,999947.8125,2.70501255989075,3.551071,35.01499999999999,-2.179999999999996,1.63066666666667
ECU,Ecuador,2011,191324.78125,6.96347332000732,1035351.0625,2.7113370895385702,4.471795,27.650983606557375,-1.8142622950819636,-0.2260655737704873
ECU,Ecuador,2012,202389.5,7.16315507888794,1078181.875,2.71767663955688,5.09917,18.114999999999995,-3.104999999999997,7.1575806451613
ECU,Ecuador,2013,216984.265625,7.35647916793823,1135102.375,2.7240309715271,2.721399,11.147460317460316,-1.4757142857142824,1.3039682539682609
ECU,Ecuador,2014,226154.1875,7.50406837463379,1190608.25,2.73040008544922,3.594219,6.973281249999992,-5.092656249999996,3.0835937500000057
ECU,Ecuador,2015,226424.859375,7.66523742675781,1236218.375,2.73678398132324,3.96911,28.675999999999988,-4.414307692307689,7.2861538461538515
ECU,Ecuador,2016,224867.15625,7.75448608398438,1265880.5,2.74318289756775,1.730013,38.21151515151514,0.412575757575759,5.525757575757581
ECU,Ecuador,2017,238292.625,7.98127365112305,1305187.25,2.74959659576416,0.417,27.16119402985074,-2.063582089552236,13.863283582089558
ECU,Ecuador,2018,240781.09375,8.16864776611328,1342386.375,2.75602555274963,-0.22,21.41176470588234,0.05676470588235638,8.329411764705888
ECU,Ecuador,2019,241179.375,8.24663543701172,1376518.25,2.76246953010559,0.266,21.38144927536231,-1.6740579710144878,13.91869565217391
ECU,Ecuador,2020,218882.109375,7.4028811454773,1391116.5,2.76892852783203,-0.3388724,36.37599999999999,0.7098571428571461,0.5598571428571404
ECU,Ecuador,2021,240372.859375,8.25420379638672,1414991.875,2.8261821269989,0.13317,18.10366197183098,-0.21014084507041808,8.10197183098591
ECU,Ecuador,2022,255242.65625,8.44466495513916,1444966.75,2.79839634895325,3.46617,22.032222222222217,2.5327777777777793,1.349444444444444
ECU,Ecuador,2023,261254.1875,8.51595687866211,1474124.875,2.82538056373596,2.215688,44.2004109589041,-3.5919178082191756,10.410958904109592
IDN,Indonesia,1960,160433.390625,29.506175994873,771420.5625,1.15858137607574,39.59044,16.327000000000012,-1.491999999999999,1.865000000000002
IDN,Indonesia,1961,173601.421875,30.0876140594482,774562.8125,1.1768571138382,13.69193,26.03272727272729,5.643636363636363,-3.8645454545454534
IDN,Indonesia,1962,173337.75,30.6032047271729,774014.3125,1.19542098045349,131.3978,15.85333333333334,0.293333333333333,0.7274999999999991
IDN,Indonesia,1963,166637.78125,31.1292457580566,766275.875,1.2142778635025,145.9108,27.16384615384617,6.200769230769231,-3.758461538461539
IDN,Indonesia,1964,174386.140625,31.6657524108887,762159,1.23343205451965,108.9947,5.393571428571434,-2.7521428571428563,1.8200000000000005
IDN,Indonesia,1965,176437.734375,32.212776184082,758812.6875,1.25288844108582,306.7631,9.62400000000001,6.831333333333333,-3.0713333333333317
IDN,Indonesia,1966,181361.578125,32.770320892334,759216.5,1.27265179157257,1136.254,-26.71749999999999,-0.9856249999999988,8.660625
IDN,Indonesia,1967,183823.5,33.3384017944336,753465.9375,1.29272675514221,106,-13.895882352941172,3.2823529411764714,3.781176470588239
IDN,Indonesia,1968,196543.4375,33.9170570373535,757667,1.31311845779419,128.843,-7.923888888888882,-1.7899999999999991,2.691111111111113
IDN,Indonesia,1969,197774.390625,34.5062828063965,766889.0625,1.33383190631866,15.47988,15.74315789473684,2.3942105263157902,0.179473684210528
IDN,Indonesia,1970,212545.90625,35.1060829162598,788185.75,1.35487198829651,12.3489,8.916000000000011,-2.0755,6.610499999999998
IDN,Indonesia,1971,227434.796875,35.9770965576172,818646.625,1.37038171291351,4.233756,-7.008571428571429,-2.936666666666667,3.345714285714287
IDN,Indonesia,1972,248845.25,36.5124244689941,858449.875,1.38606905937195,6.521739,23.11,14.43681818181818,-8.526363636363637
IDN,Indonesia,1973,276982.375,38.6800308227539,907633,1.40193593502045,31.04188,17.555217391304353,-3.6808695652173906,6.784347826086957
IDN,Indonesia,1974,298146.75,39.7244987487793,969703.5625,1.41798436641693,40.49181,6.163749999999993,-1.6374999999999993,-1.9083333333333383
IDN,Indonesia,1975,312994.5625,39.888240814209,1042078.6875,1.4342166185379,19.16569,3.837199999999996,-4.402,5.148
IDN,Indonesia,1976,334528.09375,40.7134971618652,1115756.5,1.45063471794128,19.82865,15.599615384615376,2.6273076923076903,-4.470000000000002
IDN,Indonesia,1977,363854.6875,41.3582878112793,1204339.75,1.467240691185,11.05209,16.36185185185184,3.459999999999999,0.3855555555555519
IDN,Indonesia,1978,392401.9375,42.8715324401856,1308663.25,1.48403668403625,8.112575,19.6275,-4.88357142857143,6.0717857142857135
IDN,Indonesia,1979,416929.625,43.8476676940918,1412444.375,1.50102508068085,16.23277,32.34068965517241,0.7448275862068954,1.052413793103444
IDN,Indonesia,1980,458109.875,46.0809364318848,1542785.75,1.5182079076767,18.03543,33.25266666666667,-0.02000000000000135,-1.382666666666669
IDN,Indonesia,1981,494450.28125,49.0818519592285,1687958.75,1.55751752853394,12.2659,29.81,0.9906451612903222,1.2719354838709656
IDN,Indonesia,1982,505524.59375,50.383602142334,1854940,1.59784507751465,9.44543,39.4184375,8.6496875,-5.067812500000002
IDN,Indonesia,1983,549884.875,52.6162948608398,2023005.625,1.63921678066254,11.79974,42.30393939393937,0.0575757575757585,1.845757575757574
IDN,Indonesia,1984,588237.9375,55.3409423828125,2165986,1.68165957927704,10.45503,7.749705882352927,-4.564117647058824,6.021470588235289
IDN,Indonesia,1985,602724.8125,57.9357566833496,2323669,1.72123610973358,4.724539,19.648285714285706,-2.2237142857142835,1.169428571428572
IDN,Indonesia,1986,638137.9375,60.5870246887207,2502332.5,1.75472140312195,5.822667,20.102499999999992,-1.9719444444444445,2.696944444444444
IDN,Indonesia,1987,669569.875,63.0135192871094,2690013.5,1.78885805606842,9.278656,40.31918918918919,2.891351351351352,-0.1359459459459487
IDN,Indonesia,1988,708270,66.8832855224609,2905315.25,1.82365882396698,8.045352,32.42815789473683,-3.9047368421052657,7.33763157894737
IDN,Indonesia,1989,772613.6875,71.3394241333008,3161721.75,1.85913670063019,6.415545,16.12666666666665,-3.1446153846153866,2.5694871794871794
IDN,Indonesia,1990,842165.1875,73.6910018920898,3468213.25,1.89530456066132,7.819192,27.59349999999999,-0.4060000000000024,-0.534749999999999
IDN,Indonesia,1991,917353.4375,74.3812255859375,3815312.5,1.92251396179199,9.419073,23.600487804878043,5.313902439024387,0.3482926829268287
IDN,Indonesia,1992,983590.875,76.3574447631836,4158185.75,1.95011401176453,7.523514,22.978571428571428,-1.6926190476190488,0.6099999999999994
IDN,Indonesia,1993,1054937.125,77.0170288085938,4513880.5,1.97811019420624,9.671895,29.97418604651162,1.2767441860465103,0.4258139534883725
IDN,Indonesia,1994,1134478.875,80.1845703125,4928716.5,2.00650835037231,8.532004,28.69295454545454,9.067727272727272,2.7961363636363643
IDN,Indonesia,1995,1227734.75,82.1292419433594,5416217,2.03531408309937,9.420317,26.795333333333332,-2.0937777777777775,11.513999999999996
IDN,Indonesia,1996,1323719.25,84.0739059448242,5995026,2.06453371047974,7.97328,33.532826086956504,-2.1182608695652174,4.673695652173915
IDN,Indonesia,1997,1385929.375,85.3983917236328,6609006,2.09417247772217,6.226142,61.10936170212766,13.6968085106383,-8.955744680851065
IDN,Indonesia,1998,1204005,87.767578125,6897369.5,2.1242368221283,58.45105,62.43624999999999,-4.968541666666667,8.810833333333331
IDN,Indonesia,1999,1213528.125,89.4866943359375,7086858,2.15473294258118,20.47783,29.15204081632652,-0.8171428571428567,6.561020408163262
IDN,Indonesia,2000,1273236.625,91.5485076904297,7344821,2.18566656112671,3.688618,28.908999999999963,-0.960799999999999,5.709799999999998
IDN,Indonesia,2001,1319626.5,91.9609985351563,7624305.5,2.20774579048157,11.50012,34.24215686274506,1.6680392156862762,4.347843137254898
IDN,Indonesia,2002,1379002.875,93.1680603027344,7930396,2.23004794120789,11.90012,51.66365384615382,6.845961538461539,-2.5357692307692368
IDN,Indonesia,2003,1444924.25,94.5133895874023,8240323,2.25257539749146,6.757316,39.768867924528266,2.4067924528301887,3.5820754716981043
IDN,Indonesia,2004,1517616.625,95.3838195800781,8650677,2.27533054351807,6.06406,43.4124074074074,8.142222222222225,-1.714259259259265
IDN,Indonesia,2005,1604008,96.1692733764648,9129283,2.29831528663635,10.4532,40.7530909090909,-2.285818181818181,3.0669090909090855
IDN,Indonesia,2006,1692243.75,96.8658981323242,9611875,2.32153272628784,13.10867,45.41535714285712,6.4350000000000005,0.8621428571428531
IDN,Indonesia,2007,1799617,100.31241607666,10157826,2.34498429298401,6.406562,38.45859649122803,-0.7778947368421054,6.227017543859642
IDN,Indonesia,2008,1907840.5,103.507873535156,10793712,2.3686728477478,10.22667,27.16551724137929,-1.0044827586206893,8.38965517241379
IDN,Indonesia,2009,1996152.125,105.686309814453,11435899,2.39260053634644,4.386416,54.52508474576268,0.8325423728813561,0.8374576271186385
IDN,Indonesia,2010,2120389.75,108.154739379883,12143708,2.41677021980286,5.134203,50.3363333333333,-7.141333333333333,11.853499999999991
IDN,Indonesia,2011,2251213,109.731071472168,12925749,2.40213108062744,5.356048,36.97114754098358,0.18573770491803288,5.169180327868855
IDN,Indonesia,2012,2386962.5,113.283424377441,13792297,2.38758063316345,4.279512,42.74483870967739,1.2427419354838705,7.575806451612898
IDN,Indonesia,2013,2519612.25,114.345344543457,14693808,2.37311816215515,6.4125,42.36634920634915,-1.0869841269841292,13.455555555555552
IDN,Indonesia,2014,2645760.75,116.398971557617,15629329,2.35874342918396,6.394926,49.894374999999954,5.1999999999999975,2.8253125000000026
IDN,Indonesia,2015,2774776.5,117.833000183105,16610853,2.34445571899414,6.363121,59.74676923076919,10.589999999999996,-0.9381538461538454
IDN,Indonesia,2016,2914433,119.529830932617,17630780,2.33025455474854,3.525805,68.60151515151513,-5.0504545454545475,14.356060606060602
IDN,Indonesia,2017,3062188.75,122.780632019043,18720014,2.31613945960999,3.808798,45.74761194029847,-2.7550746268656727,12.91179104477612
IDN,Indonesia,2018,3220635.25,127.067840576172,19892844,2.30210971832275,3.198346,51.56485294117644,0.8354411764705869,5.151911764705883
IDN,Indonesia,2019,3382288.25,132.304962158203,21105286,2.28816509246826,3.030587,61.777536231884014,7.1233333333333295,-0.30275362318840493
IDN,Indonesia,2020,3312426.5,131.593963623047,22164118,2.27430486679077,1.919834,58.994999999999976,-3.318428571428573,13.251571428571436
IDN,Indonesia,2021,3435082,130.922897338867,23252202,2.29713678359985,1.56008,48.52408450704222,-4.39169014084507,11.134929577464792
IDN,Indonesia,2022,3617396.25,135.627670288086,24372696,2.32053375244141,4.209456,46.28013888888887,-4.730694444444446,12.08027777777778
IDN,Indonesia,2023,3800006,139.674240112305,25539414,2.34451293945313,3.669401,66.08616438356164,4.194109589041094,2.0347945205479476
IND,India,1960,550308.5,177.039642333984,1247237.5,1.13393616676331,6.406502,24.158000000000015,12.37400000000001,-1.0850000000000009
IND,India,1961,570042.25,178.504364013672,1336963.875,1.14029347896576,2.360146,-4.9881818181818005,-3.750909090909076,0.2336363636363643
IND,India,1962,589049.75,179.885620117188,1438811.625,1.14668643474579,0.954558,4.097499999999997,-9.368333333333318,-0.6458333333333357
IND,India,1963,627746.6875,181.644943237305,1550231.125,1.15311527252197,4.581169,21.782307692307683,-0.6176923076922947,-0.4461538461538481
IND,India,1964,674404.875,183.365325927734,1675430.25,1.1595801115036,10.38457,10.62642857142859,14.416428571428582,1.4857142857142822
IND,India,1965,659948.6875,185.236450195313,1799872.75,1.16608119010925,8.150199,16.518,4.005333333333354,-1.1933333333333351
IND,India,1966,657407.6875,187.084884643555,1921111.875,1.16899657249451,12.016,14.455624999999998,0.2750000000000057,0.51124999999999865
IND,India,1967,709589.9375,188.989349365234,2034956.5,1.17191934585571,15.0169,14.705294117647073,-4.061176470588229,1.4911764705882344
IND,India,1968,745728.375,190.779876708984,2132817.25,1.17484927177429,-0.393261,11.128333333333302,-2.995555555555555,-0.5116666666666667
IND,India,1969,829251.25,192.5078125,2243955,1.17778670787811,2.094589,28.04263157894735,13.772105263157895,-2.284736842105266
IND,India,1970,842089.4375,194.098968505859,2365080.75,1.18073129653931,5.09524,7.920500000000004,7.183500000000009,-0.7305000000000028
IND,India,1971,855924.3125,199.91096496582,2504127.5,1.18974387645721,3.079939,-6.156666666666666,3.7414285714285858,-0.34571428571428875
IND,India,1972,851188.5,205.963455200195,2647090,1.19882524013519,6.442098,25.37318181818182,6.631363636363645,-3.520000000000003
IND,India,1973,879239.5625,211.932418823242,2775896,1.2079758644104,16.94082,7.599999999999994,1.5630434782608802,0.5330434782608684
IND,India,1974,889661.5,218.184387207031,2908757,1.21719634532928,28.59873,19.24333333333334,8.43791666666668,-4.11916666666667
IND,India,1975,971064.75,225.241470336914,3030343.25,1.22648727893829,5.748427,-7.256399999999985,3.7704000000000097,-0.21440000000000303
IND,India,1976,987214.5625,232.404251098633,3174382.25,1.23796153068542,-7.633932,18.292692307692302,6.745384615384623,-2.256153846153847
IND,India,1977,1058834.75,239.84912109375,3348880.5,1.24954319000244,8.307473,15.085185185185168,-1.764444444444436,-2.9525925925925964
IND,India,1978,1119321,247.081665039063,3529908,1.26123321056366,2.523031,-0.8635714285714187,-11.80142857142856,-1.8071428571428587
IND,India,1979,1060688.875,254.056732177734,3701129.5,1.27303266525269,6.275695,20.73620689655175,-4.8344827586206804,-3.7648275862068985
IND,India,1980,1132135,261.981842041016,3872878.75,1.28494238853455,11.34606,19.965000000000032,9.916666666666686,-0.8693333333333353
IND,India,1981,1200133.25,269.776885986328,4035655,1.30297839641571,13.11255,5.7909677419355035,-9.703225806451606,-3.311290322580648
IND,India,1982,1241846.75,277.049041748047,4210381,1.32126760482788,7.890749,11.680000000000009,-5.719999999999999,-3.837812500000002
IND,India,1983,1332363.625,285.069885253906,4401597.5,1.33981347084045,11.86807,-1.0439393939394108,7.443333333333328,-0.35151515151515333
IND,India,1984,1383269.75,292.749298095703,4586533.5,1.3586198091507,8.318917,6.846764705882379,11.014411764705883,-1.1011764705882374
IND,India,1985,1455950.875,300.698333740234,4777716.5,1.37768995761871,5.556423,9.86114285714288,9.839714285714294,-2.919714285714287
IND,India,1986,1525495.25,309.148223876953,4996830.5,1.39887464046478,8.729713,10.267222222222216,-0.4636111111111063,-1.4586111111111126
IND,India,1987,1585986.5,317.519348144531,5249267,1.42038512229919,8.801138,22.269729729729733,0.3289189189189159,-4.549189189189189
IND,India,1988,1738682,326.597290039063,5499843.5,1.44222629070282,9.383464,16.643684210526317,8.590263157894725,0.4205263157894734
IND,India,1989,1842087.375,335.599578857422,5777311,1.4644033908844,7.074285,15.43692307692308,4.079999999999998,-0.5302564102564098
IND,India,1990,1944018.375,345.386993408203,6123094.5,1.48692142963409,10.87138,-6.448999999999984,-8.351999999999997,3.543000000000003
IND,India,1991,1964563.5,354.105987548828,6399589.5,1.50910270214081,13.39949,11.938292682926829,-0.3082926829268331,-0.6334146341463409
IND,India,1992,2072268.625,363.084411621094,6720976.5,1.53161489963532,9.703758,7.74404761904762,16.73904761904761,-2.7483333333333313
IND,India,1993,2170717.25,372.4365234375,7015786,1.55446290969849,7.554564,7.693953488372102,-0.05023255813954108,-0.28441860465115987
IND,India,1994,2315263.75,377.710906982422,7330381.5,1.57765173912048,9.997449,-3.010909090909081,-1.26909090909092,1.2420454545454582
IND,India,1995,2490633.25,381.690032958984,7709722,1.60118639469147,10.03731,9.865999999999984,-9.430888888888887,-0.5955555555555527
IND,India,1996,2678664.25,385.872314453125,8101936,1.6403032541275,9.63639,10.60152173913042,0.30413043478260704,-0.5626086956521714
IND,India,1997,2787145.25,390.425170898438,8536615,1.68037557601929,6.774954,2.6859574468084872,-13.192340425531915,-1.160638297872337
IND,India,1998,2959514,395.1845703125,9024902,1.71839702129364,13.2571,6.579999999999956,-4.467500000000015,-0.2864583333333304
IND,India,1999,3221305.25,400.287231445313,9661587,1.74994456768036,3.383411,10.055714285714288,12.803673469387746,-1.7206122448979553
IND,India,2000,3345035.5,409.24853515625,10228714,1.782071352005,3.62621,19.254599999999986,8.337599999999995,-1.6461999999999968
IND,India,2001,3506398.75,419.761993408203,10983740,1.79678165912628,4.526813,21.717058823529413,5.214117647058828,-2.063921568627448
IND,India,2002,3639781.5,430.733276367188,11682192,1.81161344051361,5.009686,25.0094230769231,-3.896153846153851,-2.504230769230766
IND,India,2003,3925881.75,442.381225585938,12430126,1.82656764984131,4.105511,15.477547169811317,-2.0726415094339785,0.29301886792453047
IND,India,2004,4236927,454.544982910156,13302242,1.84164524078369,3.967212,18.890925925925956,5.325740740740727,-1.3824074074074062
IND,India,2005,4572637,457.638061523438,14346022,1.85684728622437,3.668709,10.76745454545457,-1.8110909090909075,-0.14727272727272478
IND,India,2006,4941225,457.973663330078,15568328,1.87820076942444,6.753286,21.795178571428607,-8.908750000000005,0.15535714285714342
IND,India,2007,5319763.5,459.028869628906,17030950,1.89979958534241,5.931962,19.35280701754388,-0.9324561403508796,1.6526315789473696
IND,India,2008,5483968.5,460.812957763672,18454900,1.9216468334198,9.192299,20.98913793103452,-8.68637931034484,1.134137931034484
IND,India,2009,5915112,463.632537841797,20006560,1.94374537467957,10.61681,34.04338983050852,5.7008474576271055,0.03491525423729236
IND,India,2010,6417753.5,467.412475585938,21780698,1.96609807014465,9.513099,18.616000000000017,5.285833333333329,2.384333333333334
IND,India,2011,6754128,472.214385986328,23764864,1.98789155483246,9.254846,22.95081967213119,10.259180327868831,1.6352459016393477
IND,India,2012,7122659.5,469.831085205078,25757396,2.00992655754089,9.905671,18.330645161290334,10.133709677419349,-0.08112903225806178
IND,India,2013,7577520.5,483.854339599609,27559992,2.03220582008362,9.425386,4.589682539682542,-8.867142857142866,3.5601587301587347
IND,India,2014,8139031.5,483.084625244141,29398556,2.05473208427429,5.927783,18.17796875000002,-10.438593750000004,-0.42546874999999673
IND,India,2015,8789849,482.700531005859,31346660,2.07750797271729,4.900772,31.75830769230771,-16.917999999999992,-0.23892307692307213
IND,India,2016,9515566,482.989105224609,33422982,2.10053634643555,4.521035,31.997121212121215,8.84833333333333,1.0546969696969732
IND,India,2017,10162185,488.15234375,35689216,2.12382006645203,3.584306,27.24955223880596,4.736268656716419,0.14895522388060023
IND,India,2018,10818037,493.244964599609,38221824,2.14736175537109,3.420045,27.548823529411777,5.866617647058817,-0.23323529411764277
IND,India,2019,11236851,539.495788574219,40625756,2.17116451263428,4.776359,8.699565217391296,-13.048405797101443,2.7801449275362327
IND,India,2020,10587617,549.254089355469,42633508,2.19523119926453,6.165545,18.615285714285733,-11.641999999999989,1.470428571428574
IND,India,2021,11613513,576.977722167969,45347308,2.2041015625,5.509514,18.053098591549315,-8.278028169014078,0.8397183098591565
IND,India,2022,12424955,631.638244628906,48223956,2.21300768852234,6.651538,14.432361111111137,15.076944444444464,1.8380555555555576
IND,India,2023,13437952,670.032348632813,51474244,2.28326201438904,5.354691,29.6946575342466,-11.259589041095872,0.24287671232877095
KEN,Kenya,1960,25433.267578125,3.57286190986633,55298.98046875,1.19694888591766,1.243781,29.223000000000013,9.263000000000003,-0.9329999999999998
KEN,Kenya,1961,24524.33203125,3.66599369049072,55560.4453125,1.20565319061279,2.457002,14.856363636363652,-21.799090909090907,1.1418181818181816
KEN,Kenya,1962,26548.1171875,3.76296424865723,55707.40234375,1.21442079544067,3.117506,14.958333333333371,3.407500000000013,-1.293333333333333
KEN,Kenya,1963,27695.8671875,3.86394238471985,56393.7109375,1.22325229644775,0.6976744,-1.3023076923076644,-5.624615384615375,0.6961538461538463
KEN,Kenya,1964,29346.58203125,3.96870827674866,56671.609375,1.23214781284332,-0.0993049,5.820714285714303,-7.432857142857131,-1.3235714285714275
KEN,Kenya,1965,30771.921875,4.07703304290772,57194.203125,1.24110817909241,3.578529,22.142666666666685,9.922666666666672,-2.4853333333333323
KEN,Kenya,1966,34433.49609375,4.18945455551148,59038.77734375,1.25013363361359,5.014395,34.848750000000024,-6.3474999999999895,-1.8899999999999992
KEN,Kenya,1967,35892.60546875,4.30614614486694,61094.9921875,1.25922465324402,1.759196,13.12882352941176,-1.7241176470588044,0.11117647058823632
KEN,Kenya,1968,35883.98828125,4.42685270309448,64729.33984375,1.26838195323944,0.3667116,-5.890555555555551,4.341666666666683,0.705000000000001
KEN,Kenya,1969,38170.98828125,4.55218935012817,68390.5546875,1.27760565280914,-0.171501,39.28947368421052,0.8231578947368519,-3.062105263157894
KEN,Kenya,1970,36150.546875,4.65592002868652,74071.390625,1.28689658641815,2.18853,26.504999999999995,7.452000000000012,-0.8589999999999991
KEN,Kenya,1971,38500.67578125,4.84348583221436,81011.4375,1.30425000190735,3.78021,17.16285714285712,10.377142857142871,-0.5880952380952378
KEN,Kenya,1972,40436.07421875,4.95649242401123,87325.8359375,1.32183754444122,5.83164,29.602727272727265,-3.5145454545454555,-0.8313636363636361
KEN,Kenya,1973,42540.01171875,5.10830354690552,93267.3515625,1.33966219425201,9.28119,44.90565217391304,3.1882608695652124,-1.8052173913043472
KEN,Kenya,1974,44625.48828125,5.3664665222168,98034.7265625,1.35772716999054,17.8099,24.7545833333333,2.6354166666666714,-1.6399999999999997
KEN,Kenya,1975,44459.3828125,5.49899101257324,102905.359375,1.37603580951691,19.1202,12.844400000000007,-11.379999999999995,-0.8143999999999991
KEN,Kenya,1976,46249.57421875,5.69912767410278,107555.703125,1.39459133148193,11.449,24.860384615384618,-5.182307692307688,-1.9730769230769227
KEN,Kenya,1977,50494.33984375,5.88172769546509,113763.609375,1.41339695453644,14.821,-4.010370370370367,-21.50037037037036,2.830000000000001
KEN,Kenya,1978,55034.40625,6.05093288421631,121412.296875,1.43245625495911,16.9318,-7.907142857142873,2.0875000000000057,0.43892857142857267
KEN,Kenya,1979,57101.421875,6.28266191482544,127662.2734375,1.45177257061005,7.97935,3.9455172413793207,-15.994482758620691,0.5837931034482775
KEN,Kenya,1980,60294.23046875,6.50698900222778,133832.671875,1.47134935855865,13.858,38.78399999999999,9.038666666666671,-1.435666666666665
KEN,Kenya,1981,62564.26171875,6.69144010543823,140426.640625,1.49325609207153,11.603,13.202903225806438,-6.182903225806449,-0.4493548387096755
KEN,Kenya,1982,64871.203125,6.90596628189087,144337.765625,1.5154891014099101,20.667,7.850312499999973,-7.909687499999997,-0.8453124999999977
KEN,Kenya,1983,65757.0703125,7.16807126998901,147007.703125,1.53805303573608,11.398,31.902424242424217,-18.59999999999999,-1.1696969696969677
KEN,Kenya,1984,66919.765625,7.39805269241333,149407.703125,1.56095290184021,10.284,22.404117647058797,12.957058823529422,-2.0452941176470563
KEN,Kenya,1985,69780.375,7.67403507232666,152254.625,1.58419370651245,10.72485,5.833999999999975,-4.473142857142847,-0.14685714285714013
KEN,Kenya,1986,74781.828125,7.93657207489014,156127.96875,1.60778057575226,10.5504,10.87194444444441,0.34111111111111825,0.1472222222222248
KEN,Kenya,1987,79211.1484375,8.19951152801514,160358.859375,1.63171863555908,8.635164,37.0781081081081,2.031891891891888,-0.4267567567567552
KEN,Kenya,1988,84120.328125,8.43583202362061,165148.015625,1.65601313114166,12.3624,20.492368421052618,-4.141578947368416,-0.0055263157894716
KEN,Kenya,1989,88069.8125,8.77435207366943,169848.890625,1.68066930770874,13.4043,-2.703076923076935,4.564615384615394,-0.33538461538461384
KEN,Kenya,1990,91779.3671875,9.06492900848389,174952.84375,1.70569252967834,15.67405,6.124499999999955,16.400499999999994,-0.2569999999999988
KEN,Kenya,1991,93071.2578125,9.39436912536621,179385.390625,1.7281966209411601,18.98607,16.345121951219483,-7.999512195121945,-1.150731707317072
KEN,Kenya,1992,92333.0390625,9.75816154479981,183107.078125,1.75012314319611,27.3446,10.665952380952348,14.65095238095239,-1.1633333333333322
KEN,Kenya,1993,92665.2421875,10.1654443740845,186208.140625,1.77232766151428,46.05942,6.857906976744147,18.190232558139556,-1.7462790697674406
KEN,Kenya,1994,95101.3671875,10.6833362579346,190671.109375,1.79481399059296,28.71513,17.222045454545423,3.766818181818195,0.13340909090909123
KEN,Kenya,1995,99290.7734375,11.3299293518066,196678.125,1.81758558750153,1.555323,22.639333333333298,-3.616888888888873,-1.0895555555555545
KEN,Kenya,1996,103406.359375,11.9065561294556,202626.671875,1.84064602851868,8.841565,19.54717391304345,14.0317391304348,-1.5258695652173904
KEN,Kenya,1997,103685.890625,12.4229707717896,208696.390625,1.86399912834167,11.27734,1.9012765957446616,18.643191489361712,3.3265957446808514
KEN,Kenya,1998,107165.25,12.9206686019897,215520.046875,1.88764846324921,5.402304,8.181666666666672,-1.1752083333333303,1.4972916666666682
KEN,Kenya,1999,109420.703125,13.4238262176514,221818.296875,1.91159796714783,5.788454,20.584693877551015,13.43877551020408,-2.153265306122448
KEN,Kenya,2000,109965.21875,13.8578910827637,229073.984375,1.93585121631622,9.978494,33.03299999999999,17.25,-2.7201999999999984
KEN,Kenya,2001,114877.546875,14.2466602325439,238061.71875,1.95771253108978,5.779125,19.95529411764707,11.441764705882363,-0.5168627450980381
KEN,Kenya,2002,115534.3828125,14.6354999542236,245282.65625,1.979820728302,1.993869,20.39153846153846,9.051730769230772,-0.4269230769230754
KEN,Kenya,2003,118890.9609375,14.995626449585,250849.609375,2.00217866897583,9.822483,27.21679245283019,5.060943396226435,-0.9288679245283018
KEN,Kenya,2004,124958.6875,15.5877523422241,257453.109375,2.02478885650635,11.81291,25.812777777777768,13.827222222222233,-0.6516666666666664
KEN,Kenya,2005,132346.609375,16.0179405212402,268260.6875,2.04765462875366,9.90514,38.48345454545455,2.755818181818185,-1.3998181818181812
KEN,Kenya,2006,140718.65625,16.4490623474121,281449.15625,2.07077860832214,6.028195,23.62625,-6.493392857142844,0.9451785714285714
KEN,Kenya,2007,150358.984375,17.0097675323486,293583.9375,2.09416365623474,4.253263,28.35175438596491,-11.65947368421051,-0.6114035087719296
KEN,Kenya,2008,150708.515625,17.5634231567383,307553.125,2.1178126335144,15.1041,32.01293103448279,6.63155172413795,-1.100862068965517
KEN,Kenya,2009,162477.9375,17.8757019042969,323699.9375,2.14172887802124,10.52043,43.69033898305085,24.339152542372887,-2.2422033898305083
KEN,Kenya,2010,175571.15625,17.6944885253906,344391.34375,2.16591501235962,4.078746,30.622166666666686,5.2335000000000065,0.3651666666666671
KEN,Kenya,2011,184562.375,17.7746391296387,364519.6875,2.18529486656189,14.03341,29.15016393442625,6.567704918032803,0.6091803278688532
KEN,Kenya,2012,192787.515625,17.8495864868164,388316.6875,2.20484805107117,9.36769,33.389999999999986,7.031774193548401,-0.04064516129032203
KEN,Kenya,2013,200138.921875,18.0398902893066,411850.375,2.2245759963989298,5.734952,17.659999999999997,-0.04984126984126647,0.7400000000000002
KEN,Kenya,2014,210233.15625,18.2589492797852,443286.875,2.2444806098938,6.884535,29.76406249999999,-2.5090624999999847,-0.6415625
KEN,Kenya,2015,220755.609375,18.1200656890869,473164.375,2.26456332206726,6.590772,40.06615384615384,10.259538461538485,0.2783076923076928
KEN,Kenya,2016,230136.421875,18.3977279663086,499061.5625,2.28482580184937,6.327321,31.329090909090898,22.374090909090924,-0.5759090909090903
KEN,Kenya,2017,238917.296875,18.5560836791992,528467.4375,2.30526947975159,7.985,40.60149253731342,-3.269850746268631,-0.6373134328358203
KEN,Kenya,2018,252366.1875,18.5665264129639,555863.4375,2.32589602470398,4.69,11.794411764705842,4.808235294117665,2.202058823529412
KEN,Kenya,2019,265377.3125,18.3412017822266,585632.6875,2.3467073440551798,5.204,32.323478260869564,-2.491449275362299,1.770144927536232
KEN,Kenya,2020,264653.46875,18.5792503356934,616052.375,2.36770462989807,5.404815,21.681714285714264,-16.35585714285712,3.094857142857144
KEN,Kenya,2021,284741.9375,18.8079471588135,652297.1875,2.475581407547,6.110909,38.036338028168984,15.934507042253545,-1.6387323943661962
KEN,Kenya,2022,298580.34375,19.3525238037109,686803.4375,2.57906222343445,7.656875,31.118055555555543,25.49319444444447,-1.895972222222222
KEN,Kenya,2023,315169.125,19.9494342803955,721478.3125,2.60687518119812,7.675,27.211780821917756,17.09397260273974,1.3600000000000003
MAR,Morocco,1960,19976.98828125,3.66730189323425,84109.6953125,1.04607033729553,3.424299,-2.909000000000006,-16.541999999999987,0.9669999999999996
MAR,Morocco,1961,24020.734375,3.25395011901855,84536.46875,1.04996526241303,1.763125,7.11545454545454,-3.578181818181818,-0.580909090909091
MAR,Morocco,1962,27646.919921875,3.82000374794006,86277.3359375,1.05387485027313,5.096729,6.152499999999989,-7.909999999999997,1.3275
MAR,Morocco,1963,32042.296875,3.88833618164063,88735.0546875,1.05779886245728,5.699712,-9.690769230769234,-2.931538461538466,2.5153846153846153
MAR,Morocco,1964,33690.5625,3.86721396446228,90601.3828125,1.06173753738403,4.021542,20.10142857142857,14.107857142857156,-0.6242857142857143
MAR,Morocco,1965,33580.6796875,3.92586874961853,92718.578125,1.06569075584412,3.482821,-8.84866666666666,-23.912666666666667,0.8573333333333331
MAR,Morocco,1966,32349.974609375,3.95897936820984,94526.0234375,1.06830418109894,-1.013579,1.9543749999999989,3.891874999999999,-0.3862500000000002
MAR,Morocco,1967,33822.421875,4.04227304458618,98266.671875,1.07092392444611,-0.748277,-1.8805882352941128,-18.527058823529416,0.4064705882352935
MAR,Morocco,1968,36064.06640625,4.11695909500122,101551.6953125,1.07355010509491,0.4364791,4.473888888888894,-23.38777777777777,0.7138888888888886
MAR,Morocco,1969,39690.25,4.19030141830444,105224.5390625,1.07618272304535,2.949891,-10.421578947368417,-19.21684210526315,1.1263157894736842
MAR,Morocco,1970,41514.3359375,4.29691743850708,111648.2578125,1.07882177829742,1.27918,6.029499999999999,3.744,0.1499999999999999
MAR,Morocco,1971,43209.23046875,4.37218856811523,117628.3515625,1.0873898267746,4.15535,-9.907619047619036,-25.584285714285713,0.41285714285714326
MAR,Morocco,1972,44904.1328125,4.49938726425171,122091.5390625,1.0960259437561,3.75917,-24.257272727272714,-21.41136363636363,-0.00590909090909086
MAR,Morocco,1973,46513.21484375,4.62175464630127,126187.3515625,1.1047306060791,4.08461,2.677391304347836,-6.210434782608672,-0.3556521739130434
MAR,Morocco,1974,49109.203125,4.77647829055786,129416.6796875,1.11350452899933,17.5568,-0.284166666666664,-16.831666666666663,-0.7808333333333335
MAR,Morocco,1975,52820.8203125,5.07600736618042,144598.78125,1.12234795093536,7.91829,-5.5227999999999895,14.041600000000004,0.14039999999999964
MAR,Morocco,1976,58527.69921875,5.36758327484131,163820.125,1.131671667099,8.50215,-19.070384615384597,-20.82846153846154,0.665
MAR,Morocco,1977,62067.68359375,5.62046670913696,187530.703125,1.14107275009155,12.597,-17.89407407407407,4.732962962962972,-0.2996296296296299
MAR,Morocco,1978,63462.21875,5.65962791442871,200134.078125,1.15055203437805,9.71603,-0.5049999999999812,15.173928571428576,-0.6389285714285715
MAR,Morocco,1979,66508.7421875,5.79047536849976,212096.734375,1.16010999679565,8.33137,-8.717586206896542,0.7406896551724031,0.403103448275862
MAR,Morocco,1980,69319.28125,5.95643281936646,224450.40625,1.1697473526001,9.408,10.913000000000013,-6.59399999999998,-0.9803333333333332
MAR,Morocco,1981,67401.28125,6.04658985137939,237272.921875,1.18390417098999,12.493,6.520967741935493,4.3287096774193685,-1.548709677419355
MAR,Morocco,1982,73885.0546875,6.25177335739136,250685.75,1.19823229312897,10.528,-4.7628124999999955,-11.406562499999978,-0.3303125
MAR,Morocco,1983,73473.3828125,6.36923503875732,261622.015625,1.21273386478424,6.208,7.731515151515154,0.7090909090909321,-1.1903030303030306
MAR,Morocco,1984,76654.453125,6.5265645980835,270784,1.22741091251373,12.448,4.1541176470588255,15.168235294117665,-0.7752941176470589
MAR,Morocco,1985,81500.90625,6.77958583831787,282040.625,1.24226558208466,7.729,10.715428571428577,-2.045142857142835,-0.4631428571428573
MAR,Morocco,1986,88106.3046875,6.95111131668091,292597.6875,1.25881636142731,8.734,2.5077777777777612,-11.63833333333332,-0.6802777777777778
MAR,Morocco,1987,85916.984375,7.07737636566162,302713.3125,1.27558779716492,2.699,8.389999999999986,-23.173783783783776,0.03810810810810805
MAR,Morocco,1988,94973.6796875,7.38510322570801,314772.3125,1.29258251190186,2.369,6.389210526315779,-1.273947368421048,0.02710526315789474
MAR,Morocco,1989,97331.4140625,7.53113079071045,329765.75,1.30980384349823,3.138,5.9053846153846195,-19.631282051282056,0.4964102564102566
MAR,Morocco,1990,101111.28125,7.80825328826904,344868.75,1.32725441455841,6.026,7.957750000000004,1.669499999999999,-0.7259999999999993
MAR,Morocco,1991,108137.703125,8.02536392211914,359820.4375,1.34702610969543,8.991,2.883658536585358,-15.921219512195108,0.09170731707317126
MAR,Morocco,1992,103777.7734375,8.18558406829834,373678.84375,1.36709237098694,5.74,-7.284999999999997,-6.162142857142854,-1.1504761904761902
MAR,Morocco,1993,102726.9921875,8.25742912292481,385950.0625,1.38745748996735,5.183,-7.775581395348823,16.141162790697663,-0.4237209302325575
MAR,Morocco,1994,113367.4765625,8.51270580291748,396868.3125,1.40812599658966,5.142,12.621136363636367,18.694318181818176,-0.3640909090909088
MAR,Morocco,1995,105908.515625,8.59372520446777,409884.3125,1.42910242080688,6.124,2.810666666666677,-11.27111111111111,-0.3759999999999999
MAR,Morocco,1996,118847.625,8.85231494903565,422557.5625,1.45208430290222,2.987,-0.7204347826086916,-14.656086956521731,2.172173913043479
MAR,Morocco,1997,116199.84375,9.02064895629883,437151.46875,1.47543573379517,1.041,-7.055106382978721,-3.2142553191489327,0.02595744680851064
MAR,Morocco,1998,125118.078125,9.28266716003418,455628.75,1.49916255474091,2.745,11.611875000000012,15.922708333333349,-0.7845833333333332
MAR,Morocco,1999,125780.4765625,9.51957511901856,476536.0625,1.52327108383179,0.69,16.484897959183698,5.617755102040832,-1.0285714285714285
MAR,Morocco,2000,127783.609375,9.55563354492188,496909.8125,1.54776728153229,1.923,14.385200000000012,23.195400000000006,-0.32800000000000007
MAR,Morocco,2001,137433.765625,9.58224964141846,516266.3125,1.56978118419647,0.613,23.023137254901982,42.92058823529412,-1.0015686274509803
MAR,Morocco,2002,141991.125,9.74832725524902,537651.25,1.59210824966431,2.779,9.130384615384642,8.545192307692318,0.4676923076923081
MAR,Morocco,2003,150960.65625,10.2126369476318,561379.5625,1.61475276947021,1.163,19.768113207547177,-15.616037735849048,0.44886792452830226
MAR,Morocco,2004,158209.578125,10.4073610305786,587712.3125,1.63771951198578,1.493,12.132037037037051,-3.446851851851818,-0.789444444444444
MAR,Morocco,2005,162921.875,10.5320444107056,616103.8125,1.66101276874542,0.983,23.001454545454564,-0.17418181818179335,-1.115090909090909
MAR,Morocco,2006,175564.375,10.4579286575317,648164.6875,1.68110632896423,3.285,20.1507142857143,-19.511071428571412,-0.08517857142857133
MAR,Morocco,2007,180314.828125,10.5959405899048,687185.8125,1.70144295692444,2.036,5.617192982456146,1.06122807017546,-0.7736842105263158
MAR,Morocco,2008,193163.328125,10.6577568054199,734386.125,1.71884727478027,3.891,7.890344827586219,7.952931034482773,0.41965517241379335
MAR,Morocco,2009,212872.5,10.7547645568848,778237.5,1.73449659347534,0.972,16.59661016949154,-15.891864406779632,0.672542372881356
MAR,Morocco,2010,223831.9375,10.9117965698242,817374.0625,1.75028824806213,1.001402,14.060000000000016,-25.186999999999983,1.911333333333333
MAR,Morocco,2011,240571.828125,10.987606048584,862501.5,1.76998937129974,0.8992377,16.149508196721314,-12.834098360655716,0.00999999999999978
MAR,Morocco,2012,248894.0625,10.9896764755249,907929.375,1.78991222381592,1.29494,24.75903225806452,2.5529032258064746,-0.22016129032258047
MAR,Morocco,2013,264107.59375,11.1445016860962,952649.5,1.81005918979645,1.89502,12.266031746031755,-0.907619047619022,-0.30666666666666664
MAR,Morocco,2014,277820.84375,11.2394914627075,995085.3125,1.83043313026428,0.4206696,16.03437500000001,-5.343437499999979,1.078125
MAR,Morocco,2015,289891,11.2173652648926,1037884.0625,1.85103631019592,1.565365,14.18769230769233,-11.751230769230744,-0.7984615384615386
MAR,Morocco,2016,291401.84375,11.1260423660278,1090464.125,1.87187135219574,1.649784,17.702727272727287,-15.223181818181786,-0.14636363636363603
MAR,Morocco,2017,306140.75,11.1917572021484,1142240.375,1.89294099807739,0.754,35.68850746268659,14.294029850746298,-0.9841791044776118
MAR,Morocco,2018,315525.75,11.4201860427856,1194168.75,1.91424775123596,1.79,-2.61632352941173,-3.5261764705882115,0.21029411764705896
MAR,Morocco,2019,324647.53125,11.4318046569824,1245164.625,1.93579435348511,0.24,18.081594202898582,-1.695072463768085,-1.1827536231884055
MAR,Morocco,2020,301343.625,11.4419183731079,1282119.25,1.95758354663849,0.7059687,24.77328571428575,-3.4608571428571224,-1.135857142857143
MAR,Morocco,2021,325917.5625,11.448878288269,1325512.75,1.98165833950043,1.398829,21.84436619718312,30.477887323943676,-0.9198591549295771
MAR,Morocco,2022,330894.96875,11.4235677719116,1363733.5,2.00658464431763,6.657042,27.740972222222258,1.1745833333333593,-0.8970833333333332
MAR,Morocco,2023,342156.5,11.5467500686646,1403223.875,2.03239965438843,6.091142,32.86095890410961,5.908493150684961,-1.2447945205479451
MEX,Mexico,1960,309941.28125,8.85681915283203,830701.125,1.57721865177155,5.21327,-0.6330000000000098,9.875,-0.16600000000000037
MEX,Mexico,1961,318761.5,9.10601902008057,884701.9375,1.59282803535461,1.801802,1.3145454545454385,-0.712727272727264,-0.6809090909090907
MEX,Mexico,1962,331232.71875,9.35822868347168,935840.625,1.60859179496765,0.884956,10.595,7.206666666666664,-1.474166666666667
MEX,Mexico,1963,363111.71875,9.62547969818115,1000840.375,1.62451148033142,0.877193,4.659999999999982,-2.8376923076923077,-0.3207692307692316
MEX,Mexico,1964,412760.96875,9.90282726287842,1084370.25,1.64058887958527,2.173913,-2.152857142857144,-7.9850000000000065,-1.2978571428571437
MEX,Mexico,1965,435792.21875,10.2033271789551,1179670.5,1.65682518482208,3.404255,1.120666666666665,-5.222666666666669,-0.10133333333333372
MEX,Mexico,1966,462774.125,10.5249328613281,1281582.75,1.6732223033905,4.526749,-9.779375000000002,-7.03625000000001,0.15499999999999936
MEX,Mexico,1967,489038.375,10.8569936752319,1385075,1.68978178501129,2.755906,-6.894117647058835,-7.582352941176488,0.945882352941176
MEX,Mexico,1968,533368.5625,11.193302154541,1508512.125,1.70650506019592,1.532567,-16.571111111111122,-12.221111111111114,-0.08666666666666778
MEX,Mexico,1969,552843.5625,11.538106918335,1611524.25,1.71987664699554,3.018868,-2.6489473684210623,-3.7778947368421143,0.9278947368421048
MEX,Mexico,1970,589416.4375,11.9223976135254,1720407.25,1.73269045352936,5.003397,-6.6965000000000146,6.060999999999993,0.6614999999999993
MEX,Mexico,1971,614003.4375,12.5797271728516,1821928.125,1.75052082538605,5.469021,-6.737619047619077,4.1223809523809365,-0.47000000000000064
MEX,Mexico,1972,666119.1875,13.2585277557373,1941039.875,1.76853466033936,4.943688,-2.0813636363636476,-0.8750000000000142,-0.03863636363636402
MEX,Mexico,1973,722133.6875,13.9747619628906,2083733,1.78673386573792,12.08194,-8.890869565217415,-2.0069565217391343,2.6430434782608687
MEX,Mexico,1974,766261.5625,14.7440032958984,2237338.75,1.80512034893036,23.78403,-6.2904166666666725,-9.363333333333344,0.992916666666666
MEX,Mexico,1975,809257.125,15.656982421875,2405505.5,1.82369601726532,14.94453,-5.388800000000018,10.031199999999984,0.4631999999999987
MEX,Mexico,1976,843559.625,16.33518409729,2567267,1.84246277809143,15.82472,-13.691538461538473,-11.79461538461539,0.24538461538461487
MEX,Mexico,1977,872601.4375,17.0368366241455,2705042,1.8614227771759,29.06413,7.4255555555555475,-8.097777777777793,-1.0137037037037038
MEX,Mexico,1978,944589.5,17.8510246276855,2875234.25,1.88057780265808,17.45729,5.280357142857127,-13.55857142857144,1.7624999999999993
MEX,Mexico,1979,1031064.4375,18.9527683258057,3094565,1.89993000030518,18.19125,3.0482758620689623,-4.4310344827586405,0.9317241379310336
MEX,Mexico,1980,1116891.375,20.1380939483643,3351841,1.91948139667511,26.35165,15.816666666666665,-6.503333333333352,0.7706666666666662
MEX,Mexico,1981,1215111.125,20.8153858184814,3657681,1.94414365291595,27.93376,-2.733548387096789,-19.76354838709679,3.785806451612902
MEX,Mexico,1982,1206519.5,21.531551361084,3874959.75,1.969123005867,58.91343,18.79187499999999,-3.4859375000000057,0.03750000000000053
MEX,Mexico,1983,1154689.125,21.6673717498779,3974376,1.99442315101624,101.8749,7.472424242424225,-12.400303030303045,1.876363636363637
MEX,Mexico,1984,1196253.125,22.5863094329834,4090092.75,2.02004837989807,65.44881,-5.557352941176475,-7.855588235294135,3.7211764705882366
MEX,Mexico,1985,1229416.375,23.7038650512695,4230042,2.04600286483765,57.74845,-0.3385714285714414,-15.59114285714287,0.5048571428571433
MEX,Mexico,1986,1183265,24.4803237915039,4328456,2.07229089736938,86.23331,4.05083333333333,-12.60805555555556,0.4108333333333345
MEX,Mexico,1987,1205223.5,25.35378074646,4424549,2.09891653060913,131.8274,0.2613513513513368,-12.4672972972973,0.4797297297297307
MEX,Mexico,1988,1220233.75,26.2646102905273,4539001.5,2.12588429450989,114.1622,5.434473684210516,-8.639210526315793,1.907105263157895
MEX,Mexico,1989,1271462.75,27.2572727203369,4658385.5,2.15319871902466,20.00788,16.67512820512819,-6.197692307692321,0.6682051282051296
MEX,Mexico,1990,1335904.375,28.222749710083,4776021,2.18086385726929,26.65167,5.158249999999995,-12.09275000000001,0.9815000000000014
MEX,Mexico,1991,1392309.625,29.140775680542,4913728,2.20346689224243,22.66236,8.652439024390233,3.102195121951219,1.597560975609757
MEX,Mexico,1992,1442831.75,30.0727043151855,5070182,2.22630405426025,15.5079,3.646428571428572,-20.331666666666663,1.6295238095238114
MEX,Mexico,1993,1490523,30.8355884552002,5253452,2.24937796592712,9.75146,9.16162790697676,-2.468837209302329,2.1216279069767454
MEX,Mexico,1994,1556018.625,31.7028961181641,5472600.5,2.27269101142883,6.965813,23.953409090909105,-3.0027272727272845,-1.2765909090909071
MEX,Mexico,1995,1464053,32.0049438476563,5543877.5,2.29624581336975,34.99926,15.37111111111112,3.323999999999998,1.781777777777779
MEX,Mexico,1996,1555092.375,33.0913467407227,5671429.5,2.32004451751709,34.37838,14.926956521739143,8.841739130434782,1.2330434782608712
MEX,Mexico,1997,1667041.5,33.926212310791,5844027,2.3440899848938,20.62563,11.98936170212768,-18.31638297872341,0.5568085106382998
MEX,Mexico,1998,1770149.25,35.2431602478027,6043366.5,2.36838483810425,15.92839,29.469583333333347,12.795208333333328,1.1452083333333345
MEX,Mexico,1999,1818917.5,36.6365661621094,6246603,2.39293122291565,16.58562,19.59816326530614,12.40408163265306,1.0618367346938786
MEX,Mexico,2000,1910395.875,37.8793334960938,6454623.5,2.41773200035095,9.49156,22.196200000000005,8.285999999999994,-0.0193999999999983
MEX,Mexico,2001,1901783,38.7622032165527,6614301,2.43708729743958,6.367737,21.780980392156877,-7.146470588235296,-0.3090196078431351
MEX,Mexico,2002,1897283.75,39.6087493896484,6760300,2.45659756660461,5.030733,24.712115384615416,5.410961538461535,-0.1630769230769209
MEX,Mexico,2003,1919776.875,40.2793235778809,6905019.5,2.47626376152039,4.546898,19.985849056603783,3.6288679245282864,0.12000000000000188
MEX,Mexico,2004,1988225.25,41.6296081542969,7068316.5,2.49608755111694,4.688407,9.635740740740772,-12.018333333333343,-0.40222222222222026
MEX,Mexico,2005,2030241.5,42.0791358947754,7243768,2.51607012748718,3.988061,23.080545454545486,-1.1798181818181843,0.8850909090909109
MEX,Mexico,2006,2127794.75,43.3784561157227,7449402.5,2.53621244430542,3.629463,21.96839285714286,4.461249999999993,0.729285714285715
MEX,Mexico,2007,2172007.5,44.2312469482422,7676115,2.55651617050171,3.96685,16.88298245614037,0.7129824561403453,0.9664912280701764
MEX,Mexico,2008,2192496.75,44.9435234069824,7925027,2.57141518592834,5.124982,13.65189655172415,9.250689655172408,3.0898275862068987
MEX,Mexico,2009,2054473.375,45.4353485107422,8104519,2.58525681495667,5.297357,27.530508474576266,2.453898305084742,-0.3925423728813539
MEX,Mexico,2010,2156608.25,46.1216239929199,8304676.5,2.59917283058167,4.156728,10.75166666666668,13.533,4.3340000000000005
MEX,Mexico,2011,2230883,47.1388893127441,8536764,2.61836075782776,3.40738,39.725409836065595,30.571147540983603,1.2029508196721324
MEX,Mexico,2012,2310150.75,48.7067375183106,8777368,2.63769030570984,4.111508,27.95467741935485,-2.3619354838709654,-0.14645161290322495
MEX,Mexico,2013,2329835.75,49.2273101806641,8984429,2.6571626663208,3.80639,18.160952380952395,8.995555555555548,3.335873015873017
MEX,Mexico,2014,2388169.25,49.4154167175293,9194518,2.67677879333496,4.018617,15.88718750000001,-3.095000000000006,1.1937500000000014
MEX,Mexico,2015,2452705.25,50.6113319396973,9423436,2.69653964042664,2.720641,17.36276923076923,-27.117384615384623,0.895384615384617
MEX,Mexico,2016,2496179.25,51.5947532653809,9648700,2.71644639968872,2.821708,24.909696969696967,-10.276515151515156,0.3418181818181827
MEX,Mexico,2017,2542901,52.340747833252,9855634,2.73650026321411,6.041456,27.48791044776118,-1.4431343283582194,1.2367164179104488
MEX,Mexico,2018,2593049,53.7211952209473,10053732,2.75670194625855,4.899351,19.393676470588233,-3.531911764705896,0.4585294117647072
MEX,Mexico,2019,2582866.5,55.1892433166504,10215500,2.7770528793335,3.635961,26.91260869565218,5.799275362318831,-0.12811594202898302
MEX,Mexico,2020,2367093,51.3814849853516,10279037,2.79755401611328,3.396834,32.98814285714285,8.086428571428563,0.8837142857142881
MEX,Mexico,2021,2510266.25,53.8702697753906,10393107,2.81556797027588,5.689209,20.913521126760557,12.482535211267589,1.3312676056338049
MEX,Mexico,2022,2603422,57.884391784668,10544608,2.83388257026672,7.896276,17.03305555555555,17.239166666666662,0.8327777777777792
MEX,Mexico,2023,2689214.75,59.4779663085938,10777758,2.85250401496887,5.527961,36.97972602739726,8.413013698630124,-1.1586301369863
MYS,Malaysia,1960,24908.861328125,2.54203701019287,56100.07421875,1.3535920381546,0.0631826,33.185,0.32399999999999984,-1.070999999999998
MYS,Malaysia,1961,26723.14453125,2.61175203323364,58623.33203125,1.36699223518372,-0.1804077,35.808181818181836,3.3645454545454543,-2.9236363636363585
MYS,Malaysia,1962,28362.501953125,2.68384385108948,61950.19921875,1.3805251121521,0.1084403,20.864166666666677,0.8341666666666665,6.540000000000003
MYS,Malaysia,1963,30242.884765625,2.75559234619141,65452.140625,1.39419198036194,3.105254,30.519230769230777,1.0500000000000016,1.9669230769230808
MYS,Malaysia,1964,31753.6953125,2.82936835289001,68931.3046875,1.40799415111542,-0.4027316,23.15928571428573,0.5050000000000008,2.2364285714285757
MYS,Malaysia,1965,34096.2265625,2.90342879295349,72890.1484375,1.42193293571472,-0.1054852,4.775333333333336,3.531333333333335,-0.9826666666666596
MYS,Malaysia,1966,36537.40625,2.97801375389099,77079.6875,1.43693518638611,0.967969,-34.96312499999999,-2.489374999999999,10.268750000000008
MYS,Malaysia,1967,37804.10546875,3.05341649055481,81564.65625,1.45209574699402,4.575562,-5.876470588235279,2.7870588235294136,3.97470588235295
MYS,Malaysia,1968,40558.9609375,3.12856340408325,86174.859375,1.46741616725922,-0.1583465,10.230000000000018,5.8322222222222235,2.2538888888888984
MYS,Malaysia,1969,42603.625,3.20320510864258,90167.7578125,1.48289835453033,-0.489274,20.721578947368418,0.5652631578947371,4.565263157894744
MYS,Malaysia,1970,45081.1796875,3.27625107765198,96548.515625,1.49854385852814,1.84394,15.74550000000002,-0.10299999999999798,5.597000000000012
MYS,Malaysia,1971,55419.01953125,3.40006566047668,107665.1015625,1.52688634395599,1.61304,-0.08428571428568432,-0.02809523809523728,1.5004761904762027
MYS,Malaysia,1972,60622,3.52888202667236,120356.3359375,1.55576491355896,3.23155,27.24954545454547,1.0931818181818187,-3.9877272727272626
MYS,Malaysia,1973,67715.4296875,3.66169905662537,135089.40625,1.58518970012665,10.5602,32.974782608695705,1.9456521739130448,5.165652173913056
MYS,Malaysia,1974,73348.453125,3.79895806312561,153241.203125,1.61517095565796,17.329,5.640833333333362,-0.10541666666666671,-0.7795833333333206
MYS,Malaysia,1975,73936.03125,3.94047665596008,168698.96875,1.64571940898895,4.48772,11.635200000000026,-2.0111999999999997,1.0016000000000105
MYS,Malaysia,1976,82485.609375,4.28352308273315,184534.515625,1.6763950586319,2.63371,19.01769230769233,3.536153846153846,-1.6469230769230665
MYS,Malaysia,1977,88880.765625,4.36809015274048,203032.859375,1.70764267444611,4.78822,26.17333333333336,0.5251851851851832,0.3340740740740813
MYS,Malaysia,1978,94794.8046875,4.44390869140625,222914.203125,1.73195719718933,4.86006,43.36857142857146,-1.1035714285714295,-1.2678571428571352
MYS,Malaysia,1979,103657.2578125,4.602707862854,247099.515625,1.75623464584351,3.65447,57.49310344827589,1.9544827586206883,1.6758620689655288
MYS,Malaysia,1980,111373.75,4.76912784576416,278447.84375,1.78085243701935,6.724,46.08666666666669,-1.570666666666666,-0.32999999999998764
MYS,Malaysia,1981,119105.2578125,5.0182409286499,315623.65625,1.81984746456146,9.7,45.59000000000003,3.810000000000001,-0.06935483870966763
MYS,Malaysia,1982,126221.2578125,5.21817970275879,354195.78125,1.85969662666321,5.834,43.835312500000015,1.9809374999999996,-6.65718749999999
MYS,Malaysia,1983,134067.875,5.41180086135864,394865.78125,1.90041816234589,3.704,62.87696969696971,2.280909090909093,-0.8354545454545352
MYS,Malaysia,1984,144474.109375,5.54932260513306,434749.03125,1.94203150272369,3.904,-1.2623529411764451,-4.236176470588235,5.729117647058832
MYS,Malaysia,1985,142920.296875,5.60472202301025,466634.75,1.98455595970154,2.587,23.713714285714303,1.064857142857143,-0.8345714285714187
MYS,Malaysia,1986,144496.625,5.68880462646484,487228.28125,2.02695083618164,0.35,25.215000000000003,-1.134722222222222,2.7886111111111234
MYS,Malaysia,1987,152285.6875,5.85304594039917,504538.6875,2.07025170326233,0.737,51.63351351351352,1.9459459459459456,2.903243243243253
MYS,Malaysia,1988,165684.46875,6.04969501495361,528107.5,2.11447715759277,0.29,35.044736842105266,-3.1452631578947363,8.99684210526317
MYS,Malaysia,1989,180894.78125,6.29833602905273,565729.5625,2.1596474647522,2.557,18.256153846153836,0.29538461538461647,-1.3338461538461424
MYS,Malaysia,1990,197192.765625,6.57248115539551,618126.125,2.2057828903198202,3.043,48.269750000000016,0.4580000000000002,-0.45049999999998747
MYS,Malaysia,1991,216015.734375,6.75363969802856,685051.6875,2.25257921218872,4.328,31.23243902439026,-0.3331707317073169,4.55048780487806
MYS,Malaysia,1992,235208.984375,6.93309354782105,758292.875,2.30036807060242,4.778,29.348809523809564,-0.8252380952380944,-3.977857142857133
MYS,Malaysia,1993,258482.78125,7.1979284286499,846785.875,2.34917092323303,3.547,21.996279069767468,-0.3860465116279075,1.0746511627907085
MYS,Malaysia,1994,282294.3125,7.38139009475708,950351.5625,2.39900898933411,3.687,30.936363636363662,0.2727272727272716,2.190227272727281
MYS,Malaysia,1995,310041.25,7.6687126159668,1082474.25,2.4499044418335,3.468,26.338888888888903,-2.5733333333333324,9.601555555555567
MYS,Malaysia,1996,341053.75,7.90168571472168,1221952.75,2.4793438911438,3.479,25.036304347826132,2.352608695652174,9.462826086956532
MYS,Malaysia,1997,366028.28125,8.1280403137207,1371837.25,2.50913667678833,2.655,51.91361702127662,0.08255319148936202,-2.9485106382978614
MYS,Malaysia,1998,339090.6875,8.12622547149658,1412740.625,2.53928780555725,5.293,84.65208333333337,-0.2891666666666657,2.83291666666668
MYS,Malaysia,1999,359902.78125,8.3655309677124,1445193.125,2.56658840179443,2.731,26.754489795918403,-0.6732653061224472,7.805102040816337
MYS,Malaysia,2000,391786.09375,8.81299018859863,1511946.375,2.58731245994568,1.551,39.679400000000015,-0.7797999999999989,5.13900000000001
MYS,Malaysia,2001,393814.28125,8.87453079223633,1574704.125,2.61509108543396,1.427,44.37137254901961,0.5454901960784326,4.198235294117659
MYS,Malaysia,2002,415044.75,9.1381254196167,1636063.25,2.64316821098328,1.793,71.87807692307695,3.575000000000003,-4.392499999999988
MYS,Malaysia,2003,439069.65625,9.41619110107422,1701002.625,2.67154669761658,1.074,49.511886792452856,3.8675471698113224,0.870377358490579
MYS,Malaysia,2004,468853.625,9.55192375183106,1768553.625,2.70022964477539,1.42,53.14500000000001,4.4659259259259265,-1.1957407407407317
MYS,Malaysia,2005,493853.59375,9.58206844329834,1845415.875,2.72922086715698,3.039,61.70872727272729,2.4247272727272726,-1.7139999999999915
MYS,Malaysia,2006,521434.5625,9.87366771697998,1926295.375,2.75938773155212,3.621,47.626785714285745,-2.3985714285714277,2.976607142857155
MYS,Malaysia,2007,554278.625,10.1433639526367,2021489.75,2.78988838195801,2.027,36.9412280701755,-0.01649122807017455,10.56438596491229
MYS,Malaysia,2008,581060.0625,10.1788272857666,2114925.75,2.82072591781616,5.429,26.774310344827622,-0.9662068965517232,12.812241379310358
MYS,Malaysia,2009,572265.5625,10.3842296600342,2201213.75,2.85190463066101,0.597,57.28050847457632,0.640169491525425,4.475084745762722
MYS,Malaysia,2010,614755.375,11.215950012207,2307528,2.88342761993408,1.72,66.12583333333339,-2.040499999999998,7.5005000000000095
MYS,Malaysia,2011,647300,12.313549041748,2421476,2.90448880195618,3.174,36.291803278688576,-3.277049180327867,6.127540983606568
MYS,Malaysia,2012,682729.6875,12.5110750198364,2576247,2.92570376396179,1.664,46.33645161290329,0.13580645161290406,7.578709677419368
MYS,Malaysia,2013,714775.125,13.2360506057739,2746272.5,2.94707369804382,2.105,48.870952380952446,-0.7263492063492061,7.898412698412709
MYS,Malaysia,2014,757709.6875,13.6337747573853,2923039.5,2.96859955787659,3.143,53.37734375000005,4.325000000000001,2.4050000000000153
MYS,Malaysia,2015,796288.5625,14.0659990310669,3104790.25,2.99028301239014,2.104394,65.64615384615391,1.62846153846154,0.5980000000000132
MYS,Malaysia,2016,831721.5,14.1628017425537,3288805.75,3.01212477684021,2.075793,90.10151515151524,-0.13621212121211812,0.7089393939394064
MYS,Malaysia,2017,880067.4375,14.4767990112305,3486282.5,3.03412580490112,3.799,57.996716417910505,-2.2441791044776087,9.238358208955232
MYS,Malaysia,2018,922689.6875,14.7758989334106,3681222,3.05628776550293,0.97,70.60382352941181,-1.0311764705882327,3.5525000000000126
MYS,Malaysia,2019,963409.9375,15.073296546936,3861843,3.07861137390137,0.663,90.990579710145,0.583768115942032,-1.8689855072463644
MYS,Malaysia,2020,910838.0625,14.9566974639893,3979777.75,3.10109806060791,-1.138702,69.84071428571437,-1.7245714285714264,9.4177142857143
MYS,Malaysia,2021,940874.625,15.064094543457,4084713.5,3.13224864006043,2.477103,49.28704225352121,1.149718309859157,10.215070422535224
MYS,Malaysia,2022,1022263.1875,15.3916921615601,4200586.5,3.16371178627014,3.378699,43.07250000000008,-1.7862499999999972,13.683194444444457
MYS,Malaysia,2023,1059885.5,15.5549440383911,4323859.5,3.20573282241821,2.795644,74.72246575342473,-1.9317808219178063,9.225753424657544
NGA,Nigeria,1960,154294.375,15.8104085922241,866532.4375,1.15172266960144,5.444327,25.39500000000001,5.200000000000003,-1.1209999999999996
NGA,Nigeria,1961,147866.953125,16.2026195526123,939486.375,1.15172493457794,6.279147,11.586363636363645,2.6572727272727263,-0.9690909090909088
NGA,Nigeria,1962,153470.953125,16.5991096496582,1005719.625,1.15172731876373,5.265632,6.390833333333347,-0.9141666666666596,-1.1383333333333328
NGA,Nigeria,1963,166772.921875,17.3844985961914,1079838,1.15172958374023,-2.694655,33.50923076923081,8.886153846153846,-2.4107692307692288
NGA,Nigeria,1964,172167.125,18.1794738769531,1169818.375,1.15173184871674,0.8567932,26.735714285714323,23.82142857142857,-3.8385714285714263
NGA,Nigeria,1965,164103.984375,19.1183891296387,1300463.5,1.15173423290253,4.103459,31.79333333333335,5.123333333333349,-3.202666666666665
NGA,Nigeria,1966,155751,19.5341548919678,1417429.5,1.15173649787903,9.690346,34.16625000000002,5.153125000000003,-3.1624999999999983
NGA,Nigeria,1967,131262.90625,18.8917503356934,1506524.125,1.15173888206482,-3.726337,2.1764705882352757,0.2600000000000193,0.6935294117647075
NGA,Nigeria,1968,132145.96875,19.1279411315918,1577272.375,1.15174114704132,-0.476059,12.25555555555556,-8.58444444444443,0.6250000000000018
NGA,Nigeria,1969,155561.671875,20.1353778839111,1663256.5,1.15174353122711,10.15598,10.510526315789464,-10.842631578947362,0.8921052631578963
NGA,Nigeria,1970,186429.9375,21.3434581756592,1862658.625,1.15174579620361,13.7571,17.714999999999975,-6.150499999999994,-0.05249999999999844
NGA,Nigeria,1971,212972.953125,21.2840137481689,2076454.625,1.15585267543793,0,10.44142857142856,-9.767619047619036,0.4500000000000019
NGA,Nigeria,1972,228275,21.4417152404785,2310878.75,1.15997421741486,0,25.706818181818164,-13.713636363636354,-0.6404545454545438
NGA,Nigeria,1973,242215.828125,21.7847023010254,2588942.25,1.1641104221344,1.666665,32.97913043478263,0.9826086956521892,1.3173913043478267
NGA,Nigeria,1974,268388.375,21.8221454620361,2794183.75,1.16826140880585,0,-17.81499999999997,-1.0083333333333258,2.192500000000001
NGA,Nigeria,1975,270260.21875,22.8033561706543,3088764.25,1.1724271774292,88.52459,-17.86239999999998,-8.437999999999988,1.594800000000001
NGA,Nigeria,1976,289457.3125,23.7811660766602,3527657.25,1.17660772800446,47.39131,-7.905384615384577,-16.173461538461538,-1.45653846153846
NGA,Nigeria,1977,313391.6875,24.6917304992676,4045459,1.1808032989502,5.604725,11.65740740740742,3.495555555555569,-1.5225925925925914
NGA,Nigeria,1978,304307.125,24.5193824768066,4534534,1.18501377105713,28.21228,3.641071428571479,-13.88928571428572,0.661785714285716
NGA,Nigeria,1979,295919.28125,24.5880584716797,4932056.5,1.18923926353455,4.575167,13.635517241379349,-9.14034482758622,1.7089655172413805
NGA,Nigeria,1980,302479.4375,26.0585994720459,5352926.5,1.19347989559174,12.29166,11.43100000000004,-1.3456666666666592,2.9520000000000017
NGA,Nigeria,1981,299753.8125,27.228536605835,5842178.5,1.19635963439941,24.30427,6.862258064516141,3.807741935483861,0.5967741935483879
NGA,Nigeria,1982,279360.375,27.5590648651123,6195560.5,1.19924628734589,7.611944,3.9078125000000057,-9.39125,-0.8818749999999991
NGA,Nigeria,1983,248842.8125,26.7924938201904,6427434.5,1.20213997364044,17.89181,14.30939393939397,9.193333333333328,-1.5051515151515131
NGA,Nigeria,1984,246066.671875,25.7737121582031,6527169,1.20504057407379,37.64706,21.678529411764742,-3.167058823529416,-1.0508823529411746
NGA,Nigeria,1985,260616.671875,26.0135631561279,6580819,1.20794820785522,5.9829,-1.2708571428571247,-9.256571428571448,0.46914285714285775
NGA,Nigeria,1986,260775.5,26.1719760894775,6635594.5,1.21086287498474,7.338709,5.654444444444465,-4.979444444444454,0.18611111111111267
NGA,Nigeria,1987,269120.625,26.8611068725586,6673739,1.21378457546234,11.34486,39.921621621621625,2.475135135135119,1.0010810810810824
NGA,Nigeria,1988,288858.03125,27.9434242248535,6725995.5,1.21671330928803,31.57895,5.511052631578934,-9.080000000000013,3.814736842105265
NGA,Nigeria,1989,294402.3125,28.6545581817627,6794344,1.21964907646179,51.28205,-2.7102564102563917,7.072820512820499,0.4669230769230781
NGA,Nigeria,1990,329073.71875,29.4383182525635,6896946.5,1.22259199619293,7.830513,18.91749999999999,5.375999999999976,0.10524999999999984
NGA,Nigeria,1991,330252.96875,30.7916278839111,6990191,1.24443328380585,12.2603,-1.193902439024356,-7.585121951219534,1.3026829268292692
NGA,Nigeria,1992,345547.625,31.3028888702393,7079091.5,1.26666474342346,43.48922,-10.89547619047616,-6.574523809523825,0.09166666666666767
NGA,Nigeria,1993,338515.3125,31.5095653533936,7183652.5,1.28929328918457,58.09915,14.717906976744215,-2.9016279069767563,-0.8004651162790699
NGA,Nigeria,1994,332371.5,31.6105308532715,7274204.5,1.31232619285584,56.857170000000004,-6.486590909090893,-1.0456818181818477,2.8077272727272735
NGA,Nigeria,1995,332130,32.385181427002,7340189.5,1.33577060699463,72.87322,9.597555555555545,-2.0824444444444765,1.8853333333333344
NGA,Nigeria,1996,346065.9375,32.9294471740723,7423190.5,1.35963368415833,29.38953,12.928913043478277,7.53282608695649,1.0343478260869574
NGA,Nigeria,1997,356230.25,33.3948822021484,7519777,1.38392329216003,10.72019,16.503829787234025,-0.4474468085106622,-0.5476595744680841
NGA,Nigeria,1998,365425.4375,33.5376586914063,7617901,1.40864670276642,7.867811,24.190000000000023,14.49187499999998,1.0637500000000015
NGA,Nigeria,1999,367559.96875,34.4160575866699,7724364.5,1.4338116645813,6.598716,1.83632653061224,1.0161224489795586,2.442040816326532
NGA,Nigeria,2000,385996.53125,35.3947410583496,7852168.5,1.45942640304565,6.889396,6.779600000000016,20.255799999999965,0.4632000000000005
NGA,Nigeria,2001,408838.59375,35.9541053771973,7887934,1.4883189201355,18.8371,10.68666666666664,9.288627450980371,-0.19588235294117595
NGA,Nigeria,2002,471510.09375,37.7908401489258,7946099,1.5177835226059,12.88807,10.191153846153869,0.2399999999999665,-0.00211538461538385
NGA,Nigeria,2003,506152.84375,38.337776184082,8061898.5,1.54783141613007,14.01068,19.91886792452829,-1.3845283018868173,-0.9320754716981136
NGA,Nigeria,2004,552974.8125,39.9258460998535,8093626,1.57847416400909,15.05604,22.120000000000033,3.161111111111083,-0.564814814814814
NGA,Nigeria,2005,588578,41.6947364807129,8131324.5,1.60972356796265,17.82387,19.78781818181821,3.893636363636333,-0.6345454545454547
NGA,Nigeria,2006,624243,43.3118362426758,8290999,1.64159166812897,8.280764,26.724464285714276,10.744107142857118,-0.3332142857142859
NGA,Nigeria,2007,665387.4375,45.3747901916504,8348293.5,1.6740905046463,5.420366,10.535614035087749,7.26561403508768,1.6926315789473687
NGA,Nigeria,2008,710397.875,47.6819572448731,8397740,1.70723295211792,11.57233,11.103965517241392,12.070344827586185,1.8934482758620683
NGA,Nigeria,2009,767492,49.4232215881348,8479181,1.7331268787384,12.56511,35.975762711864405,5.105762711864372,0.19135593220338976
NGA,Nigeria,2010,841944.1875,52.1017570495606,8564983,1.75892567634583,13.73615,32.85616666666664,7.640666666666632,1.3881666666666677
NGA,Nigeria,2011,883093.1875,54.4081649780273,8625162,1.78164064884186,10.81312,25.567540983606538,12.705409836065542,-0.6845901639344261
NGA,Nigeria,2012,920883.1875,56.1841430664063,8694392,1.80464899539948,12.19885,7.775161290322558,1.8304838709677111,2.016451612903225
NGA,Nigeria,2013,970558,57.7522163391113,8799561,1.82795441150665,8.48239,13.611746031746035,-0.5385714285714585,0.2244444444444449
NGA,Nigeria,2014,1031798.8125,60.3430633544922,8966574,1.85156083106995,8.041389,20.059062499999985,-8.480156250000036,2.7109375
NGA,Nigeria,2015,1059168.75,63.412109375,9138001,1.87547206878662,9.011947,18.57046153846153,7.800307692307655,0.6492307692307699
NGA,Nigeria,2016,1042042.8125,65.8733367919922,9274641,1.89969217777252,15.68712,28.439090909090936,-2.8478787878788268,1.6793939393939397
NGA,Nigeria,2017,1050441,70.0830688476563,9399214,1.9242250919342,16.502,30.484626865671657,7.694626865671594,1.044328358208955
NGA,Nigeria,2018,1070637.625,72.1353912353516,9573503,1.94907462596893,12.1,16.696323529411757,-6.6785294117647425,0.9089705882352944
NGA,Nigeria,2019,1094282.75,73.8393859863281,9781682,1.97424519062042,11.397,16.79434782608689,-6.691739130434826,2.3857971014492767
NGA,Nigeria,2020,1074647.75,75.4088973999023,9944910,1.99974083900452,13.247,21.78442857142852,8.593857142857104,1.831714285714285
NGA,Nigeria,2021,1113843.375,77.4411849975586,10090135,2.02987694740295,16.95279,37.19760563380271,19.192816901408406,0.6459154929577471
NGA,Nigeria,2022,1150060.875,80.6709518432617,10246269,2.08037233352661,18.53079,10.440972222222172,17.08624999999995,2.676944444444445
NGA,Nigeria,2023,1182955.75,84.5971527099609,10428547,2.13435983657837,23.31589,43.19794520547936,-1.7778082191781266,1.1302739726027404
PAK,Pakistan,1960,52626.50390625,13.3260059356689,74731.2265625,1.12234890460968,6.947369,5.049000000000007,25.584000000000017,-0.7630000000000008
PAK,Pakistan,1961,55603.58203125,13.6097564697266,84420.7109375,1.12972688674927,1.64042,-5.849999999999994,-16.25181818181818,0.5463636363636364
PAK,Pakistan,1962,59143.66015625,13.9031705856323,95481.84375,1.13715350627899,-0.5164622,-2.0324999999999704,0.43250000000000455,-1.1691666666666665
PAK,Pakistan,1963,63626.95703125,14.2038011550903,109982.09375,1.14462876319885,1.456488,8.063846153846157,16.169230769230765,-1.859230769230769
PAK,Pakistan,1964,68001.1953125,14.5110626220703,125374.28125,1.1521532535553,4.179587,4.0378571428571775,20.944285714285712,0.3535714285714291
PAK,Pakistan,1965,74208.859375,14.8254356384277,144248.203125,1.15972721576691,5.568635,7.398666666666685,14.787999999999982,-1.0999999999999992
PAK,Pakistan,1966,79880.046875,15.1472911834717,159440.984375,1.16606414318085,7.227622,1.4562500000000114,23.533749999999984,-0.8412499999999996
PAK,Pakistan,1967,83190.1953125,15.4763832092285,173612.109375,1.17243552207947,6.811399,-5.039411764705875,-18.64058823529412,1.2082352941176469
PAK,Pakistan,1968,87779.625,15.8126554489136,184016.875,1.17884182929993,0.1706274,3.000555555555593,24.284999999999997,-1.7688888888888885
PAK,Pakistan,1969,94508.9921875,16.1564159393311,192925.8125,1.18528306484222,3.186987,12.892631578947372,7.2768421052631425,-0.7957894736842097
PAK,Pakistan,1970,105135.1015625,16.6700134277344,206542.84375,1.19175958633423,5.34984,8.52800000000002,-0.08700000000001751,-1.2459999999999996
PAK,Pakistan,1971,106765.1796875,16.7456436157227,218398.6875,1.1994903087616,4.73069,10.83190476190478,19.88714285714283,-1.356666666666666
PAK,Pakistan,1972,108318.609375,18.0397396087647,228241.828125,1.20727133750916,5.18324,-0.7204545454545439,-12.066818181818192,-0.4549999999999992
PAK,Pakistan,1973,115416.625,18.5814838409424,237870.40625,1.2151026725769,23.0701,4.250869565217386,3.7578260869564986,0.654782608695653
PAK,Pakistan,1974,121556.671875,18.88796043396,249202.09375,1.22298491001129,26.663,7.503750000000025,26.36125,-1.8124999999999991
PAK,Pakistan,1975,125482.9765625,19.1237831115723,260088.59375,1.2309182882309,20.9045,-5.286399999999986,-4.483200000000011,0.8300000000000005
PAK,Pakistan,1976,131263.390625,19.693452835083,280253.21875,1.23758542537689,7.15832,-9.473076923076915,-9.010769230769256,0.8680769230769236
PAK,Pakistan,1977,136250.875,20.2806968688965,301110,1.24428856372833,10.133,12.827777777777785,-21.567037037037053,-0.37407407407407334
PAK,Pakistan,1978,147154.359375,20.8966064453125,319990.28125,1.25102806091309,5.627669,-3.1303571428571217,-15.95678571428573,0.6992857142857147
PAK,Pakistan,1979,154225.859375,21.8417453765869,336132.125,1.25780403614044,8.577897,-5.41241379310344,-12.836551724137934,0.26517241379310397
PAK,Pakistan,1980,167643.734375,22.5103702545166,351721.1875,1.26461672782898,12.0551,4.6980000000000075,-14.99866666666668,-0.513666666666666
PAK,Pakistan,1981,179254.65625,23.1984176635742,364860.15625,1.2761857509613,11.62868,-1.513548387096762,-16.69483870967744,0.47290322580645183
PAK,Pakistan,1982,190973.390625,23.9160575866699,380031.25,1.28786051273346,5.934878,-7.816249999999997,-35.96312500000001,-0.37187499999999973
PAK,Pakistan,1983,203918.328125,23.911434173584,397705.28125,1.29964208602905,7.428634,-11.00939393939393,-13.193333333333342,0.8593939393939398
PAK,Pakistan,1984,214247.1875,24.6531181335449,416118.28125,1.3115314245224,7.150331,5.434411764705914,7.594705882352926,-0.6358823529411768
PAK,Pakistan,1985,230513.09375,24.9333305358887,437865.34375,1.32352960109711,7.083236,6.989142857142866,7.237714285714276,0.04228571428571381
PAK,Pakistan,1986,243195.109375,24.9999179840088,460393.75,1.33036029338837,2.256556,0.06500000000002615,-11.923333333333346,0.5011111111111104
PAK,Pakistan,1987,258886.875,26.5443210601807,483510.4375,1.33722615242004,4.351122,6.5632432432432495,27.70891891891891,-0.31243243243243324
PAK,Pakistan,1988,278627.75,26.814359664917,503787.15625,1.34412741661072,8.847784,9.880526315789467,5.499736842105278,0.63578947368421
PAK,Pakistan,1989,292447.03125,26.8679981231689,526359.75,1.35106444358826,7.857759,-1.772820512820516,-3.1712820512820343,-0.4805128205128213
PAK,Pakistan,1990,305486.03125,27.5560436248779,549910.9375,1.35803711414337,9.068419,2.661500000000018,-6.161999999999992,0.4514999999999989
PAK,Pakistan,1991,320948.40625,28.400806427002,572125.0625,1.37589919567108,11.72094,-5.753414634146338,13.98829268292684,-0.46951219512195186
PAK,Pakistan,1992,345678.46875,29.4579772949219,600271.9375,1.39399611949921,9.926827,-14.57642857142858,-21.66476190476189,1.6716666666666669
PAK,Pakistan,1993,351756.5625,29.9888858795166,628515.5625,1.41233110427856,9.970386,6.27255813953488,10.499069767441869,-0.3572093023255811
PAK,Pakistan,1994,364903.15625,30.8409214019775,653576.5625,1.43090724945068,12.3768,-4,-24.039545454545433,2.2909090909090906
PAK,Pakistan,1995,383011.90625,31.3008403778076,679484.625,1.44972765445709,12.33484,-4.99111111111111,-20.97533333333331,0.9599999999999996
PAK,Pakistan,1996,419779.4375,32.4116554260254,711344.375,1.4692747592926,10.35813,3.097391304347809,13.500652173913068,0.07913043478260873
PAK,Pakistan,1997,443260.5625,33.2995185852051,741490.8125,1.4890855550766,11.36488,-18.91851063829787,-38.846595744680826,0.19744680851063776
PAK,Pakistan,1998,475171.5,34.2196006774902,771870.75,1.5091632604599,6.221138,5.845624999999984,12.412708333333356,0.1133333333333324
PAK,Pakistan,1999,514892.75,35.1819496154785,800408.6875,1.52951180934906,4.16436,14.526326530612238,12.739387755102058,-0.9589795918367354
PAK,Pakistan,2000,561163.6875,36.3199996948242,837203.375,1.55013465881348,4.350451,14.485799999999983,26.484600000000015,-2.3398000000000008
PAK,Pakistan,2001,581653.6875,37.8935966491699,876089.625,1.60251486301422,3.584332,15.361764705882337,19.945294117647062,-1.083921568627452
PAK,Pakistan,2002,596746.5,39.6000022888184,909414.8125,1.65666508674622,3.695965,14.216346153846132,12.501730769230775,-1.993076923076924
PAK,Pakistan,2003,628978.6875,40.5302772521973,950869.875,1.71178531646729,2.872183,6.9081132075471885,-2.0241509433962364,0.28452830188679146
PAK,Pakistan,2004,678235.5625,41.9790000915527,1001917.1875,1.75520408153534,7.436154,21.57018518518518,16.943333333333328,-1.2607407407407418
PAK,Pakistan,2005,727587.9375,44.9774322509766,1062968.75,1.79972422122955,9.05786,2.548000000000002,14.325272727272718,-0.4578181818181832
PAK,Pakistan,2006,771618.875,46.9165344238281,1147123.375,1.7976154088974,7.917809,11.492499999999978,-28.08053571428573,0.6003571428571419
PAK,Pakistan,2007,805916,47.6166496276856,1229183,1.79550898075104,7.595497,8.550877192982455,-8.477894736842117,0.6198245614035081
PAK,Pakistan,2008,823004.875,49.0409126281738,1313318.625,1.79340529441834,19.74955,16.613448275862027,-11.701724137931052,0.00913793103448146
PAK,Pakistan,2009,851584.1875,50.7900047302246,1386139,1.79130387306213,12.16321,8.271864406779656,4.80661016949152,-1.2710169491525436
PAK,Pakistan,2010,864372.5,53.1195487976074,1443517.125,1.78920495510101,12.93287,14.824000000000012,12.31649999999999,1.2001666666666648
PAK,Pakistan,2011,887538.75,53.8346138000488,1484785,1.81359827518463,11.9175,8.010983606557346,-14.695409836065592,0.21049180327868733
PAK,Pakistan,2012,914409.75,54.833797454834,1527533.375,1.82945501804352,9.684949,0.5917741935483605,-7.178387096774202,-0.732903225806453
PAK,Pakistan,2013,954340.75,56.00439453125,1569915.375,1.84366619586945,7.689732,1.5023809523809462,-23.704444444444466,0.2987301587301574
PAK,Pakistan,2014,993625.5,56.5200004577637,1613361.625,1.87967920303345,7.196913,-1.3910937500000102,-2.914062500000014,-1.085937500000001
PAK,Pakistan,2015,1035536.125,57.4199981689453,1673811.5,1.87725651264191,2.548751,0.7703076923076821,-10.789230769230784,0.9007692307692294
PAK,Pakistan,2016,1103610.5,59.1431007385254,1744765.125,1.87483704090118,3.754735,15.248636363636365,16.954242424242423,-0.9028787878787892
PAK,Pakistan,2017,1152529.375,60.2872200012207,1823584.75,1.87242066860199,4.148,14.701044776119405,5.271194029850733,-0.729402985074628
PAK,Pakistan,2018,1223429.625,61.7038383483887,1916122.625,1.81014931201935,5.07,14.904852941176443,13.843676470588235,-1.8786764705882364
PAK,Pakistan,2019,1253986.5,60.9200897216797,1974503.5,1.77026915550232,6.738,-4.551159420289878,-43.35695652173914,0.07855072463768042
PAK,Pakistan,2020,1238009.625,62.2308197021484,2013982.875,1.76825952529907,9.739993,-1.5761428571428835,-17.737571428571442,1.11742857142857
PAK,Pakistan,2021,1318652.125,63.6218757629395,2057290.125,1.76625752449036,9.49621,16.176056338028133,4.672253521126748,-1.5983098591549303
PAK,Pakistan,2022,1381519.375,65.7262420654297,2103525.75,1.76426291465759,19.87386,12.131388888888864,-4.502638888888896,2.483888888888888
PAK,Pakistan,2023,1381452.25,67.4123840332031,2112944.5,1.76227569580078,30.76813,5.565205479452004,-24.830958904109607,-0.9101369863013709
PER,Peru,1960,60503.796875,3.10287356376648,148237.859375,1.47719466686249,8.625313,46.718,5.8430000000000035,-1.916000000000004
PER,Peru,1961,64969.78515625,3.1657600402832,155563.78125,1.49057984352112,6.020378,39.5909090909091,8.701818181818187,-1.2818181818181849
PER,Peru,1962,70399.1796875,3.2373902797699,163829.46875,1.50408637523651,6.618197,37.58166666666667,9.72666666666667,-2.3750000000000036
PER,Peru,1963,73001.09375,3.30067849159241,170948.8125,1.51771521568298,6.022694,45.01076923076924,5.518461538461544,-1.5123076923076937
PER,Peru,1964,77820.125,3.36638188362122,178340.453125,1.53146767616272,9.853859,26.425714285714285,3.4542857142857173,-1.8642857142857157
PER,Peru,1965,81660.0625,3.4336884021759,186953.578125,1.54534459114075,16.36269,23.424000000000007,-3.045999999999996,-1.4000000000000004
PER,Peru,1966,88522.09375,3.50261831283569,198704.25,1.56295943260193,8.888847,26.81,2.3143749999999983,0.3774999999999995
PER,Peru,1967,91873.890625,3.5700147151947,208895.671875,1.580775141716,11.45533,8.312941176470588,-7.421764705882349,-0.37470588235293967
PER,Peru,1968,92199.984375,3.63387203216553,212690.765625,1.59879386425018,19.11669,4.851111111111116,2.0505555555555546,1.0461111111111112
PER,Peru,1969,95670.8125,3.69861459732056,217536.09375,1.61701786518097,6.230582,22.575789473684218,-2.467368421052626,-0.6389473684210518
PER,Peru,1970,101269.8828125,3.87067794799805,223465.53125,1.63544976711273,5.02524,14.177000000000008,-0.46400000000000574,0.08300000000000018
PER,Peru,1971,105918.71875,4.02240085601807,231961.765625,1.66976809501648,6.79064,-6.048095238095243,-8.061904761904763,3.929047619047619
PER,Peru,1972,109602.078125,4.19636964797974,238739.25,1.70480644702911,7.21972,30.116818181818175,-0.4954545454545461,1.000454545454545
PER,Peru,1973,116481.734375,4.365882396698,254852.09375,1.73278832435608,9.48905,11.167391304347817,-7.383913043478259,2.686956521739134
PER,Peru,1974,127415.6875,4.55026531219482,279658.5,1.76012444496155,16.8917,-0.127916666666664,-5.2862499999999955,0.06500000000000306
PER,Peru,1975,132895.65625,4.67280912399292,301304.9375,1.78789174556732,23.6187,-12.152799999999992,-6.3748000000000005,3.3224000000000036
PER,Peru,1976,134818.796875,4.81312322616577,315645.03125,1.81788694858551,33.4833,10.70461538461538,-5.339615384615385,0.22461538461538663
PER,Peru,1977,135289.40625,4.91679239273071,324859.03125,1.8483852148056,38.0541,17.48814814814815,-7.081851851851852,0.45629629629629775
PER,Peru,1978,131714.375,5.04304122924805,331448.90625,1.87939524650574,57.8488,15.003571428571432,-3.868928571428569,1.4200000000000017
PER,Peru,1979,137102.484375,5.17312812805176,343081,1.91092550754547,66.6944,22.77620689655172,-0.585517241379307,-1.508965517241375
PER,Peru,1980,145250.953125,5.37688636779785,367001.625,1.94298470020294,59.145,32.126999999999995,-3.6260000000000017,-1.7886666666666624
PER,Peru,1981,153315.34375,5.60239267349243,398966,1.96504175662994,75.433,13.54064516129032,1.250967741935483,3.62903225806452
PER,Peru,1982,152973.875,5.78530836105347,424407.40625,1.987349152565,64.46,11.487500000000004,-2.218124999999997,3.215625000000001
PER,Peru,1983,137052.203125,6.08304643630981,430703.65625,2.00990986824036,111.149,41.68939393939394,-4.50090909090909,2.89818181818182
PER,Peru,1984,141997.453125,6.30303812026978,435262.84375,2.03272652626038,110.209,0.9332352941176438,-10.298529411764708,2.332941176470589
PER,Peru,1985,144924.203125,6.44682550430298,436062.34375,2.05580234527588,163.398,1.5365714285714276,-4.694285714285716,0.9462857142857146
PER,Peru,1986,158584.703125,7.00191211700439,446335.125,2.08478283882141,77.921,-4.616111111111117,-2.81388888888889,3.8800000000000026
PER,Peru,1987,174008.90625,7.275315284729,465018.1875,2.11417174339294,75,22.58864864864865,-4.1578378378378424,3.1251351351351353
PER,Peru,1988,157580.25,7.32308626174927,477973.15625,2.14397478103638,576.1905,20.524210526315777,-1.2084210526315822,1.5628947368421071
PER,Peru,1989,138178.890625,7.49943399429321,480663.75,2.17419815063477,3407.746,6.297948717948714,-5.127435897435898,3.0028205128205148
PER,Peru,1990,131294.046875,7.72327852249146,483632.65625,2.20484733581543,7356.816,2.890499999999996,-5.399250000000002,1.3777500000000025
PER,Peru,1991,134207.796875,8.24771308898926,490478.59375,2.23738241195679,424.5907,11.519999999999987,-0.5975609756097562,0.844146341463416
PER,Peru,1992,133482.390625,8.24919414520264,499556,2.27039742469788,73.52863,12.215714285714284,-2.8433333333333373,1.0240476190476215
PER,Peru,1993,140481.640625,8.50446319580078,513169.5,2.30389952659607,48.57981,4.391627906976737,-5.947209302325586,3.3702325581395396
PER,Peru,1994,157772.640625,8.96049690246582,539402.0625,2.33789587020874,23.73453,10.601818181818174,-5.0520454545454605,4.803636363636366
PER,Peru,1995,169465.796875,9.45002937316895,572993.125,2.37239408493042,11.1305,25.636222222222216,3.760222222222218,-0.1431111111111072
PER,Peru,1996,174209.09375,9.83863830566406,603844.75,2.42212414741516,11.54905,10.78891304347826,-1.6015217391304404,-1.5199999999999942
PER,Peru,1997,185492.3125,10.0837860107422,641876.5625,2.47289657592773,8.546695,27.079361702127656,-2.9874468085106507,-0.3676595744680818
PER,Peru,1998,184766.03125,10.5295600891113,677592.9375,2.52473306655884,7.25496,31.345208333333332,2.424791666666657,3.450000000000003
PER,Peru,1999,187528.125,10.854040145874,705034.75,2.57186794281006,3.469321,2.1055102040816394,-1.2246938775510294,-0.5204081632653033
PER,Peru,2000,192580.8125,11.3204860687256,728714.6875,2.60804152488709,3.758542,8.573399999999992,-4.34020000000001,0.03000000000000113
PER,Peru,2001,193770.78125,11.4839658737183,747611.8125,2.64082050323486,1.975391,13.025294117647064,-2.795098039215695,-1.5605882352941158
PER,Peru,2002,204338.125,11.7225522994995,766828.375,2.67401123046875,0.1918994,18.324807692307687,-5.381346153846163,-1.3305769230769204
PER,Peru,2003,212848.84375,11.9215965270996,788982,2.70761942863464,2.261225,19.409056603773593,0.19018867924527427,-0.5654716981132051
PER,Peru,2004,223402.328125,12.2204704284668,814781.625,2.74164962768555,3.661546,21.89962962962963,-3.4333333333333407,-2.054999999999998
PER,Peru,2005,237443.296875,12.4795579910278,846175.25,2.77610778808594,1.617699,39.34145454545455,8.859090909090899,-1.1876363636363614
PER,Peru,2006,255320.1875,12.9000043869019,887886.3125,2.75700330734253,2.001382,29.29892857142856,4.3208928571428515,0.3035714285714288
PER,Peru,2007,277069.3125,13.2694931030273,943838.5,2.73803019523621,1.778683,25.13491228070174,2.565087719298244,1.0982456140350898
PER,Peru,2008,302356.25,13.5634441375732,1019967.75,2.71918773651123,5.787881,26.89155172413794,1.9808620689655108,1.759310344827588
PER,Peru,2009,305669.53125,13.8672952651978,1087148.875,2.70047473907471,2.935345,26.12576271186441,-2.102711864406789,3.149491525423729
PER,Peru,2010,331139.34375,14.2233390808105,1173913,2.68189072608948,1.529527,43.05033333333334,4.632333333333328,0.7270000000000021
PER,Peru,2011,352091.15625,14.5786247253418,1267724.375,2.69885945320129,3.369665,23.30459016393442,-2.403606557377053,1.6950819672131168
PER,Peru,2012,373708.59375,14.9419994354248,1376378.75,2.71593523025513,3.655414,27.888709677419357,-0.8448387096774255,4.5677419354838715
PER,Peru,2013,395579.90625,15.20725440979,1487837.75,2.73311901092529,2.805587,26.166031746031734,-6.971428571428575,3.645238095238094
PER,Peru,2014,405003.3125,15.5599174499512,1590777.5,2.75041174888611,3.246203,20.827187499999994,-1.3425000000000047,4.388281249999999
PER,Peru,2015,418174.96875,15.8877515792847,1677864.5,2.76781368255615,3.547849,29.816769230769225,-1.561846153846158,4.07076923076923
PER,Peru,2016,434706.78125,16.0555419921875,1754756.25,2.78532600402832,3.593084,43.71499999999999,3.281818181818174,2.849090909090908
PER,Peru,2017,445656.3125,16.34743309021,1830841.25,2.80294895172119,2.803832,28.88253731343283,5.242835820895522,6.826567164179103
PER,Peru,2018,463345.96875,16.6498985290527,1912172,2.82068347930908,1.316711,16.74779411764706,-2.424264705882358,3.816176470588235
PER,Peru,2019,473727.84375,17.3162326812744,1995610,2.83853006362915,2.135846,25.165072463768126,-0.26913043478261045,7.940869565217394
PER,Peru,2020,421933.75,17.9068508148193,2050502.625,2.85648965835571,1.827303,42.19557142857144,4.1647142857142825,2.637428571428572
PER,Peru,2021,478283.96875,18.4664611816406,2149082.25,2.83546948432922,3.979015,27.69126760563381,0.946056338028164,4.440281690140845
PER,Peru,2022,491319.59375,19.0347537994385,2245606.5,2.81483864784241,7.877236,30.196666666666673,9.032916666666662,3.6386111111111106
PER,Peru,2023,488616.46875,18.9144153594971,2327965.5,2.7945890426635702,6.264341,47.16301369863015,6.919178082191774,4.358767123287674
PHL,Philippines,1960,84461.4765625,8.30547428131104,170747.671875,1.49770855903625,5.01548,19.342,2.7620000000000022,-1.3349999999999973
PHL,Philippines,1961,89242.3046875,8.99216842651367,180481.125,1.51683616638184,3.596698,8.27363636363637,3.550909090909093,-3.0836363636363657
PHL,Philippines,1962,93624.7421875,9.37831401824951,189606.890625,1.53620827198029,1.992032,4.024166666666673,2.025000000000002,-2.256666666666664
PHL,Philippines,1963,99999.1953125,9.76542663574219,201619.765625,1.55582761764526,7.589286,8.284615384615392,11.41923076923077,-4.863076923076925
PHL,Philippines,1964,103584.828125,10.2828731536865,215265.21875,1.57569766044617,7.209544,-43.277142857142856,0.6935714285714294,1.9942857142857164
PHL,Philippines,1965,109162.46875,10.0397186279297,229643.140625,1.59582138061523,1.064344,-49.322,-0.7026666666666657,-3.5586666666666673
PHL,Philippines,1966,113943.3046875,10.6836080551147,243357.65625,1.61909878253937,3.494495,-22.749375000000008,4.731250000000001,-4.986249999999998
PHL,Philippines,1967,119919.3515625,11.2107887268066,259002.5,1.64271569252014,5.226642,6.218823529411765,5.1529411764705895,-6.452941176470587
PHL,Philippines,1968,125895.3984375,11.1621580123901,273920.96875,1.66667723655701,2.021978,25.403333333333336,9.456666666666669,-6.844444444444443
PHL,Philippines,1969,131871.453125,10.9277496337891,289248.4375,1.69098806381226,1.378716,35.12631578947369,8.508947368421055,-2.2742105263157875
PHL,Philippines,1970,136652.296875,11.0473861694336,302261.84375,1.71405136585236,14.3815,23.5,-1.2764999999999969,3.169500000000003
PHL,Philippines,1971,144016.5,12.1999788284302,316847.9375,1.73400378227234,20.61276,-4.769047619047626,-1.7457142857142838,4.368571428571428
PHL,Philippines,1972,151837.140625,12.2563028335571,331025.375,1.75418841838837,13.98126,2.847727272727269,-1.9463636363636336,2.9499999999999993
PHL,Philippines,1973,165171.5,13.523063659668,345630.71875,1.7746080160141,15.59304,43.09391304347827,8.61826086956522,0.9317391304347816
PHL,Philippines,1974,170778.40625,13.484637260437,364635.90625,1.7952653169632,31.35982,7.85833333333332,-2.63083333333333,6.032916666666669
PHL,Philippines,1975,180087.734375,14.1705360412598,393897.78125,1.81616306304932,4.627641,13.164,-3.785599999999997,3.8216
PHL,Philippines,1976,195896.5625,13.906439781189,430646.53125,1.8453871011734,9.571033,-0.20230769230769852,-4.089999999999998,4.2146153846153815
PHL,Philippines,1977,206794.21875,13.9547748565674,466970.9375,1.87508141994476,9.856509,11.94518518518518,-0.8785185185185149,5.338518518518519
PHL,Philippines,1978,217531.765625,15.6959733963013,505985.6875,1.90525364875793,7.148085,14.848571428571418,1.272857142857147,8.877857142857142
PHL,Philippines,1979,229703.90625,15.8419752120972,550332.0625,1.93591129779816,17.60194,26.99655172413793,0.4789655172413845,4.681724137931038
PHL,Philippines,1980,241650.15625,16.0088863372803,598669.5625,1.96706223487854,17.41727,9.876666666666663,-2.446999999999994,5.135666666666669
PHL,Philippines,1981,249919.9375,16.9640197753906,653874.375,1.99973046779633,10.9575,8.808064516129036,0.03193548387097067,4.900000000000002
PHL,Philippines,1982,259162.984375,16.8753814697266,710716.75,2.03294110298157,10.25492,-1.947187499999984,-2.1290624999999963,0.5768750000000011
PHL,Philippines,1983,264079.1875,18.6602172851563,772513.625,2.06670355796814,9.616283,31.881818181818204,10.455454545454549,-2.140606060606057
PHL,Philippines,1984,245489.640625,19.0395069122314,800477.375,2.10102653503418,49.77867,-5.965882352941151,-3.552058823529409,6.242352941176474
PHL,Philippines,1985,228653.03125,19.171236038208,802065.1875,2.13591957092285,22.50387,1.4645714285714462,-2.390571428571425,4.114000000000004
PHL,Philippines,1986,236680.328125,19.9527473449707,806125.8125,2.15255665779114,1.140781,4.543888888888901,-2.164166666666663,5.019722222222228
PHL,Philippines,1987,247003.875,20.1273593902588,815902.5625,2.16932320594788,4.070759,34.2010810810811,5.454324324324327,-3.9659459459459434
PHL,Philippines,1988,263545.5625,20.7961273193359,836183.625,2.18622016906738,13.84635,27.291052631578964,-1.3592105263157848,5.3984210526315834
PHL,Philippines,1989,279843,21.1202278137207,870623.9375,2.20324897766113,12.23114,5.801282051282072,-3.9543589743589713,1.9600000000000009
PHL,Philippines,1990,288469.65625,21.7438411712647,914828.625,2.22041034698486,12.16956,18.796250000000015,2.4544999999999995,2.261000000000003
PHL,Philippines,1991,287210.78125,22.3285694122314,943901.625,2.24409651756287,19.25391,12.047804878048794,-0.08536585365853533,-3.5641463414634096
PHL,Philippines,1992,288410.21875,23.0420551300049,976158.125,2.26803517341614,8.648595,18.910952380952395,3.716666666666669,-3.2692857142857115
PHL,Philippines,1993,294703.0625,23.721248626709,1014623.75,2.29222917556763,6.719315,10.911162790697688,-0.12976744186046218,1.6767441860465162
PHL,Philippines,1994,307592.40625,24.3191795349121,1056984.25,2.31668138504028,10.36317,2.423181818181817,-0.32681818181818123,0.04863636363636559
PHL,Philippines,1995,321819.21875,24.9914436340332,1102221.5,2.3413941860199,6.825285,13.299333333333337,1.780444444444445,7.667555555555559
PHL,Philippines,1996,340678.96875,25.6164016723633,1156417.75,2.36170101165772,7.46788,8.310217391304349,-3.878260869565215,5.620869565217394
PHL,Philippines,1997,358347.96875,26.2625102996826,1220719.25,2.38218402862549,5.578339,15.403404255319144,-0.2457446808510628,-2.8487234042553133
PHL,Philippines,1998,356505.71875,26.9991245269775,1266595,2.40284466743469,9.240586,73.94250000000001,9.749375000000002,-0.619374999999998
PHL,Philippines,1999,368436.03125,27.6236591339111,1304015.625,2.42368412017822,5.95367,-1.5465306122448936,-5.609591836734692,13.52326530612245
PHL,Philippines,2000,384582.78125,28.3119487762451,1353212.375,2.44470477104187,3.980394,3.974400000000003,-8.157399999999999,10.632800000000003
PHL,Philippines,2001,396309.5625,29.1507472991943,1394382.875,2.46005773544312,6.778631,12.166470588235285,-5.817450980392154,4.704313725490202
PHL,Philippines,2002,411037.40625,29.9237480163574,1438285.875,2.4755072593689,3.00495,32.822500000000005,-0.49557692307692136,-2.3461538461538396
PHL,Philippines,2003,431946.53125,30.6417503356934,1496990.75,2.49105358123779,3.476936,24.20320754716981,2.4237735849056623,1.098113207547172
PHL,Philippines,2004,460322.0625,31.6117515563965,1559137.5,2.50669765472412,5.976781,25.465000000000003,-3.1611111111111097,-0.8022222222222197
PHL,Philippines,2005,483073.53125,31.799165725708,1617175,2.52243995666504,7.690626,37.122,-0.8836363636363629,3.2223636363636388
PHL,Philippines,2006,508755.71875,32.5893135070801,1679301.125,2.53909778594971,6.520029,36.48910714285715,-5.437857142857144,4.03482142857143
PHL,Philippines,2007,541923,33.7635002136231,1754317.25,2.55586576461792,2.958558,39.558947368421045,-2.1224561403508773,5.024035087719302
PHL,Philippines,2008,565466.75,34.0890007019043,1839130.75,2.56856727600098,8.167212,19.25689655172414,-6.375862068965517,10.777413793103449
PHL,Philippines,2009,573656.5625,35.0970649719238,1924186.25,2.57997512817383,4.213249,23.65050847457627,-3.417796610169491,9.354745762711868
PHL,Philippines,2010,615731.4375,36.1472244262695,2040067.625,2.59143400192261,3.791507,55.46633333333333,4.639166666666666,2.078833333333332
PHL,Philippines,2011,639487.75,37.080078125,2140090.25,2.60486817359924,4.71833,8.51704918032786,-6.456885245901639,17.16475409836066
PHL,Philippines,2012,683592.9375,37.7127990722656,2259451,2.61837196350098,3.165097,22.53967741935483,-5.50274193548387,9.297903225806454
PHL,Philippines,2013,729739.0625,38.1180000305176,2398919.25,2.63194608688355,2.946084,31.281904761904755,-5.585396825396824,12.390317460317466
PHL,Philippines,2014,776062.875,38.5736999511719,2551761,2.64559030532837,4.167816,26.083124999999995,-1.2481249999999982,9.486718750000003
PHL,Philippines,2015,825329.6875,38.7410011291504,2732495.5,2.65930533409119,1.403409,39.35184615384614,0.8410769230769262,-1.3892307692307675
PHL,Philippines,2016,884336.3125,40.9946975708008,2963657,2.67309141159058,1.808122,55.995606060606065,0.19833333333333591,6.351818181818182
PHL,Philippines,2017,945629.5,40.3339881896973,3217270.75,2.6869490146637,2.853,27.399850746268655,-6.21462686567164,14.707014925373134
PHL,Philippines,2018,1005596.5,41.153003692627,3504728.5,2.70087862014771,5.26,36.18691176470588,-4.173235294117646,4.650735294117645
PHL,Philippines,2019,1067124.125,42.4247245788574,3793039.75,2.7148802280426,2.48,49.53246376811593,6.657246376811596,-0.01666666666666572
PHL,Philippines,2020,965552.125,39.3744621276856,3943967.25,2.72895431518555,2.635229,52.37485714285715,-0.757857142857139,8.393571428571423
PHL,Philippines,2021,1020730.875,41.0566253662109,4124357.75,2.83230948448181,3.92718,33.60718309859156,-4.637183098591548,11.595352112676052
PHL,Philippines,2022,1098112.25,45.8335838317871,4335171,2.93957924842834,5.821158,28.64041666666668,-6.8827777777777746,13.12430555555556
PHL,Philippines,2023,1159012,47.4341087341309,4571109,2.95599770545959,5.978025,45.09808219178082,-3.678493150684929,9.664520547945209
SEN,Senegal,1960,11583.3388671875,0.775189638137817,39896.44921875,1.05256807804108,1.298701,14.511000000000024,17.19999999999996,-2.022000000000001
SEN,Senegal,1961,11821.7373046875,0.7921102643013,39521.2578125,1.05268752574921,3.846154,16.821818181818173,19.80636363636364,0.21181818181818013
SEN,Senegal,1962,11951.640625,0.809790790081024,38974.8359375,1.05280697345734,-6.17284,4.669999999999959,14.445833333333326,-1.8758333333333337
SEN,Senegal,1963,11784.947265625,0.828269362449646,38841.13671875,1.05292642116547,6.578948,19.29076923076923,19.884615384615387,0.5484615384615372
SEN,Senegal,1964,12192.255859375,0.85473358631134,38848.484375,1.0530458688736,4.938272,-1.097142857142842,-0.2657142857142958,-0.31071428571428683
SEN,Senegal,1965,12523.0908203125,0.878203809261322,38885.8203125,1.05316531658173,3.529412,-17.204000000000008,17.232,-1.2600000000000016
SEN,Senegal,1966,13010.0234375,0.902672946453095,38762.19140625,1.05328476428986,2.272727,16.721249999999998,-3.955000000000013,-1.901250000000001
SEN,Senegal,1967,12762.5751953125,0.926263868808746,38786.94140625,1.05340421199799,3.333333,-7.202352941176457,10.287647058823495,-0.3794117647058828
SEN,Senegal,1968,13525.9970703125,0.949440181255341,38958.21875,1.05352377891541,0.0583333,28.137777777777785,-18.63388888888889,-2.4183333333333348
SEN,Senegal,1969,12580.4453125,0.975042700767517,39243.671875,1.05364322662354,4.022654,19.676842105263233,5.086842105263173,2.888947368421052
SEN,Senegal,1970,13558.349609375,1.00197374820709,39837.5078125,1.05376279354095,2.81025,30.992999999999995,11.5625,-1.7855000000000008
SEN,Senegal,1971,13541.6474609375,1.05127561092377,40448.71875,1.05739986896515,3.8782,21.82714285714286,-8.97809523809525,-1.01047619047619
SEN,Senegal,1972,14406.7900390625,1.10416579246521,41290.11328125,1.06104958057404,6.15488,31.61500000000001,-13.54000000000002,-2.074545454545455
SEN,Senegal,1973,13601.7734375,1.14758694171906,42015.4140625,1.06471192836761,11.2853,26.22043478260872,-0.4213043478260942,-1.804347826086958
SEN,Senegal,1974,14172.9677734375,1.19337260723114,42870.3671875,1.06838691234589,16.6011,0.04791666666665151,10.886250000000018,-0.17916666666666714
SEN,Senegal,1975,15241.869140625,1.27835166454315,43744.83984375,1.07207453250885,31.6534,3.326000000000022,13.980800000000016,0.5679999999999996
SEN,Senegal,1976,16601.376953125,1.34052526950836,44436.12890625,1.0757749080658,1.08309,-6.181923076923056,-57.14692307692306,-1.6438461538461544
SEN,Senegal,1977,16153.7763671875,1.39146316051483,44909.47265625,1.07948803901672,11.3406,32.52703703703702,5.719629629629651,-1.4329629629629643
SEN,Senegal,1978,15145,1.46052765846252,45371.6484375,1.08321392536163,3.41965,18.805357142857133,-16.584642857142825,-0.2817857142857152
SEN,Senegal,1979,16604.71875,1.53887319564819,46048.51171875,1.0869528055191,9.65336,19.00689655172414,-28.752758620689633,-0.25206896551724256
SEN,Senegal,1980,16058.115234375,1.60936880111694,46826.1015625,1.09070456027985,8.837,22.943333333333328,-35.21433333333333,-0.7636666666666674
SEN,Senegal,1981,15867.6103515625,1.6870139837265,47366.171875,1.09981822967529,5.779,21.153225806451587,-33.43838709677419,-1.9690322580645176
SEN,Senegal,1982,18301.6796875,1.78308820724487,48072.95703125,1.10900819301605,17.384,10.112187500000005,6.286562500000002,-1.9975000000000016
SEN,Senegal,1983,18700.275390625,1.85061955451965,48964.10546875,1.11827492713928,11.707,31.175757575757583,2.136060606060596,-3.9469696969696986
SEN,Senegal,1984,17951.443359375,1.93018305301666,49710.88671875,1.12761902809143,11.742,19.85882352941178,1.883235294117668,-2.460882352941178
SEN,Senegal,1985,18629.935546875,2.01634287834168,50423.1796875,1.13704133033752,13.041,-6.008571428571429,22.589428571428556,0.08942857142857008
SEN,Senegal,1986,19478.416015625,2.12250757217407,51623.16796875,1.14654231071472,6.122,-0.09166666666664014,11.43194444444444,-1.3430555555555568
SEN,Senegal,1987,20256.5546875,2.24891448020935,52971.4765625,1.15612256526947,-4.13,29.590810810810865,10.212972972972976,-0.956756756756758
SEN,Senegal,1988,21280.88671875,2.36515188217163,54400.4921875,1.16578304767609,-1.823,4.802105263157898,6.534210526315803,1.198421052631578
SEN,Senegal,1989,20981.94140625,2.48678421974182,55744.25390625,1.17552411556244,0.449,18.58897435897433,12.26666666666668,1.0176923076923066
SEN,Senegal,1990,21801.11328125,2.60402798652649,57011.48828125,1.18534660339355,0.325,17.95425000000006,-1.5500000000000114,-2.137750000000001
SEN,Senegal,1991,21714.65234375,2.72733449935913,58340.2109375,1.19747924804688,-1.754,19.36634146341464,3.7578048780487734,-0.3056097560975628
SEN,Senegal,1992,22195.310546875,2.76694655418396,59825.71875,1.20973610877991,-0.007,19.795238095238066,-24.98166666666664,-1.2783333333333342
SEN,Senegal,1993,21702.927734375,2.77637124061584,61023.72265625,1.22211825847626,-0.744,17.71488372093023,15.81930232558139,-1.2886046511627915
SEN,Senegal,1994,22325.734375,2.80972599983215,62422.125,1.23462724685669,32.104,7.702272727272771,19.459772727272735,0.7706818181818171
SEN,Senegal,1995,23380.83984375,2.87205243110657,63906.49609375,1.2472642660141,8.076,16.151111111111106,6.6973333333333755,-0.0064444444444458
SEN,Senegal,1996,24601.5390625,2.9078586101532,65840.09375,1.26003062725067,2.835,24.870000000000005,5.091739130434803,-0.5963043478260879
SEN,Senegal,1997,24919.986328125,2.97129106521606,67475.734375,1.27292764186859,1.784,28.640851063829757,-2.7065957446808113,-2.1836170212765964
SEN,Senegal,1998,25921.728515625,3.08106923103333,69698.8125,1.28595674037933,0.989,21.974166666666633,11.109791666666696,-1.8781250000000007
SEN,Senegal,1999,28294.08984375,3.15761303901672,71995.4296875,1.29911911487579,0.818,2.09571428571428,8.313061224489815,-0.38979591836734784
SEN,Senegal,2000,29393.943359375,3.23494720458984,74271.34375,1.31241619586945,0.754,19.333799999999997,10.906800000000032,-0.9320000000000004
SEN,Senegal,2001,30661.07421875,3.2899923324585,76857.5703125,1.32589495182037,3.053,28.994705882352942,13.762941176470632,-1.153725490196078
SEN,Senegal,2002,30682.13671875,3.38043475151062,79259.421875,1.33951210975647,2.398,26.787115384615333,4.1182692307692434,-1.6315384615384616
SEN,Senegal,2003,32398.478515625,3.47687220573425,81901.78125,1.35326910018921,-0.048,14.301698113207465,17.09056603773587,0.38924528301886774
SEN,Senegal,2004,33902.8359375,3.58890724182129,84952.9453125,1.36716735363007,0.515,23.44685185185176,5.344074074074086,-2.7579629629629636
SEN,Senegal,2005,35364.12890625,3.67954349517822,88242.0625,1.3812084197998,1.707,20.9705454545454,-37.0530909090909,-1.747818181818182
SEN,Senegal,2006,36188.3828125,3.79784345626831,92544.171875,1.39539361000061,2.114,19.98607142857145,3.28857142857143,-2.9066071428571436
SEN,Senegal,2007,37211.47265625,3.92381191253662,97115.09375,1.40972447395325,5.863,19.225438596491244,23.80087719298251,-0.8356140350877199
SEN,Senegal,2008,38589.4765625,4.05292129516602,102468.6015625,1.42420256137848,6.335,17.873965517241402,-8.169482758620632,0.8887931034482754
SEN,Senegal,2009,39651.5,4.19736957550049,107474.140625,1.43882930278778,-2.248,6.911016949152611,-5.011016949152491,-0.1462711864406785
SEN,Senegal,2010,40996.05078125,4.351646900177,112003.34375,1.45360636711121,1.229,25.87583333333339,11.92250000000007,0.16616666666666635
SEN,Senegal,2011,41542.95703125,4.52215766906738,117338.578125,1.4709677696228,3.403,23.531639344262373,15.08704918032791,-0.6865573770491809
SEN,Senegal,2012,43205.94140625,4.71225690841675,122909.75,1.48853659629822,1.418,10.402096774193694,-38.18629032258059,0.00451612903225751
SEN,Senegal,2013,44248.2109375,4.90450620651245,130134.9765625,1.50631523132324,0.71,17.42698412698428,10.799841269841323,-0.7955555555555556
SEN,Senegal,2014,47002.26171875,5.0914101600647,139279.5,1.52430617809296,-1.083,18.794687500000123,10.071093750000044,-2.883125
SEN,Senegal,2015,49994.8203125,5.36437034606934,148918.140625,1.54251205921173,0.129,19.655538461538583,26.48615384615391,0.05123076923076919
SEN,Senegal,2016,53172.69140625,5.55526876449585,160527.625,1.56093537807465,0.838,20.787727272727352,26.32484848484853,-0.7695454545454554
SEN,Senegal,2017,57111.24609375,5.76977729797363,174431.21875,1.57957863807678,1.317,21.707462686567226,9.971940298507548,-0.7880597014925383
SEN,Senegal,2018,60657.5703125,6.02399682998657,190553.140625,1.59844470024109,0.46,16.448235294117694,22.77529411764712,0.1835294117647059
SEN,Senegal,2019,63456.08203125,6.73419618606567,208204.984375,1.61753606796265,1.02,24.7998550724638,21.525217391304437,-0.7491304347826091
SEN,Senegal,2020,64307.70703125,6.89366245269775,226497.125,1.63685536384583,2.547435,23.325571428571493,15.607714285714366,3.4215714285714283
SEN,Senegal,2021,68516,7.05017566680908,248040.21875,1.66321587562561,2.180323,25.59704225352118,21.127887323943725,0.893380281690141
SEN,Senegal,2022,71134.59375,7.20507335662842,271406.25,1.69087636470795,9.696819,16.28152777777791,-0.4355555555555099,-0.12902777777777885
SEN,Senegal,2023,74220.0234375,7.39652347564697,294571.28125,1.71726036071777,7.667579,25.138493150685008,19.68041095890419,-1.347260273972604
THA,Thailand,1960,41091.31640625,11.2263441085815,104339.8671875,1.34628105163574,-0.7658643,17.080000000000013,-2.7609999999999957,0.3789999999999995
THA,Thailand,1961,43260.609375,11.5306234359741,110877.921875,1.35476744174957,7.38699,1.8472727272726956,-4.149999999999999,2.4545454545454533
THA,Thailand,1962,46752.00390625,11.8458766937256,120306.8671875,1.36330735683441,3.696099,0.17333333333334622,8.365833333333335,-0.08000000000000007
THA,Thailand,1963,50659.671875,12.1617546081543,132905.453125,1.3719010353088399,0,-2.1100000000000136,7.4323076923077025,1.4161538461538434
THA,Thailand,1964,54007.421875,12.480016708374,145235.1875,1.38054895401001,-0.7920792,6.300714285714292,-7.598571428571418,0.16500000000000092
THA,Thailand,1965,58253.6796875,12.7952718734741,158981.296875,1.38925135135651,0.166334,16.080666666666673,-6.911999999999992,1.0739999999999998
THA,Thailand,1966,65364.71875,13.1078319549561,178497.21875,1.3980085849762,4.035204,-33.52437500000002,-10.02999999999999,3.516874999999999
THA,Thailand,1967,70455.234375,13.4191522598267,199210.65625,1.40682101249695,4.309657,-3.6423529411764832,0.5000000000000142,-1.3400000000000016
THA,Thailand,1968,76218.53125,13.7360239028931,222006.5625,1.41568899154663,1.79036,33.64999999999998,5.012222222222228,-3.935555555555558
THA,Thailand,1969,82814.3671875,14.0612783432007,249718.03125,1.42461287975311,2.450391,21.998947368421028,10.618421052631582,-0.06842105263157983
THA,Thailand,1970,114327.796875,14.40149974823,284790.6875,1.43359303474426,0.8,10.618999999999971,-2.7424999999999926,0.48499999999999766
THA,Thailand,1971,120001.078125,14.8387546539307,317487,1.44579863548279,0.2948975,-13.54666666666668,3.308095238095248,0.14190476190475998
THA,Thailand,1972,124888.6484375,15.2781028747559,348281.75,1.45810806751251,5.012913,20.61909090909091,-0.8222727272727255,2.1854545454545455
THA,Thailand,1973,137202.3125,15.7304639816284,381498.03125,1.47052240371704,15.62521,20.962608695652165,10.253478260869564,0.7904347826086955
THA,Thailand,1974,143175.203125,16.1971282958984,411765.71875,1.48304235935211,24.31635,-0.1808333333333394,-4.073749999999997,0.8275000000000006
THA,Thailand,1975,150113.703125,16.6729736328125,439311.25,1.49566888809204,5.102614,-0.823599999999999,-12.1708,3.724400000000001
THA,Thailand,1976,164187.5,17.1586399078369,472216.1875,1.50840294361115,4.240129,-0.33192307692308987,4.027307692307687,3.951153846153849
THA,Thailand,1977,180440,17.6524219512939,517452.78125,1.52124536037445,7.623591,18.880370370370343,7.818148148148147,-1.3851851851851844
THA,Thailand,1978,199275.796875,18.6198978424072,567874.875,1.53419721126556,7.990169,17.256071428571403,4.3089285714285666,3.804285714285717
THA,Thailand,1979,209863.84375,18.5273666381836,618161,1.54725933074951,9.80933,45.18103448275858,15.590344827586208,-0.2968965517241351
THA,Thailand,1980,219905.53125,19.6815185546875,667599,1.56043255329132,19.76215,32.05499999999998,7.220666666666666,2.613000000000003
THA,Thailand,1981,232895.078125,20.177131652832,719880.3125,1.61267733573914,12.59435,14.450967741935443,1.0677419354838733,0.7087096774193569
THA,Thailand,1982,245360.421875,20.8796195983887,768903.5,1.66667127609253,5.289145,11.33937499999996,3.934375000000003,-0.7134374999999977
THA,Thailand,1983,259061.875,22.2375926971436,828836.125,1.71918392181396,3.790924,20.245757575757523,13.395151515151518,-0.5618181818181789
THA,Thailand,1984,273964.1875,23.4636478424072,892517.9375,1.76239216327667,0.8047386,5.720294117647001,2.971176470588233,-1.2352941176470562
THA,Thailand,1985,286695.96875,23.5658092498779,949476.125,1.80668640136719,2.44756,9.566857142857089,-6.033714285714289,-0.9699999999999972
THA,Thailand,1986,302561.21875,24.3780555725098,1003592.125,1.85209393501282,1.844291,11.021111111111054,12.553888888888885,2.576944444444445
THA,Thailand,1987,331361.90625,25.7282638549805,1076224.5,1.89864253997803,2.440088,32.03324324324319,5.494594594594588,-0.6827027027027022
THA,Thailand,1988,375393.625,26.9769344329834,1174036.875,1.94636118412018,3.884349,16.220263157894692,2.1899999999999977,1.0852631578947405
THA,Thailand,1989,421167.5625,27.740385055542,1302900.75,1.99527895450592,5.381017,22.88435897435892,5.193846153846145,-0.8525641025640986
THA,Thailand,1990,468097.65625,28.244945526123,1480868,2.04542636871338,5.790474,32.962249999999955,0.08399999999999608,-1.3912499999999977
THA,Thailand,1991,507518.21875,28.8872871398926,1673317,2.0642364025116,5.722998,26.778292682926804,10.871951219512198,0.05268292682927011
THA,Thailand,1992,554465.6875,29.8790473937988,1875292.625,2.08321952819824,4.142492,8.570714285714274,7.213095238095235,-0.5785714285714256
THA,Thailand,1993,602662.25,30.6703681945801,2096791.625,2.10237717628479,3.301327,21.74139534883716,-2.3846511627906963,-2.695116279069767
THA,Thailand,1994,650857.5625,29.7227058410645,2343960,2.12171101570129,5.087008,21.167272727272717,1.5995454545454564,4.346136363636363
THA,Thailand,1995,703709,30.792293548584,2622140,2.14122247695923,5.776124,23.066888888888883,3.013999999999996,3.5695555555555547
THA,Thailand,1996,743482.375,30.9213695526123,2911965.75,2.16091346740723,5.855355,8.965434782608696,-1.5615217391304412,1.5919565217391316
THA,Thailand,1997,723010.0625,31.7331943511963,3091450.25,2.18078565597534,5.561846,42.24468085106383,7.201702127659566,-0.4719148936170203
THA,Thailand,1998,667815.4375,30.2363357543945,3108462.25,2.20084047317505,8.159588,59.94458333333333,0.5216666666666612,-2.142083333333334
THA,Thailand,1999,698349.6875,30.8001728057861,3126345.25,2.22107982635498,0.4317443,-2.658775510204066,-9.888979591836744,2.111632653061225
THA,Thailand,2000,729463.5625,31.43630027771,3158439.25,2.24150514602661,1.51484,12.714400000000012,-6.131200000000007,3.8894
THA,Thailand,2001,754587.625,32.0900917053223,3199990.25,2.27084016799927,1.377173,21.185098039215717,-5.910980392156873,0.5831372549019598
THA,Thailand,2002,800987.375,33.0482177734375,3250135.25,2.30055904388428,0.6997039,36.28769230769234,-2.217307692307699,2.4919230769230776
THA,Thailand,2003,858572,33.8232917785645,3329881,2.33066654205322,1.802194,36.27301886792455,9.714528301886794,-1.4350943396226423
THA,Thailand,2004,912570.8125,34.700325012207,3443971.25,2.361168384552,2.767858,38.35129629629637,5.154629629629625,-2.6185185185185187
THA,Thailand,2005,950786,35.2092475891113,3594982.75,2.3920693397522,4.546969,35.694000000000045,-0.02909090909091105,-0.08090909090909015
THA,Thailand,2006,998019.0625,35.6200294494629,3740014,2.42337465286255,4.653032,38.726607142857205,4.191428571428567,2.180535714285716
THA,Thailand,2007,1052263.125,36.1892013549805,3879625.25,2.4550895690918,2.241356,25.447192982456187,6.8578947368421055,2.742280701754387
THA,Thailand,2008,1070421.875,36.9778442382813,4019170.75,2.48721981048584,5.440825,5.418448275862119,-2.5903448275862075,1.875
THA,Thailand,2009,1063029.5,37.6813545227051,4109857.5,2.51977038383484,-0.8408628,36.00661016949158,7.453559322033897,-0.4267796610169494
THA,Thailand,2010,1142898.875,38.0122871398926,4237178,2.55274677276611,3.272336,43.58650000000006,-2.150666666666666,0.8303333333333338
THA,Thailand,2011,1152501.125,37.9131050109863,4377496,2.5733745098114,3.803109,-3.618032786885209,1.0345901639344248,6.116721311475413
THA,Thailand,2012,1235974.125,38.2787628173828,4548764.5,2.59177112579346,3.010035,50.33032258064517,-15.972096774193547,-0.9119354838709643
THA,Thailand,2013,1269189.5,38.1504364013672,4697992.5,2.61029958724976,2.185977,24.78142857142859,-12.858571428571429,2.292539682539683
THA,Thailand,2014,1281685.75,38.0160331726074,4830514,2.63583588600159,1.894317,41.18421875000004,14.26234375,-2.3232812499999973
THA,Thailand,2015,1321854.375,37.9529914855957,4981794.5,2.66162204742432,-0.8994066,49.080615384615385,-1.7070769230769258,-1.9975384615384597
THA,Thailand,2016,1367262.125,37.6143608093262,5132382,2.68766045570374,0.1875141,46.99696969696973,6.558787878787882,0.02272727272727515
THA,Thailand,2017,1424382,37.3719863891602,5282581.5,2.6924512386322,0.665,31.765522388059708,-2.079104477611935,3.422388059701495
THA,Thailand,2018,1484531.625,37.7916793823242,5441419,2.69725036621094,1.07,36.47838235294117,-17.138529411764697,1.872058823529416
THA,Thailand,2019,1515923.125,37.5410537719727,5601558.5,2.76140666007996,0.706,60.91971014492759,8.279855072463768,-1.0350724637681097
THA,Thailand,2020,1424209.25,37.6074600219727,5728546,2.78379058837891,-0.8459371,51.379428571428605,12.22157142857143,-0.73028571428571
THA,Thailand,2021,1446543.5,37.6791305541992,5865754,2.80635571479797,1.230395,26.085774647887348,-0.34056338028169364,4.190000000000005
THA,Thailand,2022,1482168.625,39.1455726623535,6008195.5,2.82910394668579,6.077412,27.483472222222247,-14.485833333333332,4.011805555555558
THA,Thailand,2023,1510074.875,39.8352241516113,6148745.5,2.86166048049927,3.876242,46.59698630136992,1.662602739726026,0.22684931506849715
TUR,Türkiye,1960,154930.734375,9.53171062469482,168832.375,1.22145140171051,2.3,-3.325999999999997,1.6029999999999944,0.03800000000000025
TUR,Türkiye,1961,157593.5,9.64138793945313,179214.203125,1.23432123661041,3.172867,-2.1636363636363605,5.737272727272725,-0.1554545454545457
TUR,Türkiye,1962,167166,9.62427711486816,190314.65625,1.24732661247253,3.8883,10.85666666666667,18.119166666666665,0.5475000000000003
TUR,Türkiye,1963,182925.5625,9.76897239685059,203262.40625,1.26046907901764,6.362709,-0.638461538461538,-4.924615384615386,1.5753846153846158
TUR,Türkiye,1964,190499.359375,9.89421081542969,216239.71875,1.27374994754791,1.119642,-4.4428571428571395,11.96714285714286,0.4728571428571433
TUR,Türkiye,1965,195486.34375,9.98600196838379,228848.015625,1.28717076778412,4.555521,1.5933333333333335,-1.9306666666666672,2.381333333333333
TUR,Türkiye,1966,219184.28125,10.1042451858521,249153.140625,1.29193711280823,8.472013,3.6937500000000014,-7.509999999999998,1.1625000000000003
TUR,Türkiye,1967,227864.859375,10.1229152679443,268755.03125,1.2967209815979,13.9749,-10.783529411764707,-3.2382352941176435,1.104117647058824
TUR,Türkiye,1968,243055.859375,10.1680364608765,290708.34375,1.30152249336243,6.046246,-4.994444444444444,-12.068333333333328,2.812777777777777
TUR,Türkiye,1969,256076.6875,10.1882638931274,312583.1875,1.30634188652039,4.924197,2.848421052631579,2.4168421052631643,1.8347368421052632
TUR,Türkiye,1970,269097.53125,10.528208732605,340917.5,1.31117916107178,7.923939,-0.01400000000000289,-6.1739999999999995,-0.3070000000000004
TUR,Türkiye,1971,284080.59375,10.7188625335693,364395.6875,1.32065832614899,19.01141,-1.7033333333333331,-15.880000000000004,0.7476190476190467
TUR,Türkiye,1972,305176.40625,11.0068817138672,394034.15625,1.33020603656769,15.41646,-1.7759090909090922,-22.048181818181813,0.8336363636363631
TUR,Türkiye,1973,315130.59375,11.1743440628052,425681.28125,1.33982276916504,13.93817,-0.17869565217391423,6.560434782608702,-1.4326086956521746
TUR,Türkiye,1974,332759.65625,11.4170083999634,478303.15625,1.34950911998749,23.89817,-2.7812499999999964,-4.942916666666662,-0.2429166666666669
TUR,Türkiye,1975,356628.9375,11.5030755996704,531057.4375,1.3592654466629,21.22735,-2.0999999999999943,-0.11519999999999442,0.7667999999999999
TUR,Türkiye,1976,393943.15625,11.6332530975342,599927.375,1.38054060935974,17.45569,-10.109230769230766,-1.89076923076923,1.217307692307692
TUR,Türkiye,1977,407356.1875,11.9892120361328,643092.8125,1.4021487236023,25.98534,2.085185185185189,3.529259259259262,-0.5277777777777786
TUR,Türkiye,1978,413484.90625,12.1382522583008,671596.625,1.42409491539001,61.89706,-0.02928571428570947,8.773214285714289,0.2810714285714271
TUR,Türkiye,1979,410902.71875,12.30517578125,702117.5,1.44638478755951,63.54308,0.8117241379310371,-12.139310344827583,0.3713793103448264
TUR,Türkiye,1980,400852.875,12.4591388702393,720226.4375,1.46902346611023,94.26086,5.114666666666668,1.765333333333338,0.9989999999999988
TUR,Türkiye,1981,420314.96875,12.5330295562744,757500.5,1.51283669471741,37.61479,2.6496774193548447,1.2583870967742,1.7967741935483854
TUR,Türkiye,1982,435290.0625,12.9728298187256,789437.1875,1.55795657634735,29.13751,-8.513124999999999,-10.1809375,-1.1393750000000011
TUR,Türkiye,1983,456919.875,13.2538328170776,822007.8125,1.60442221164703,31.39027,-8.745151515151516,-13.352424242424236,0.43515151515151373
TUR,Türkiye,1984,487587.34375,13.5728425979614,854320.75,1.65227365493774,48.39233,-3.4079411764705867,10.660294117647062,-1.34764705882353
TUR,Türkiye,1985,508268.75,14.0565576553345,894542.8125,1.70155215263367,44.96172,1.679428571428577,2.2157142857142844,-0.3991428571428583
TUR,Türkiye,1986,543925.3125,14.7086000442505,940886.125,1.72277843952179,34.61008,6.982777777777777,-2.6758333333333297,-0.49805555555555614
TUR,Türkiye,1987,595512.625,15.3681688308716,1024980.1875,1.74235510826111,38.85585,3.1940540540540567,-2.323513513513504,2.0154054054054047
TUR,Türkiye,1988,608139.625,16.0421485900879,1103769.125,1.76215422153473,68.80964,1.2099999999999973,-13.27236842105262,0.9723684210526304
TUR,Türkiye,1989,609670,16.3996067047119,1181061,1.78217840194702,63.27255,5.448974358974358,2.317948717948731,-0.5325641025641037
TUR,Türkiye,1990,666096.75,16.1260776519775,1275515.75,1.80243003368378,60.30389,1.5027499999999954,-7.249999999999993,-0.8592500000000012
TUR,Türkiye,1991,672268.3125,16.7546043395996,1365261.875,1.81266689300537,65.97855,2.1860975609756146,-5.803170731707304,0.24170731707317028
TUR,Türkiye,1992,712498.75,17.0585556030273,1460726,1.82296192646027,70.0761,-5.705952380952379,-7.524999999999984,-0.1940476190476197
TUR,Türkiye,1993,769798,16.3480854034424,1589932.5,1.83331537246704,66.09385,3.1967441860465193,8.980000000000011,-0.6695348837209316
TUR,Türkiye,1994,727800.4375,17.6107406616211,1681591.125,1.84372770786285,105.215,13.924090909090914,-2.5240909090908943,0.1656818181818176
TUR,Türkiye,1995,780138.1875,18.0960083007813,1785073.25,1.85419905185699,89.11331,0.94466666666667,-11.107999999999985,0.23199999999999932
TUR,Türkiye,1996,834789.25,18.6520233154297,1908644.75,1.88182389736176,80.41214,5.044130434782616,-9.606521739130416,-0.18304347826086964
TUR,Türkiye,1997,897638.9375,18.787088394165,2052130.875,1.90986025333405,85.66936,-4.283191489361698,-8.752127659574455,0.06085106382978722
TUR,Türkiye,1998,925392.75,19.2822647094727,2175746.5,1.93831443786621,84.64133,13.72604166666667,1.920208333333342,0.08958333333333268
TUR,Türkiye,1999,895195.625,19.5571670532227,2259053.75,1.96719241142273,64.86748,8.30591836734694,-16.568979591836726,-1.352244897959184
TUR,Türkiye,2000,957261.625,19.4090595245361,2384086.25,1.99650061130524,54.91538,12.859800000000003,3.322400000000009,-0.7152000000000012
TUR,Türkiye,2001,902219.125,19.2610321044922,2438819,2.01745104789734,54.40018,17.007647058823537,-3.0927450980392166,0.5288235294117642
TUR,Türkiye,2002,960391.625,19.2046203613281,2528489.25,2.03862142562866,44.96412,2.650576923076926,-13.09326923076923,-0.261346153846155
TUR,Türkiye,2003,1015740.9375,19.042516708374,2658071.25,2.06001400947571,21.60244,7.710566037735852,7.093773584905662,0.26358490566037673
TUR,Türkiye,2004,1115242.375,19.5711135864258,2863557.5,2.08163118362427,8.598262,3.1977777777777803,4.61240740740741,0.5387037037037024
TUR,Türkiye,2005,1215528.25,20.0669860839844,3113557,2.10347485542297,8.17916,6.149636363636368,-11.33145454545454,0.16890909090908934
TUR,Türkiye,2006,1299983.25,20.4468612670898,3403840.25,2.12519979476929,9.597242,14.24982142857143,0.2908928571428646,-0.15410714285714455
TUR,Türkiye,2007,1365547.875,20.7662334442139,3695331,2.14714884757996,8.756181,19.719824561403502,1.2757894736842277,-0.2214035087719317
TUR,Türkiye,2008,1376677.25,21.2253513336182,3953534,2.16932463645935,10.44413,15.5898275862069,5.543793103448287,-1.8975862068965537
TUR,Türkiye,2009,1310277.5,21.260082244873,4110565.75,2.19172954559326,6.250977,0.8755932203389847,-8.00016949152542,0.7845762711864381
TUR,Türkiye,2010,1420697.25,22.5815200805664,4345502,2.2143657207489,8.566444,19.121,1.9431666666666771,0.7014999999999976
TUR,Türkiye,2011,1579816.25,24.0761661529541,4674676.5,2.24584078788757,6.471879,3.417540983606557,2.0313114754098507,-0.8300000000000023
TUR,Türkiye,2012,1655465.25,24.798152923584,5001464.5,2.27776288986206,8.89157,14.472419354838712,-0.6114516129032168,0.853387096774191
TUR,Türkiye,2013,1795945.25,25.5230007171631,5395631,2.31013917922974,7.49309,2.392698412698415,9.318253968253975,-1.3001587301587323
TUR,Türkiye,2014,1884659.5,25.9309997558594,5806579.5,2.3429753780365,8.854572,10.2653125,-11.277343749999991,-0.08984375000000178
TUR,Türkiye,2015,1999331.625,26.6200008392334,6265647,2.37627840042114,7.670854,12.98738461538462,-5.803846153846138,0.0915384615384598
TUR,Türkiye,2016,2065771.75,27.2049999237061,6718667.5,2.4100546836853,7.775134,13.39060606060606,-6.485909090909082,0.8601515151515136
TUR,Türkiye,2017,2220745.25,28.1889991760254,7218943,2.44431138038635,11.14431,18.210746268656713,0.8308955223880687,-0.7126865671641802
TUR,Türkiye,2018,2287660.5,28.7409992218018,7702868.5,2.47905468940735,16.33246,9.70294117647058,-3.5813235294117476,0.6277941176470581
TUR,Türkiye,2019,2306385.5,28.0819530487061,8060471.5,2.51429200172424,15.17682,7.952318840579707,-5.989420289855062,-0.07130434782608752
TUR,Türkiye,2020,2349280.75,26.8138656616211,8455769,2.55002999305725,12.27896,19.10871428571428,11.00614285714287,-1.1802857142857155
TUR,Türkiye,2021,2618024,28.7990016937256,8893598,2.57585644721985,19.59649,10.539577464788728,-3.5188732394366085,-0.2536619718309874
TUR,Türkiye,2022,2762891.75,30.7261581420898,9321762,2.59900760650635,72.30884,11.07319444444444,3.7900000000000063,-0.6101388888888897
TUR,Türkiye,2023,2904107,31.6075744628906,9800645,2.62274813652039,53.85941,12.671506849315064,-2.311917808219171,1.1782191780821911
ZAF,South Africa,1960,133547.734375,8.09593296051025,373265.9375,1.73874914646149,1.205833,8.393,-18.41899999999999,0.18399999999999928
ZAF,South Africa,1961,138439.578125,8.1382942199707,388993.40625,1.74422097206116,2.17525,1.6800000000000068,-21.814545454545453,1.137272727272726
ZAF,South Africa,1962,147244.9375,8.15425109863281,402135.59375,1.7497102022171,1.273993,9.840000000000003,6.193333333333342,0.9124999999999988
ZAF,South Africa,1963,158007.015625,8.20078563690186,423289.5625,1.75521659851074,1.26843,-0.596923076923062,-21.36307692307691,1.0423076923076913
ZAF,South Africa,1964,170725.84375,8.31545352935791,450165.96875,1.76074039936066,2.557684,6.525714285714301,-2.097142857142842,-1.1221428571428582
ZAF,South Africa,1965,180998.75,8.42011547088623,481767.03125,1.76628148555756,4.011027,9.040666666666668,-10.627333333333326,-1.9273333333333345
ZAF,South Africa,1966,189314.921875,8.48479175567627,507815.96875,1.77184009552002,3.559604,5.625624999999999,5.256875000000008,-0.5468750000000009
ZAF,South Africa,1967,202522.9375,8.56845855712891,543937.3125,1.77741622924805,3.485717,-4.335294117647052,-0.1323529411764639,0.8552941176470585
ZAF,South Africa,1968,211328.28125,8.66911220550537,574442.625,1.78300976753235,2.011371,3.8155555555555623,-6.114999999999988,-0.9922222222222224
ZAF,South Africa,1969,221112,8.73721408843994,610936.25,1.78862106800079,3.226183,6.9447368421052715,-6.203157894736833,-0.7400000000000002
ZAF,South Africa,1970,232852.4375,8.86291790008545,656665.6875,1.7942498922348,4.05791,18.257500000000007,-19.582999999999984,0.15699999999999914
ZAF,South Africa,1971,242816.21875,8.91770935058594,707951,1.8013254404068,5.957448,-5.921904761904763,-12.20047619047618,0.25952380952380905
ZAF,South Africa,1972,246834.296875,8.96839427947998,761080,1.80842876434326,6.425704,2.6972727272727326,10.404090909090913,0.3477272727272718
ZAF,South Africa,1973,258119.640625,9.02366256713867,815415.625,1.81556022167206,9.433966,-1.0400000000000065,-9.888260869565215,1.3926086956521735
ZAF,South Africa,1974,273893.5,9.07635307312012,872591.1875,1.8227196931839,11.72413,-20.71666666666667,-15.406249999999991,1.7345833333333325
ZAF,South Africa,1975,278537.03125,9.12131500244141,935943.6875,1.82990741729736,13.42593,-17.288000000000004,-9.319999999999991,1.3451999999999993
ZAF,South Africa,1976,284804.0625,9.16633605957031,993635.75,1.83712351322174,11.02041,-25.533076923076926,-3.8615384615384585,1.9134615384615377
ZAF,South Africa,1977,284536.09375,9.21259307861328,1040780.6875,1.84436810016632,11.15196,-1.467407407407407,-2.3985185185185003,0.9225925925925916
ZAF,South Africa,1978,293113.4375,9.26176166534424,1082204.875,1.85164129734039,11.13561,-2.285000000000011,4.007142857142867,-0.840357142857143
ZAF,South Africa,1979,304224.0625,9.31030654907227,1125048.125,1.85894298553467,13.29365,11.543793103448266,-23.98103448275861,-0.9313793103448278
ZAF,South Africa,1980,324365.46875,9.36312389373779,1182588.75,1.8662736415863,13.66024,4.0989999999999895,5.198333333333338,-1.130333333333334
ZAF,South Africa,1981,341753.875,9.58788967132568,1246582.875,1.87038958072662,15.25424,-5.323225806451617,-15.189354838709662,0.5561290322580641
ZAF,South Africa,1982,340443.75,9.820876121521,1302917.625,1.87451457977295,14.63903,10.743124999999992,-22.954687499999984,-0.8712500000000007
ZAF,South Africa,1983,334157.25,10.0604448318481,1350598.125,1.87864875793457,12.30321,22.127575757575755,-19.23909090909089,-0.8448484848484856
ZAF,South Africa,1984,351196.1875,10.3056087493896,1394229,1.8827919960022,11.52648,16.29676470588234,-15.883235294117632,-0.33000000000000096
ZAF,South Africa,1985,346941.65625,10.5572690963745,1427674.375,1.88694429397583,16.29423,4.651142857142858,-0.06942857142855985,1.5994285714285708
ZAF,South Africa,1986,347003.375,10.7004880905151,1437421.125,1.89110600948334,18.65491,6.271944444444429,-11.447499999999998,0.03499999999999925
ZAF,South Africa,1987,354293.125,11.2222261428833,1441866.75,1.89527666568756,16.1606,14.252432432432428,-12.3781081081081,1.0540540540540526
ZAF,South Africa,1988,369173.625,11.7401132583618,1459093.5,1.89945662021637,12.77955,-3.4326315789473796,-14.472368421052622,2.456315789473683
ZAF,South Africa,1989,378014.8125,12.2535619735718,1481931.375,1.90364575386047,14.73088,-4.464615384615399,-13.66128205128205,1.133333333333332
ZAF,South Africa,1990,376813.5625,12.7563381195068,1501193.75,1.90784406661987,14.32099,9.576999999999998,-8.099749999999993,-0.9150000000000004
ZAF,South Africa,1991,383072.4375,13.2505893707275,1512543.5,1.92495584487915,15.33477,0.4734146341463372,-7.542195121951217,0.9873170731707308
ZAF,South Africa,1992,385033.6875,13.4651679992676,1521176.875,1.94222116470337,13.8747,28.052142857142854,1.9073809523809544,-1.796190476190477
ZAF,South Africa,1993,400334.46875,13.6855449676514,1532023.25,1.95964133739471,9.717446,7.609767441860456,-7.946976744186053,-0.11441860465116348
ZAF,South Africa,1994,413145.21875,13.9024391174316,1550068.75,1.97721779346466,8.93855,3.71681818181817,5.2636363636363654,-0.8718181818181834
ZAF,South Africa,1995,425952.71875,14.1372346878052,1576895.5,1.99495184421539,8.68042,1.1142222222222244,-5.333333333333336,0.8175555555555549
ZAF,South Africa,1996,444268.65625,14.3681182861328,1610698.5,2.0128448009491,7.354125,-9.46,-19.17739130434783,1.999782608695651
ZAF,South Africa,1997,455819.625,14.550895690918,1646946.5,2.0308985710144,8.597778,-0.348723404255324,-11.939361702127664,0.17723404255319064
ZAF,South Africa,1998,458098.78125,14.7384786605835,1684349.5,2.04911398887634,6.880555,6.3785416666666634,10.999375000000008,0.6435416666666658
ZAF,South Africa,1999,469093.125,14.9315233230591,1708695,2.06749296188355,5.181487,15.738367346938771,-3.0551020408163225,-0.5495918367346944
ZAF,South Africa,2000,488795.0625,15.0993919372559,1734186.375,2.08603668212891,5.338952,-13.436400000000006,-4.204000000000001,3.1213999999999995
ZAF,South Africa,2001,501992.53125,14.5727882385254,1760691,2.12451338768005,5.70164,-0.25294117647058556,-11.141568627450972,1.640196078431372
ZAF,South Africa,2002,520568.09375,14.3326816558838,1788592.875,2.16369986534119,9.1133,16.931923076923084,-20.347307692307687,-0.8313461538461544
ZAF,South Africa,2003,535920.0625,13.7288331985474,1823800.75,2.20360922813416,5.869074,29.942452830188685,4.006603773584914,-1.1756603773584913
ZAF,South Africa,2004,560328.8125,13.8504276275635,1870619.5,2.24425435066223,1.428571,11.867962962962949,-2.697592592592592,-0.05388888888888932
ZAF,South Africa,2005,589897.75,13.7270851135254,1927961,2.28564929962158,3.363464,13.472181818181824,2.00145454545455,-0.6829090909090918
ZAF,South Africa,2006,622954.4375,15.648829460144,1998355.375,2.32780814170837,4.596299,-1.9683928571428595,-12.804285714285712,1.7692857142857132
ZAF,South Africa,2007,656347.75,15.848687171936,2085666.25,2.37074422836304,7.155357,16.576140350877196,-1.1596491228070178,-0.7117543859649129
ZAF,South Africa,2008,677292.0625,16.3671989440918,2189325.25,2.41447234153748,11.54056,10.680344827586213,8.140344827586205,-0.7894827586206903
ZAF,South Africa,2009,666874.75,16.0394172668457,2272000.25,2.45900702476501,6.572312,6.209322033898303,-13.787627118644068,0.1438983050847451
ZAF,South Africa,2010,687145.875,15.7275171279907,2342447.5,2.50436329841614,4.274157,16.195833333333326,18.64216666666666,0.841499999999999
ZAF,South Africa,2011,708918.5625,16.447732925415,2420547.75,2.50843787193298,4.991949,1.1703278688524392,-9.643442622950817,0.7177049180327852
ZAF,South Africa,2012,725905.875,16.5179538726807,2496836.25,2.55785465240479,5.674847,15.071451612903203,-3.13790322580644,0.1761290322580642
ZAF,South Africa,2013,743948,16.8759002685547,2578230.25,2.57399797439575,5.726349,16.392222222222202,3.4919047619047703,-0.1366666666666676
ZAF,South Africa,2014,754466.1875,16.9926815032959,2651184,2.5895402431488,6.077624,9.20609374999998,1.9873437500000009,0.5154687499999993
ZAF,South Africa,2015,764439.1875,17.7837219238281,2721910,2.60090255737305,4.6,37.40446153846152,-5.243230769230763,-2.492461538461539
ZAF,South Africa,2016,769519.3125,17.9849662780762,2783816.75,2.59450531005859,6.298504,32.36772727272725,-2.0537878787878725,-1.034696969696971
ZAF,South Africa,2017,778429.875,18.3028411865234,2837540,2.58812355995178,5.301026,15.46462686567162,24.676865671641792,0.17074626865671583
ZAF,South Africa,2018,790548.375,18.6863594055176,2886862.25,2.67671513557434,4.612138,23.437205882352927,-13.446029411764703,-1.5517647058823547
ZAF,South Africa,2019,792603.3125,18.6427268981934,2931175.25,2.76833891868591,4.120642,36.25753623188403,39.368840579710145,-0.8892753623188416
ZAF,South Africa,2020,745337.4375,17.1609477996826,2946116.25,2.64752745628357,3.274908,13.469571428571411,13.03642857142858,0.4434285714285702
ZAF,South Africa,2021,780391.1875,16.7443466186523,2963688.75,2.80493950843811,4.555605,2.329859154929551,5.132816901408461,2.5171830985915475
ZAF,South Africa,2022,795299.875,17.7034358978272,2990285,2.85314345359802,6.868859,4.487499999999983,-11.748472222222212,2.1822222222222205
ZAF,South Africa,2023,800084.875,18.830005645752,3022919.25,2.90350246429443,5.899752,21.396027397260255,-4.2875342465753405,0.4223287671232861
