Code,Name,Year,GDP,GCF,POP,TRADE,GOV_EXP,LIFE_EXP
AUS,Australia,1960,18635682981.7093,31.5223270629245,NA,26.9667648296172,11.0763868020915,70.8170731707317
AUS,Australia,1961,19713123154.0997,33.0890290324413,1.9897400460104,27.3393557184251,11.3004942900972,70.9731707317073
AUS,Australia,1962,19953923192.6277,28.378985181859,2.4406394012832,26.4874270318815,11.9499326448137,70.9424390243903
AUS,Australia,1963,21573443451.751,30.7756203924826,1.91781647792421,26.7521545010902,11.6602637316997,70.9117073170732
AUS,Australia,1964,23835843813.735,30.6456160135326,1.96235442011452,28.6110327976694,11.3523165116061,70.8809756097561
AUS,Australia,1965,26014244162.2791,33.4868902570285,1.95971689521361,28.3979851035433,11.8698066904895,70.850243902439
AUS,Australia,1966,27349284375.8855,32.5648060936156,2.2831843822013,27.9741185142717,12.7851263360498,70.819512195122
AUS,Australia,1967,30487524878.004,32.8716799529775,1.26227688799781,26.6926270159068,12.7548583813967,70.8692682926829
AUS,Australia,1968,32763365242.1384,32.9367928075753,1.76415865607642,26.6981164325027,13.5815130072129,70.9190243902439
AUS,Australia,1969,36738245878.1193,33.5833180903603,2.09302301013426,25.2088287299555,13.0327419059813,70.9687804878049
AUS,Australia,1970,41395206623.2331,32.9247835497835,1.97018887868806,26.1147186147186,13.1493506493506,71.0185365853659
AUS,Australia,1971,45283847245.4156,32.0488721804511,3.38029353689954,25.5169172932331,13.8825682627622,71.0682926829268
AUS,Australia,1972,52117990654.2056,30.3812789993948,1.83814626273502,24.72149373501,14.3881828166678,71.4575609756098
AUS,Australia,1973,63923126201.1531,28.3472300168364,1.52881691369673,25.0962078088672,14.5875090194821,71.8468292682927
AUS,Australia,1974,89086219602.0634,30.5269253039954,2.53122025874137,26.2867069236496,14.426337993217,72.2360975609756
AUS,Australia,1975,97440939505.6671,26.7685968944448,1.23118588792285,28.9295924659454,16.7680363249061,72.6253658536586
AUS,Australia,1976,105209354855.787,26.3888722489127,1.0026582602274,26.8249727437191,17.8513664082811,73.0146341463415
AUS,Australia,1977,110504702913.512,26.9270692769208,1.1266726798225,28.591002511989,17.4323735182379,73.3443902439024
AUS,Australia,1978,118660813779.849,25.7803589080678,1.16288525870675,28.137594099308,17.8075811725344,73.6741463414634
AUS,Australia,1979,135093718050.665,27.8104319601759,1.08064227016539,29.581325731776,17.3372686528258,74.0039024390244
AUS,Australia,1980,150200557103.064,27.0479581617892,1.21894271014757,32.2525128889878,17.1900152071511,74.3336585365854
AUS,Australia,1981,177151979565.773,28.6352822435297,1.56179416103558,31.5576644536345,17.7839966968364,74.6634146341463
AUS,Australia,1982,194323071830.52,29.7907617181955,1.73374392907748,30.2807824432899,17.7134258864946,74.9048780487805
AUS,Australia,1983,177523719680.081,25.2651722829067,1.36850145877848,29.1331027793007,18.6253215807009,75.1463414634146
AUS,Australia,1984,193749932078.26,26.5989221327375,1.20054276571915,28.5069248063719,18.2952309281531,75.3878048780488
AUS,Australia,1985,180861108959.102,27.9680389504086,1.33209683462492,32.4492020340392,19.2232820299677,75.6292682926829
AUS,Australia,1986,182707050923.335,28.4424076754033,1.44650206312761,32.9677103193746,19.4009908192253,75.8707317073171
AUS,Australia,1987,189726707252.515,27.3201611356225,1.52113890433154,32.4705718221928,19.3429014875399,76.1517073170732
AUS,Australia,1988,236461079970.431,27.9325156772125,1.63614876307642,32.5236773601974,18.4351095712536,76.4326829268293
AUS,Australia,1989,300264309002.14,29.5715064391998,1.69287969389346,32.0235276889659,17.7604764112952,76.7136585365854
AUS,Australia,1990,311840666465.053,28.9035413494686,1.48004693689661,32.1100283534983,17.6181580837082,76.9946341463415
AUS,Australia,1991,326416407860.792,24.1869322471591,1.2746217855676,32.1456909693335,18.6066641980889,77.2756097560976
AUS,Australia,1992,325982966981.415,22.3143615452669,1.11959770147047,32.9981716307874,19.4687112946034,77.3780487804878
AUS,Australia,1993,312568858909.5,23.5691741898356,0.889539825558206,35.3502769485307,19.3490810344207,77.8780487804878
AUS,Australia,1994,323269456935.317,24.2365489229294,0.963092494678111,36.4066117966299,18.7859255359673,77.8780487804878
AUS,Australia,1995,368725126225.126,25.9545428001265,1.11373422085118,37.646874037201,18.6130056645301,77.8292682926829
AUS,Australia,1996,401962517479.122,24.7503241868902,1.21385498322201,38.1740208800895,18.5559479564429,78.0780487804878
AUS,Australia,1997,436321902767.408,24.8171857091867,1.0820399195962,37.9217014956962,18.2421488952223,78.4804878048781
AUS,Australia,1998,400361527504.578,25.6000393051793,0.996734717801419,39.9240664596368,18.2309958610969,78.6317073170732
AUS,Australia,1999,390347787943.351,26.0993037595699,1.09397580294231,38.9602467102359,18.6973545432216,78.9317073170732
AUS,Australia,2000,416901962163.479,26.2042380502619,1.14447285147721,40.8631257691954,18.5054297476964,79.2341463414634
AUS,Australia,2001,380360222861.197,23.3481102313323,1.28396809127349,44.1337313971929,18.5070065635388,79.6341463414634
AUS,Australia,2002,396436967262.563,24.3675142044517,1.1375387361946,41.3813128146921,18.3184304823244,79.9365853658537
AUS,Australia,2003,468517181129.878,25.8939093336516,1.15019273319182,40.1348011794482,18.380148276325,80.2390243902439
AUS,Australia,2004,615643050220.515,27.0204316493562,1.06919812205752,36.9505159618289,18.273055942949,80.490243902439
AUS,Australia,2005,696811489612.816,27.4127496143182,1.21729073052406,39.0978822564811,18.3520869968606,80.8414634146341
AUS,Australia,2006,749708370332.989,27.4574581872329,1.34945083098893,41.4878923489153,18.2757770078967,81.0414634146342
AUS,Australia,2007,856603595823.192,27.4507449663445,1.82499679529254,41.9297451276561,18.1383906967195,81.2926829268293
AUS,Australia,2008,1058448244063.77,28.5401924147253,2.00391140524272,42.7522207880308,18.053978978852,81.3951219512195
AUS,Australia,2009,931761689770.843,27.2762472195114,2.06083316277243,45.5936120867789,18.3714140093164,81.5439024390244
AUS,Australia,2010,1152566632022.13,26.697693257066,1.55570626204128,40.3905070860606,18.7746025195731,81.6951219512195
AUS,Australia,2011,1402939868653.4,26.3824449207632,1.38952731561803,41.7219860149689,18.6079623317755,81.8951219512195
AUS,Australia,2012,1552728401401.58,27.6233466177263,1.74582000067359,43.0198495527558,18.8350599059489,82.0463414634146
AUS,Australia,2013,1583737461925.39,27.7570773936691,1.721151439989,41.100511881056,18.7749964695624,82.1487804878049
AUS,Australia,2014,1474677007565.64,26.6111234581966,1.49156648912847,42.2993095385282,18.6961228698943,82.3
AUS,Australia,2015,1356805839935.9,26.1669365772477,1.43921665259925,41.4947506939901,19.1109568570267,82.4
AUS,Australia,2016,1211588128417.61,25.3483902403269,1.56194049810399,40.813402217321,19.8952681410756,82.4487804878049
AUS,Australia,2017,1330890554614.09,24.0798824498086,1.64682779735017,42.0354135251854,19.8687250416928,82.5
AUS,Australia,2018,1433144978761.67,24.5546475824653,1.49599671041328,43.5732253645218,19.9423017325165,82.7487804878049
AUS,Australia,2019,1398349602956.35,23.2971815966264,1.47749071058438,46.0016827052171,20.2893843805062,82.9
AUS,Australia,2020,1333336461648.09,22.3449300806534,1.23342825131378,44.499564103879,21.8138607927779,83.2
AUS,Australia,2021,1560617493202.69,22.8801883097412,0.14089508329287,40.2022359390595,22.3669467050339,83.3
AUS,Australia,2022,1695627535475.8,23.6997957124432,1.28931130985537,45.6946418805752,22.0179536839799,83.2
AUS,Australia,2023,1734451264655.6,23.873104248989,2.43450716351535,49.044339318428,21.2449452137028,83.0512195121951
AUS,Australia,2024,1757022451652.83,24.323541758006,1.99383715356028,47.1453811065195,22.1458381918079,83.0512195121951
AUS,Australia,2025,NA,NA,NA,NA,NA,NA
AUS,Australia,NA,NA,NA,NA,NA,NA,NA
BGD,Bangladesh,1960,4274894083.33333,6.89426584038759,NA,19.3039436708071,6.19158078945777,43.98
BGD,Bangladesh,1961,4817580375,7.72941134721944,2.8187180554552,22.4823523745223,6.35294149088275,44.887
BGD,Bangladesh,1962,5081413541.66667,11.9904086727836,2.90394064545035,21.554848275691,6.31308914411734,45.765
BGD,Bangladesh,1963,5319458562.5,9.85562867298552,2.91486814980727,21.6397630631354,6.9415589919198,45.722
BGD,Bangladesh,1964,5386054833.33333,11.9751662541869,2.91951583062664,24.1502678104311,8.3605179907656,46.752
BGD,Bangladesh,1965,5906636791.66667,11.4762752432939,2.92048527314111,23.0293137134448,9.0581969154006,46.046
BGD,Bangladesh,1966,6439687854.16667,9.01689829253079,2.90758855629955,22.9361029749964,12.9510654302968,47.644
BGD,Bangladesh,1967,7253575687.5,10.7087041177763,2.94175581030493,21.9018601093214,11.2048757860753,48.066
BGD,Bangladesh,1968,7483685770.83333,14.154801345283,2.94367934740019,19.9371403769383,11.9774314526507,48.4
BGD,Bangladesh,1969,8471006437.5,12.5083636694694,2.84242612307535,19.8113211700256,13.2543821183939,48.686
BGD,Bangladesh,1970,8992722166.66667,11.3446569376759,2.5886620743881,20.8205969538367,13.3772410923478,42.667
BGD,Bangladesh,1971,8751843187.5,8.22782728437302,1.74814557140031,17.0190718372794,NA,26.522
BGD,Bangladesh,1972,6288245866.66667,4.69769640474618,1.92336477179015,19.4072895559385,NA,49.647
BGD,Bangladesh,1973,8086725729.3407,8.71200689758102,2.86304698541463,18.3946565109774,3.93877814067019,49.914
BGD,Bangladesh,1974,12512460519.7088,7.37485722304406,2.83120108031118,14.0496210654104,4.64272057478671,49.589
BGD,Bangladesh,1975,19448348073.4565,6.14790581498772,2.62225253859974,10.9956261323865,3.16378396543982,50.627
BGD,Bangladesh,1976,10117113333.3333,9.91136204173915,2.53766860687182,22.3822749296616,4.06794100708768,50.951
BGD,Bangladesh,1977,9651149301.8746,11.5232177984098,2.48827316770837,19.4221981983695,5.08923904100949,51.265
BGD,Bangladesh,1978,13281767142.8571,11.5467985472657,2.44031003262387,21.0385149611892,4.87557087798912,51.596
BGD,Bangladesh,1979,15565480321.9448,11.2038721266497,2.40897300494193,21.9070635430834,6.28376859918816,51.959
BGD,Bangladesh,1980,18138049095.6072,14.4393912962956,2.39314899487113,23.377231112235,6.14104064791632,52.278
BGD,Bangladesh,1981,20249694002.448,17.1557664410058,2.56483208942694,19.2471590909091,4.39132011605416,52.638
BGD,Bangladesh,1982,18525399201.5968,17.3632790930077,2.74311077918066,20.6069241937352,4.43233517127319,53.012
BGD,Bangladesh,1983,17609048821.5488,16.5627367701504,2.67956773551459,20.3168806212371,4.3091271083747,53.441
BGD,Bangladesh,1984,18920840000,16.4842575699599,2.5678961557477,16.8117271749034,4.34462740554859,53.826
BGD,Bangladesh,1985,22278423076.9231,15.8309437037216,2.4627628154011,18.2221846249994,4.03063329644585,53.937
BGD,Bangladesh,1986,21774033333.3333,16.1764548292232,2.34793582288977,17.0187425082782,4.20118152968138,54.592
BGD,Bangladesh,1987,24298032258.0645,15.4734420283602,2.23879919175218,16.6877976312963,4.14317368059806,54.899
BGD,Bangladesh,1988,26579005558.3652,15.7359830693445,2.12729956278453,17.6780643099612,4.16537536251982,55.174
BGD,Bangladesh,1989,28781715188.8919,16.1209144348967,2.04742252381831,18.3251740190693,4.15394423380197,55.514
BGD,Bangladesh,1990,31598340778.2164,16.4586755151535,1.9903336888239,18.9665020125385,4.05325016763114,55.822
BGD,Bangladesh,1991,30957483949.5798,16.8959474633294,1.91061096227259,18.8898268850747,4.13633163394744,53.781
BGD,Bangladesh,1992,31708874594.1645,17.3050292766937,1.8848730627462,19.9340055024511,4.45122187024089,56.592
BGD,Bangladesh,1993,33166519417.9894,17.9468320109013,1.86277225280699,23.1215830698982,4.95383869591304,57.073
BGD,Bangladesh,1994,33768660882.793,18.402556188374,1.85417955110796,22.8658645545703,4.88315945317799,57.64
BGD,Bangladesh,1995,37939748768.6567,19.1197958221399,1.85825551797916,28.2094960764218,4.62988612520877,58.244
BGD,Bangladesh,1996,46438484107.5795,20.7299506037379,1.82805195849607,26.0760877233809,4.72749921814699,58.94
BGD,Bangladesh,1997,48244309133.4895,21.8162145054057,1.85349089461291,26.3255133900833,4.90298208959861,59.671
BGD,Bangladesh,1998,49984559471.3656,22.1214128239602,1.88796139153147,27.8800634028394,5.12567978040796,60.429
BGD,Bangladesh,1999,51270569883.5275,22.7213703034657,1.89951780093278,28.3879405571158,5.03961520253427,61.244
BGD,Bangladesh,2000,53369787318.6245,23.8085625731369,1.82732806740512,29.3217143619038,4.97312138319291,62.049
BGD,Bangladesh,2001,53991289844.3291,24.1743067306933,1.66689324749509,32.0980170730117,4.84565983723317,62.836
BGD,Bangladesh,2002,54724081490.5102,24.3414161366729,1.54340635736975,28.9673807211649,5.02264856478482,63.591
BGD,Bangladesh,2003,60158929188.2556,24.6791888612834,1.45530530506763,27.657884900158,5.12829861719188,64.288
BGD,Bangladesh,2004,65108544250.0425,24.9918339447004,1.36154790691024,26.8582341492431,5.17438311061483,64.912
BGD,Bangladesh,2005,69476001239.419,25.8304355145863,1.2606651625389,34.396934864465,5.18022516467283,65.509
BGD,Bangladesh,2006,71795736172.1561,26.1441457474299,1.16116775095831,38.1119244325921,5.44007855680545,66.048
BGD,Bangladesh,2007,79611644974.5571,26.1784970672047,1.07564253185597,39.9423826531735,5.35945621469055,66.458
BGD,Bangladesh,2008,91636997370.9772,26.2022714003991,0.9984405660693,42.6209140325589,5.17827687820651,67.047
BGD,Bangladesh,2009,102475158190.998,26.2060570157536,0.931892491457971,40.092796223023,5.09374516609514,67.527
BGD,Bangladesh,2010,115275540051.262,26.2466561760577,0.876530534249878,37.8028426708321,5.07532583559895,68.009
BGD,Bangladesh,2011,128607482310.357,27.4209733686034,0.908525895582217,47.4208498356898,5.0974466876342,68.499
BGD,Bangladesh,2012,133310747603.483,28.2623350097187,0.958355912717609,48.1109227490467,5.03934251857421,68.989
BGD,Bangladesh,2013,149998957434.186,28.3896207536466,0.938408350120779,46.2964027228174,5.11613164192944,69.487
BGD,Bangladesh,2014,172886611653.786,28.5778757115563,0.911167733810249,44.5140801968096,5.33752075651661,70.016
BGD,Bangladesh,2015,195146608978.131,28.886689247008,0.89381937776758,42.0859963070382,5.40424038147983,70.543
BGD,Bangladesh,2016,265224515675.034,30.2397639179985,0.892432416039535,31.3341501346142,5.86529831496558,71.075
BGD,Bangladesh,2017,293732446624.596,30.9468731155675,0.850917315689336,29.9997306724343,6.02233215987973,71.606
BGD,Bangladesh,2018,321362752441.78,31.8225747704431,0.820955197842845,32.5146317240884,5.95916693091491,72.122
BGD,Bangladesh,2019,351231654603.692,32.2137331126266,0.84641125179804,31.5780544912404,6.2381894055709,72.625
BGD,Bangladesh,2020,373979442362.193,31.3079413414304,0.836310836229073,26.271447376215,5.97120729189186,71.421
BGD,Bangladesh,2021,416271647911.014,31.0187387357172,0.814977993693211,27.7240047036631,5.88274868783073,71.103
BGD,Bangladesh,2022,460131689083.083,32.047275580905,1.02423384746683,33.7799672705735,5.69899955596024,74.265
BGD,Bangladesh,2023,437415333018.291,30.9512000834944,1.22171475464107,30.9829714104596,5.66516962733289,74.672
BGD,Bangladesh,2024,450119432068.852,30.7004900245244,1.21462115417186,26.7780758040478,5.90807444317003,74.93
BGD,Bangladesh,2025,NA,NA,NA,NA,NA,NA
BGD,Bangladesh,NA,NA,NA,NA,NA,NA,NA
BRA,Brazil,1960,17030465539.3906,17.5232269408406,NA,12.6154715278744,12.5596955904002,53.162
BRA,Brazil,1961,17275940449.3837,18.8354665120659,3.0171240213529402,12.8933967789278,12.9162169083743,53.594
BRA,Brazil,1962,19231747851.5332,20.3126738423307,2.98413178984127,9.38485014285999,12.0964094901385,54.017
BRA,Brazil,1963,23287712878.2002,19.0396965842808,2.94697800169989,17.9399844236981,12.7368474442453,54.452
BRA,Brazil,1964,20963733694.9749,18.8226041657334,2.89384532588109,12.2058053601836,11.851968516625,54.848
BRA,Brazil,1965,22465522884.0988,19.4218502397387,2.81797346768923,12.8920351041091,10.5456847151613,55.243
BRA,Brazil,1966,28283323733.1114,19.0343850340575,2.73236317426946,12.2632941076674,10.6690658167339,55.625
BRA,Brazil,1967,31086389194.961,16.6495536472918,2.64271600538347,11.3543843508467,11.3543843508467,56.016
BRA,Brazil,1968,33930457425.2613,18.8871335395952,2.56183412825181,12.5906263621837,11.1149937580771,56.47
BRA,Brazil,1969,37171640818.5863,22.5249333862905,2.50796582962001,13.2759246918131,10.8982828674882,56.898
BRA,Brazil,1970,42327664793.6934,20.5420007091554,2.47317174130758,14.4791733661385,11.3246354178855,57.338
BRA,Brazil,1971,48869830901.7878,21.2625148787298,2.44801384438618,14.6509169793049,11.0981152345092,57.786
BRA,Brazil,1972,58434858374.8696,21.2085471898153,2.43336258601704,16.1319526216382,10.7720913280882,58.255
BRA,Brazil,1973,83592275862.9982,22.0447346391829,2.42103657885576,16.8561891361338,9.90642975311758,58.681
BRA,Brazil,1974,109794519727.538,24.3114640242604,2.39665879234277,20.9677780688456,9.32983875373664,59.081
BRA,Brazil,1975,129203555238.827,25.6975921331099,2.37884287680594,18.2343303683349,10.1851800259585,59.556
BRA,Brazil,1976,153168949208.207,23.0421198404484,2.38155616304412,16.4155479824129,10.4870945451757,60.007
BRA,Brazil,1977,176344101401.941,22.0475188520747,2.38655749823333,15.1552494051265,9.42630744535613,60.461
BRA,Brazil,1978,200278646123.581,23.0331267356395,2.38605063277526,14.5778875985257,9.68052852137433,60.922
BRA,Brazil,1979,221338204480.222,23.1379277243404,2.37626195376506,16.5668826070039,9.90043859063946,61.365
BRA,Brazil,1980,237393489892.637,23.1135062558596,2.35969066147983,20.1554074919697,9.1063174474986,61.819
BRA,Brazil,1981,258015174748.648,23.580302746211,2.328674853913,19.6329239927092,9.51874160060973,62.267
BRA,Brazil,1982,271314113768.417,21.8998565393313,2.27914448988333,16.4911703717319,10.3881016194293,62.708
BRA,Brazil,1983,189656506321.431,17.8825127668248,2.23365283811212,21.9003525232033,10.3559481952446,63.133
BRA,Brazil,1984,188339974086.58,17.4692254111657,2.18625478508242,23.8300746657723,9.19464987548048,63.553
BRA,Brazil,1985,210879844638.877,20.299093219092,2.13058251317121,20.4497665840761,10.4338900725915,63.98
BRA,Brazil,1986,256480852471.129,19.9608396615159,2.0601457180807,15.8606541452464,11.1592046131695,64.389
BRA,Brazil,1987,283056836893.838,23.1736016647865,1.98157140954846,16.2623973390749,12.6374579272704,64.785
BRA,Brazil,1988,307881930752.268,24.3442266859346,1.91028205578332,17.7672447097778,13.4929526900474,65.161
BRA,Brazil,1989,412990820287.42,26.9027870382664,1.84389971585717,14.3908776472134,15.4991373147458,65.514
BRA,Brazil,1990,390725626002.866,20.1677066020429,1.78613575086263,15.1555990810218,19.2909224528275,65.862
BRA,Brazil,1991,342609231342.783,19.768768868394,1.71576956519978,16.5920777626646,17.8998440765684,66.203
BRA,Brazil,1992,328187960871.951,18.9345399423489,1.66724681782032,19.2533747878959,17.0630155947621,66.539
BRA,Brazil,1993,368295778245.09,20.8463552065145,1.61992855794359,19.5993205474635,17.6640230381336,66.892
BRA,Brazil,1994,525369851353.742,22.1455629464805,1.56329973533197,18.6747597961023,17.8657165129222,67.293
BRA,Brazil,1995,769333330411.575,17.2923463458623,1.53901255207011,16.9844599991956,20.9279248587451,67.701
BRA,Brazil,1996,850426433004.077,17.2669463783506,1.51410759163045,15.6355914783829,19.7508265125741,68.108
BRA,Brazil,1997,883206452795.124,17.7639856150889,1.48650426533337,16.5762092633371,19.5352948012041,68.505
BRA,Brazil,1998,863711007325.493,18.1647519173076,1.48772098102752,16.438584928207,20.0705315840705,68.848
BRA,Brazil,1999,599642075004.471,17.3895597433765,1.45652767159292,20.982166473881,19.7826907684467,69.211
BRA,Brazil,2000,655448188259.351,18.90311926897,1.37521128317928,22.6397613589755,18.7678457433113,69.584
BRA,Brazil,2001,559983704094.17,18.7418602932515,1.30335503159977,26.936285024943,19.3432950151268,69.98
BRA,Brazil,2002,509795270685.19,17.4490794845036,1.24142062598122,27.6183574077173,19.8096623433068,70.396
BRA,Brazil,2003,558233724164.711,16.8566883977988,1.18021395482771,28.1403847215489,19.0774784940227,70.884
BRA,Brazil,2004,669289321944.512,17.9125683419391,1.12991417032023,29.6782524803495,18.467583921631,71.361
BRA,Brazil,2005,891633826625.407,17.2048834481574,1.09590612526605,27.0867952052479,18.8900014180073,71.832
BRA,Brazil,2006,1107626711163.23,17.8164738802739,1.05833842529955,26.0416998879446,19.0389169434879,72.296
BRA,Brazil,2007,1397114247188.89,19.8193259823578,1.01236820635667,25.2926113757805,18.9429876166654,72.73
BRA,Brazil,2008,1695855391757.96,21.6193828522601,0.957984635895359,27.2575694165953,18.8393928715842,73.111
BRA,Brazil,2009,1666996294252.12,18.7961350295102,0.895632239477021,22.1059756060711,19.6506384028556,73.457
BRA,Brazil,2010,2208838108484.35,21.801321557926,0.84088322514573,22.7721781132208,19.0168578361845,73.779
BRA,Brazil,2011,2616156606579.21,21.826271117187,0.81381388423754,23.9344051765103,18.6692569362796,74.047
BRA,Brazil,2012,2465228293706.86,21.4172253693275,0.811598483382088,25.1142736103322,18.530103265812,74.335
BRA,Brazil,2013,2472819362043.74,21.6937669560679,0.810511647523289,25.7859573281452,18.8924789945529,74.609
BRA,Brazil,2014,2456043766032.38,20.5484107558184,0.806314177734439,24.685405813292,19.1535387106968,74.823
BRA,Brazil,2015,1802211999456.42,17.4116258667237,0.791721773592796,26.9536259372369,19.7768199561866,75.106
BRA,Brazil,2016,1795693265999.04,14.9695469727335,0.761972670496742,24.5336820770756,20.3792974269012,75.081
BRA,Brazil,2017,2063514688805.78,14.6255875977741,0.72824666001736,24.3197343741684,20.1619046967128,75.383
BRA,Brazil,2018,1916933708352.71,15.0950416297894,0.683439571425594,28.876203376153,19.8950877838984,75.633
BRA,Brazil,2019,1873288158838.63,15.5167908016709,0.651994346081362,28.8902578697354,19.9835812871943,75.809
BRA,Brazil,2020,1476107292151.95,16.1158206044059,0.579350709708032,32.3020785443492,20.1351530146558,74.506
BRA,Brazil,2021,1670647464062.96,19.521885020934,0.425360907216456,37.6563307592575,18.5475883604547,73.038
BRA,Brazil,2022,1951923832083.87,18.0882204442791,0.360180890872169,38.8160659764321,18.4022127200972,74.872
BRA,Brazil,2023,2191131869706.02,15.7606472061782,0.395928695574996,33.6662298301284,19.0426107944103,75.848
BRA,Brazil,2024,2185821648943.86,16.9814356039822,0.405467027627251,35.5845239385389,18.7696027831201,76.023
BRA,Brazil,2025,NA,NA,NA,NA,NA,NA
BRA,Brazil,NA,NA,NA,NA,NA,NA,NA
CAN,Canada,1960,40563768946.9503,NA,NA,NA,NA,71.1331707317073
CAN,Canada,1961,41038192837.9035,22.6268836865309,1.99918455690026,35.810465007449,16.0627542530726,71.3460975609756
CAN,Canada,1962,42336211555.8268,23.1924191378908,1.85988823339904,35.5113198692233,15.9809779670372,71.3670731707317
CAN,Canada,1963,45140337826.9869,23.0238891401817,1.86284592763531,35.3317795610907,16.0175115991736,71.3807317073171
CAN,Canada,1964,49503663836.3665,23.9909880969918,1.88571494336137,37.0015575200833,16.0220845565781,71.7763414634146
CAN,Canada,1965,54649410478.5226,26.4177554316064,1.81016659700882,36.8945520983079,15.9613284278992,71.8721951219512
CAN,Canada,1966,61252415404.686,27.1002716722145,1.86281377101388,38.3052936900165,16.7908633969768,72.0043902439024
CAN,Canada,1967,65856924423.9721,24.4044252207284,1.79935650480125,39.1242195642224,18.0883004029739,72.2078048780488
CAN,Canada,1968,72048833006.1602,23.4765028572865,1.61340850346382,40.727384956863,18.8494741459903,72.3534146341463
CAN,Canada,1969,79405011124.8208,24.183250320731702,1.35978347208384,41.8858994891117,19.4359555946181,72.5014634146341
CAN,Canada,1970,88192257632.3093,22.1242947392729,1.39783160033129,41.4922765180909,20.9881295150224,72.7004878048781
CAN,Canada,1971,99606454743.5136,23.096440598999,2.94819452761436,40.6869585929765,21.1149845224718,73.0292682926829
CAN,Canada,1972,113463848873.624,23.1263301089843,1.16084656651465,41.8490864463021,21.0634347533532,72.9339024390244
CAN,Canada,1973,131764343565.643,24.3273663064838,1.22261658426849,44.2882822502655,20.4010517120067,73.1626829268293
CAN,Canada,1974,160949188139.059,25.8512406581645,1.39602166927373,48.084501970309,20.7555756301704,73.2375609756098
CAN,Canada,1975,174419757176.563,24.8354499960847,1.45942491323998,45.855654524918,22.3317832261733,73.5217073170732
CAN,Canada,1976,207271612576.065,25.1167234534298,1.31580656558804,44.2653442795685,22.1715722102007,73.8560975609756
CAN,Canada,1977,212325176304.654,24.2879094203223,1.17025687783266,45.7583788338602,22.6790192058225,74.2156097560976
CAN,Canada,1978,219369542386.254,23.4947302721084,0.99545694441135,48.844517999706,22.1431998295265,74.529756097561
CAN,Canada,1979,243891124295.715,25.1415795084268,0.989698733234704,52.2380473828747,21.4169658821367,74.8663414634146
CAN,Canada,1980,274776566028.053,23.7626589533241,1.28959497847156,53.3179757243811,21.5109616586718,75.1021951219512
CAN,Canada,1981,307246642755.859,25.2960435228772,1.23339725480528,52.1025741262576,21.4020056575397,75.4978048780488
CAN,Canada,1982,314647807408.608,19.9239530013061,1.18962434077573,46.6158827969427,22.949345794874,75.7251219512195
CAN,Canada,1983,341866277182.733,20.2214015133534,0.988487567147771,46.7088835933124,22.6673090981591,76.0604878048781
CAN,Canada,1984,356718400123.543,20.9603754226319,0.944034716041094,52.4766984280909,22.0352997709887,76.3319512195122
CAN,Canada,1985,366186012449.652,21.5336371835921,0.91377427539001,52.8419465348871,22.0544090619107,76.3273170731707
CAN,Canada,1986,379006836991.724,21.6803068568065,0.994040150630969,53.0651501053871,22.0929305204793,76.4639024390244
CAN,Canada,1987,433134238310.709,22.1777844328059,1.31816778174498,50.8663917985291,21.5055298640517,76.7787804878049
CAN,Canada,1988,509380027626.554,23.5060472743398,1.29662488995999,51.3657811368429,21.1214336075955,76.8587804878049
CAN,Canada,1989,567211993243.243,23.6100294976466,1.79419351491939,50.0666340073171,21.3687444068382,77.1248780487805
CAN,Canada,1990,596075591360.987,21.3042109213358,1.50766067284807,49.9944644220497,22.6182277236122,77.4365853658537
CAN,Canada,1991,612527712315.615,19.3412969720978,1.24276123131684,49.2234668475419,24.0167404559594,77.5934146341464
CAN,Canada,1992,594387358318.855,18.377419839763,1.18367554138942,52.7380309449972,24.444626939630002,77.8380487804878
CAN,Canada,1993,579053561739.4,18.4749885213182,1.09893087887878,58.2507961453047,23.8860993498314,77.7048780487805
CAN,Canada,1994,579944346807.264,19.5160940033233,1.09525810706129,64.3915441455001,22.6779482102903,77.8717073170732
CAN,Canada,1995,605961090061.207,19.380342728238,1.03476948386834,69.0617480799547,21.6585439761622,77.9773170731707
CAN,Canada,1996,630607994132.747,18.9277232582103,1.04531178311831,70.2600734560392,20.7605188908557,78.220243902439
CAN,Canada,1997,654986999855.554,21.218002084034,0.993788591465188,74.3366100816522,19.8533457566752,78.4124390243903
CAN,Canada,1998,634000000000,21.0452729764529,0.829909353323744,78.0811853628611,19.8366043300703,78.6236585365854
CAN,Canada,1999,678412196271.118,20.6842428493616,0.812842623716166,80.1150293129295,19.3207377194749,78.8390243902439
CAN,Canada,2000,744773415931.587,20.6144677111521,0.931281553452429,82.7653578503214,19.1064161806335,79.1668292682927
CAN,Canada,2001,738981792355.372,19.6713949333135,1.0861994547665,78.3442183943698,19.5093203790186,79.3980487804878
CAN,Canada,2002,760649334098.005,19.7393454062916,1.08479328329522,75.7070320779233,19.7787192119877,79.5307317073171
CAN,Canada,2003,895540646634.787,20.4666776118118,0.899226809998674,69.8400946170607,19.8962017689692,79.7151219512195
CAN,Canada,2004,1026690238278.25,21.3828605310678,0.932186964148048,70.1924199909562,19.4174844503805,79.9921951219512
CAN,Canada,2005,1173108598778.68,22.6320421110981,0.94708626967041,69.7591330167357,19.0759109803014,80.1126829268293
CAN,Canada,2006,1319264809590.97,23.5958930196569,1.01355939144957,68.0521644769988,19.2487641773811,80.5436585365854
CAN,Canada,2007,1468820407783.26,23.9078762217461,0.970654173316653,66.2834197482347,19.2505356033619,80.5436585365854
CAN,Canada,2008,1552989690721.65,24.0725027760344,1.083871149194,67.0236083618983,19.7194394824506,80.7246341463415
CAN,Canada,2009,1374625142157.29,21.9594942895654,1.14470768476526,58.4743918224897,21.9645855050549,81.0660975609756
CAN,Canada,2010,1617343367486.26,23.4820046985497,1.11135202971694,60.2081215044483,21.4754574603582,81.3221951219512
CAN,Canada,2011,1793326630174.52,24.1514534714945,0.97540725097113,62.4987387708328,21.1458668604215,81.4826829268293
CAN,Canada,2012,1828366481521.6,24.867543598009,1.08374652233653,62.5955489395005,21.0578451788387,81.6636585365854
CAN,Canada,2013,1846597421834.98,24.907675073032,1.05338098055318,62.2310749013405,20.7043347111761,81.7448780487805
CAN,Canada,2014,1805749878439.94,24.8707076104681,1.00142284689661,64.3786621564923,20.266560128167,81.7843902439025
CAN,Canada,2015,1556508816217.14,23.8215933948339,0.760300145238936,66.1649020669781,20.8778251262785,81.8258536585366
CAN,Canada,2016,1527994741907.43,22.7611201594839,1.13153974027004,65.3636845215556,21.0480401948524,81.94
CAN,Canada,2017,1649265644244.09,23.5504692286096,1.19543575451553,65.1010608504649,20.7033313853187,81.8078048780488
CAN,Canada,2018,1725329192783.02,23.3773111619236,1.43322615679352,66.5998858508762,20.6814326967462,81.8036585365854
CAN,Canada,2019,1743725183672.52,23.0424241743147,1.46171259938134,66.1714852804959,20.6634960880685,82.1585365853659
CAN,Canada,2020,1655684730000.19,22.6747176119532,1.08436897113225,61.1567709632763,22.7011077555498,81.53
CAN,Canada,2021,2022378748423.23,24.3050554969726,0.553902422386893,62.2468367159421,21.2842897783513,81.4514634146342
CAN,Canada,2022,2190411080134.32,25.3186668256785,1.80390457488184,67.3176215563989,20.4184233971953,81.0948780487805
CAN,Canada,2023,2173339670064.33,23.8949011694691,2.90468017061162,66.6323313370668,20.9054437744776,81.6263414634146
CAN,Canada,2024,2243636826633.76,23.2003491794218,2.96220294420494,65.1499212653783,NA,82.1080487804878
CAN,Canada,2025,NA,NA,NA,NA,NA,NA
CAN,Canada,NA,NA,NA,NA,NA,NA,NA
CHN,China,1960,59846235024.7318,39.4986681327632,NA,6.30557627967827,12.6315075001697,33.419
CHN,China,1961,50162299349.7871,22.7572483035064,-1.01552778731319,5.80854553672362,14.4789051745081,40.158
CHN,China,1962,47310737754.2287,15.7035408173779,0.820455548748518,5.56552301863999,12.8788529234996,50.959
CHN,China,1963,50812227918.5753,21.7166309297306,2.45764740395145,5.66206229848909,13.7181229514749,51.67
CHN,China,1964,59821862703.4023,24.3011524546751,2.32068298706855,5.71690657135873,12.8539417396618,52.343
CHN,China,1965,70565994356.1828,27.0515096880037,2.38136810251949,5.89947047155192,11.9445084043288,53.001
CHN,China,1966,76854053259.209,30.4013318657505,2.78733183821693,5.92798922996829,12.2410147991543,53.662
CHN,China,1967,73011350596.2485,23.8201111605653,2.5706976197388,5.58233749508179,11.0604206075442,54.401
CHN,China,1968,70980323818.7853,24.888290626073,2.61090262648529,5.57889818889779,11.2910610049216,55.191
CHN,China,1969,79847786729.1898,24.9642038256092,2.74000210569558,4.94137678904207,11.8939817876583,55.988
CHN,China,1970,92752930873.1912,32.8162153192607,2.76167556645304,4.82548633004292,11.1018656389594,56.824
CHN,China,1971,99959013879.6308,33.5845171488947,2.74691554961857,4.94556999727203,11.9839076723017,57.731
CHN,China,1972,113871930713.841,31.1982006102093,2.45735692952286,5.66747218523763,12.1533346371993,58.579
CHN,China,1973,138764340892,32.9034962037238,2.28339536396383,8.08353927809897,11.6206621748895,59.496
CHN,China,1974,144418433058.472,33.1534340901066,2.06595501335632,10.3375065660458,12.1919355977685,60.241
CHN,China,1975,163687619735.857,34.9804771441711,1.76639178162482,9.97608739521729,11.8450875406497,60.952
CHN,China,1976,154196810058.643,33.1642759720738,1.54733797287665,9.59190335673938,12.8173436664885,61.225
CHN,China,1977,175226595859.778,33.8227621398292,1.36277947570678,9.32019932240708,12.6866130122258,62.458
CHN,China,1978,149788617886.179,37.5415882273122,1.33818233834084,15.3969242292662,13.0427702996092,63.102
CHN,China,1979,178573913043.478,36.2372832294507,1.33392795351687,16.5186070559018,13.9218932606155,63.704
CHN,China,1980,191487500000,34.544058348021,1.25422105193987,21.5410562047131,13.9021259002981,64.243
CHN,China,1981,196218253968.254,32.8896636883936,1.28095234429252,23.7438255910369,13.3375128925921,64.778
CHN,China,1982,205480916030.534,31.9192153428932,1.47267476016581,19.6554747616457,13.3720930232558,65.249
CHN,China,1983,231130268199.234,31.8645996336511,1.4449496950092,17.886713506127,14.1218400331538,65.728
CHN,China,1984,260442857142.857,34.3128885510943,1.31206876113779,18.9963398130909,15.2350392189128,66.148
CHN,China,1985,310064625850.34,38.9914630864753,1.36169911825369,20.6743372843961,14.3726894766287,66.532
CHN,China,1986,301310144927.536,37.6578802293366,1.48739892914903,19.8450541369327,14.0093504694474,66.887
CHN,China,1987,273455156950.673,37.2550720459819,1.6036050865576,24.8138336744697,13.2616164183632,67.263
CHN,China,1988,312888888888.889,39.0114582938763,1.61007108578698,30.0133389183239,12.6479640151515,67.607
CHN,China,1989,348380566801.619,37.1432672399768,1.53316999599862,25.061554891412,13.3410807669959,67.93
CHN,China,1990,361560229445.507,34.0914985430681,1.46730321087928,24.2259824799678,13.8241951178238,68.155
CHN,China,1991,384510452961.672,35.5377442696039,1.36443400840349,25.8729814947102,14.1652583265748,68.61
CHN,China,1992,428502354788.069,39.3081668840399,1.2255362283362,30.0340940533808,14.5924617887132,69.059
CHN,China,1993,446557291212.148,43.4763551900211,1.14961943083465,35.9086416582146,14.5079383691097,69.492
CHN,China,1994,566929539493.172,40.2783746945492,1.13026063215591,35.605463524878,14.2435256701499,69.835
CHN,China,1995,738190896227.55,39.092189056179,1.08650915088974,34.1049521589323,13.4546321618702,70.363
CHN,China,1996,868523936530.083,37.7768637845413,1.04814151412165,33.6287512313005,13.3454091227604,70.823
CHN,China,1997,967753570434.667,35.7413524462449,1.02345002419879,34.3135763220021,13.9060143346837,71.227
CHN,China,1998,1037134141760.35,34.9859486932226,0.959550406298151,32.1717399357488,15.0970314649113,71.601
CHN,China,1999,1103843203575.64,34.2336141056633,0.865851392993279,33.2255380760054,16.5121269789853,71.952
CHN,China,2000,1223754919971.05,33.6326827140045,0.787956592953992,39.0109424774998,16.9834545142268,72.288
CHN,China,2001,1355036590251.52,35.523858010134,0.726380637838525,38.0826469518334,16.56557352932,72.675
CHN,China,2002,1489821682050.54,36.0687816828708,0.669999567758626,42.1944423387413,16.2233328656845,73.034
CHN,China,2003,1683903309843.85,39.4280130265115,0.622860936133583,51.0774801301803,15.4631349581316,73.385
CHN,China,2004,1984196551300.44,41.6343741627493,0.593932815112141,58.640334040843896,14.7768955354751,73.727
CHN,China,2005,2317551298052.05,40.178086700104,0.588124989556992,61.3600749408237,14.9800297513263,74.085
CHN,China,2006,2791498472804.33,39.6897003482818,0.558374367373002,63.5695798621627,15.0329501874396,74.404
CHN,China,2007,3604055822571.63,40.2220879226288,0.522271866392275,61.2664640006176,14.8435861590045,74.789
CHN,China,2008,4667346414521.95,41.9607249432501,0.51238693163744,56.7111330003209,14.7289171300496,74.833
CHN,China,2009,5189577094997.58,44.9282638913962,0.497381400884935,44.4197644331119,14.9931908239159,75.317
CHN,China,2010,6192564874453.29,46.1023443345586,0.482959688678361,49.8540722338977,14.837784222569,75.668
CHN,China,2011,7671757207851.29,46.2703012824496,0.546457594880274,49.9458272253643,15.511543498627,75.889
CHN,China,2012,8673664713189.24,45.8169211701107,0.678345458846803,47.4802130784317,15.9047696976095,76.2
CHN,China,2013,9743124247267.24,45.9224093546636,0.666072977690069,45.9160413795571,15.9462837052091,76.452
CHN,China,2014,10674533168257.4,45.3115352657107,0.630326389541893,44.0684564812532,15.8783188765672,76.714
CHN,China,2015,11280814787468.9,42.7349872564364,0.581456146657648,38.6971848362625,16.2578121496943,76.975
CHN,China,2016,11456024084962,42.1386166189127,0.573050906069647,36.177170692978,16.4004661104345,77.214
CHN,China,2017,12537559062282.9,42.5497375507577,0.605245013482969,36.95085261586,16.501760892272,77.235
CHN,China,2018,14147765772963.8,43.313827489682,0.467672053461959,36.8943843914718,16.8365384091475,77.709
CHN,China,2019,14560167101283.4,42.6695374085222,0.354740890170827,35.1994202738836,17.1510123948127,77.94
CHN,China,2020,14996414166715.1,42.5723735094229,0.238040870229883,34.0389507864581,17.6037978191606,78.019
CHN,China,2021,18201698719564,42.6822612949312,0.0892522000412526,36.5206911762676,16.3512045683208,78.117
CHN,China,2022,18316765021690.2,42.3554333470499,-0.0130995013525784,37.440719876366,16.6626986358672,78.202
CHN,China,2023,18270356654533.2,41.1297102455381,-0.103794531589067,36.1051923691138,17.1891419707315,77.953
CHN,China,2024,18743803170827.2,40.6111616668625,-0.123063407363995,37.1984201388065,16.6332619368971,78.017
CHN,China,2025,NA,NA,NA,NA,NA,NA
CHN,China,NA,NA,NA,NA,NA,NA,NA
COL,Colombia,1960,4031152976.63904,20.254788067313,NA,30.4520120239132,6.37628417711344,56.609
COL,Colombia,1961,4540447761.19403,20.4925719075639,3.08524293939335,26.8211488774202,6.781266888005,57.203
COL,Colombia,1962,4955543963.36869,18.1265918501018,3.08229223919086,24.4508175629839,7.04725198250252,57.737
COL,Colombia,1963,4836166666.66667,17.654420741864,3.05422998569024,24.333249474446,7.41422476479305,58.296
COL,Colombia,1964,5973366666.66667,17.5140547950811,3.01357715669246,24.6091178806666,6.64865393236273,58.77
COL,Colombia,1965,5760761904.7619,14.7252347573072,2.9697325957053202,21.8440021161222,8.31239254066922,59.247
COL,Colombia,1966,5428518518.51852,19.0584703554616,2.89476597893338,24.3283072934434,8.70027972982193,59.713
COL,Colombia,1967,5825170438.48704,16.9980119284294,2.80964077738019,21.5540092776673,8.58539240746,60.15
COL,Colombia,1968,5960212869.12968,19.0902350106074,2.72398956960806,24.5844575806883,8.46223558732055,60.572
COL,Colombia,1969,6450175213.74923,17.8773449806673,2.62203011152389,25.5486538736933,8.80531290276386,61.031
COL,Colombia,1970,7198360460.19887,20.2322848879248,2.52954072159871,27.8252289708363,9.25222945288021,61.465
COL,Colombia,1971,7820380970.53674,19.4154702795633,2.40839282506595,27.9832698253852,10.9663472024428,62.005
COL,Colombia,1972,8671358732.68486,18.1268260782432,2.32037558089265,26.0529285812229,9.56891368780786,62.53
COL,Colombia,1973,10315760000.3394,18.2698634643856,2.29169264351744,27.5884191478862,9.46331633492351,62.991
COL,Colombia,1974,12370029583.6419,21.4557794431485,2.25035190464204,30.1705419623803,8.74981388654524,63.497
COL,Colombia,1975,13098633901.8673,16.9925057021831,2.21401806002691,29.8288357672522,8.9299643551843,64.012
COL,Colombia,1976,15341403660.4698,17.5627031393841,2.17859623709254,30.9412516204182,8.20673718225713,64.642
COL,Colombia,1977,19470960619.1297,18.7520337863411,2.21629162408511,30.0644247649187,7.711419509545,65.237
COL,Colombia,1978,23263511958.0509,18.2842635463728,2.25708717200333,30.4245140392331,8.55647194517349,65.827
COL,Colombia,1979,27940411250.2732,18.1509853913596,2.24037196821274,28.6616022482855,9.31362859043907,66.162
COL,Colombia,1980,33400735644.0481,19.0685377391348,2.28165878425913,31.8149867332012,10.0923293205753,66.693
COL,Colombia,1981,36388366869.0309,20.6239947790292,2.30526967372708,27.2693848463742,10.4335695513304,67.189
COL,Colombia,1982,38968039721.748,20.4871425036179,2.31294499637689,26.1037729578128,10.9224449785328,67.861
COL,Colombia,1983,38729822781.5997,19.8932136967006,2.34922447389747,23.699820931412,10.9544856697653,68.121
COL,Colombia,1984,38253120737.9671,18.9649700356585,2.31162341777435,24.348750085568,11.0364768406445,68.308
COL,Colombia,1985,34894411351.983,19.0409037023224,2.16125651239525,26.3331012832964,10.6982786344342,65.359
COL,Colombia,1986,34942489683.9712,18.0011626474892,2.06488135607345,30.8306359086594,9.80875538969316,68.303
COL,Colombia,1987,36373307085.0887,19.9974887833835,2.05495671033332,29.865550187616,9.84069412928323,68.166
COL,Colombia,1988,39212550050.4223,21.9897406504351,2.04796088983437,30.1428020036572,10.0787224110989,68.301
COL,Colombia,1989,39540080200.3938,19.9757541589656,2.05312510865196,31.8216218481762,10.5545366813872,68.616
COL,Colombia,1990,47844090709.9908,20.606730546634,2.06742882129527,34.7778103803081,12.4524654899488,68.701
COL,Colombia,1991,49175565911.0655,19.1054638472664,2.00897406347511,33.5299180947153,11.7592720369725,68.772
COL,Colombia,1992,58418985443.3172,20.5545014602291,1.98094862084333,33.6115913436524,13.1328297032988,68.764
COL,Colombia,1993,66446804802.5747,24.9421331103752,1.99678655879278,36.1774714449627,14.0515703261773,69.083
COL,Colombia,1994,81703500846.0364,25.5384467490805,1.97202887200902,35.917537450138,14.4734544198645,69.422
COL,Colombia,1995,92507279383.0387,25.7987433287578,1.9096370992151,35.4972303177666,14.9483765869675,69.81
COL,Colombia,1996,97160109277.8087,22.1509386589832,1.82129460113512,36.0441071863282,17.9945338654797,70.209
COL,Colombia,1997,106659508271.255,20.9237506240474,1.78958066993845,35.5970680886793,19.9213136419587,70.632
COL,Colombia,1998,98443739941.1664,19.7280791808155,1.79149449060697,35.9089230535138,20.3069357941294,70.924
COL,Colombia,1999,86186158684.7685,12.8801341708134,1.73833578882204,36.1492793141794,22.1605930735792,70.913
COL,Colombia,2000,99875074951.0278,14.8956270290748,1.63798274950516,32.6670854693067,16.4728505593893,70.905
COL,Colombia,2001,98200641203.3892,16.0322513515548,1.57194688390217,33.9011117949445,16.5662317191423,71.185
COL,Colombia,2002,97945812802.8882,17.2515418448331,1.53792282248162,32.9826392144234,16.0408930267443,71.537
COL,Colombia,2003,94644969157.0987,18.6818190163212,1.5081090586904,36.51618351723,15.6103471699499,72.309
COL,Colombia,2004,117092416666.245,19.4409966142669,1.46883725533231,35.8634269337995,15.6815981180263,72.76
COL,Colombia,2005,145600529605.803,21.6562413080915,1.4002642115634,37.422697494955,13.9561720687186,73.156
COL,Colombia,2006,161792958904.864,22.9389629039528,1.32542990992624,39.6413559606293,13.8806197000031,73.497
COL,Colombia,2007,206229540926.312,23.4542806868515,1.26689099629201,37.0988970982903,13.7300294511629,73.751
COL,Colombia,2008,242504150472.931,23.7209214485662,1.20339154806457,39.1676494164355,13.143945911691,74.206
COL,Colombia,2009,232468663109.595,21.9875830884376,1.16491370094378,35.1561285074585,13.8041445529473,74.531
COL,Colombia,2010,286498534094.963,21.8887622688674,1.13596836363633,34.2646031687681,13.7602470315774,74.876
COL,Colombia,2011,334966134804.887,22.9955914400596,1.07133727666266,39.4704235545367,13.3492616590983,75.18
COL,Colombia,2012,370691143018.039,22.1046440622529,1.00290782655336,38.835151018669,13.4754773768318,75.611
COL,Colombia,2013,382093697077.685,22.1825448506007,0.948709328751527,37.9866487978457,14.0973234578689,75.834
COL,Colombia,2014,381240864422.407,24.0033136584861,0.892711563926366,37.4874656411103,14.2437505161207,75.95
COL,Colombia,2015,293492370193.166,23.7736922946916,0.864942376762699,38.3607641184453,14.8116297912742,76.067
COL,Colombia,2016,282720100286.228,23.1674195572494,0.990548549326914,36.202652984202,14.5412847223026,76.228
COL,Colombia,2017,311866875156.879,21.5993768407696,1.45147726169193,35.2829149424588,14.8806426275244,76.418
COL,Colombia,2018,334198218098.276,21.1954755611258,1.83913784861099,36.5347527968973,15.4214808598175,76.579
COL,Colombia,2019,323031701192.84,21.3806095458027,1.78615507724394,37.558533980839,15.7732334152149,76.793
COL,Colombia,2020,270348342541.465,19.1281469366662,1.43632167326968,34.0555709680101,17.15883586003,74.757
COL,Colombia,2021,318524633225.395,18.9169518896828,1.09642825395961,40.0591463936128,16.04633106217,72.698
COL,Colombia,2022,345632492851.448,19.7872446007318,1.06829295530618,48.2826551123359,14.0050262426423,76.508
COL,Colombia,2023,366291836137.916,16.4396849097732,1.12092864340999,40.3881324933957,14.6540810646728,77.725
COL,Colombia,2024,418818154879.271,16.8220284603038,1.07447920962035,37.0254687077888,14.8892992281624,77.913
COL,Colombia,2025,NA,NA,NA,NA,NA,NA
COL,Colombia,NA,NA,NA,NA,NA,NA,NA
DEU,Germany,1960,84619845881.2608,NA,NA,NA,NA,69.0640731707317
DEU,Germany,1961,96558204043.1028,NA,0.769854344284138,NA,NA,69.6448780487805
DEU,Germany,1962,105895435234.343,NA,0.879431691508147,NA,NA,69.7992195121951
DEU,Germany,1963,112232503744.1,NA,0.925875063469895,NA,NA,69.9140731707317
DEU,Germany,1964,123330404665.086,NA,0.805140883333687,NA,NA,70.4355609756098
DEU,Germany,1965,134774688191.161,NA,0.85319043680184,NA,NA,70.4103658536585
DEU,Germany,1966,143304275683.979,NA,0.834560800634988,NA,NA,70.5215853658537
DEU,Germany,1967,145100667772.69,NA,0.457208526697556,NA,NA,70.7317317073171
DEU,Germany,1968,156527292653.157,NA,0.444717326246995,NA,NA,70.3784634146342
DEU,Germany,1969,177733486326.06,NA,0.792983738181533,NA,NA,70.2288048780488
DEU,Germany,1970,216629229947.096,33.278578878368,0.332661392813347,31.5904531520063,16.1943886889766,70.4471951219512
DEU,Germany,1971,250900942396.699,32.3681640596784,0.183475313574861,30.7269071881612,17.2894890183963,70.676756097561
DEU,Germany,1972,300899944795.436,31.1280852111878,0.478481045657976,30.6162474270584,17.6442434294816,70.9067073170732
DEU,Germany,1973,399833571167.215,29.7922667513098,0.314942451198579,31.5828194707613,18.3259024302236,71.1128048780488
DEU,Germany,1974,446934971657.471,26.9195238369104,0.0389692231983959,36.8123365227823,19.7490403066335,71.4189268292683
DEU,Germany,1975,492434094920.105,24.8513625806296,-0.372846359360899,35.770694065614,20.8618997874004,71.259243902439
DEU,Germany,1976,521658712132.981,26.0102985328885,-0.428766874960255,38.2248036597616,20.332175529299,71.7122195121951
DEU,Germany,1977,602698323085.993,25.6388605733496,-0.226376662518719,37.9596069317502,20.294878033691,72.3073170731707
DEU,Germany,1978,743182891918.208,25.945488052697,-0.0870314153537852,37.0396689635279,20.4157532740666,72.2904146341464
DEU,Germany,1979,884574218333.155,27.9105352714841,0.0442074062989572,39.0764801078976,20.3276211811669,72.6301707317073
DEU,Germany,1980,953772499462.019,27.6833281172969,0.207430406185115,41.6963442221306,20.8087659456393,72.8003170731707
DEU,Germany,1981,803404797057.551,25.0382510127874,0.152308489359723,44.0162662404343,21.3496066200803,73.0402195121951
DEU,Germany,1982,779421633755.138,23.5575871456212,-0.0951134365477742,44.2197597003201,21.041975145837,73.3331463414634
DEU,Germany,1983,773507930294.906,24.3596147519764,-0.26215257230517103,43.4106902096364,20.7882628530378,73.6221463414634
DEU,Germany,1984,727767760978.627,24.1181342897383,-0.345666402296961,46.0675396820961,20.5877267140322,74.0722926829268
DEU,Germany,1985,735218723093.277,23.52124534138,-0.223489901582361,47.7335836710439,20.5173357681432,74.1890975609756
DEU,Germany,1986,1050092624515.9,23.5417801621924,0.0457680639736539,42.7811833269648,20.4005712611786,74.3968292682927
DEU,Germany,1987,1302932318824.81,22.9393947401981,0.15361757528619,41.5307858013658,20.6169747683747,74.8070243902439
DEU,Germany,1988,1406367016371.53,23.6839289330579,0.390678960242038,42.3646595340436,20.3688163790232,74.9987317073171
DEU,Germany,1989,1404092925205.45,24.6749419871737,0.773336990610757,45.0439093136764,19.4099692478231,75.1915365853659
DEU,Germany,1990,1778162195860.07,25.2643366002088,0.861969448764933,45.6889546847935,19.0305949844275,75.0856341463415
DEU,Germany,1991,1875792575132.59,26.2249546057137,0.728605546561364,47.6354131979568,18.6087672231263,75.319512195122
DEU,Germany,1992,2141377582968.07,25.6374386656452,0.760346946721127,44.6840440028306,19.1331021293767,75.819512195122
DEU,Germany,1993,2078954217437.6,24.1533795395313,0.657391218087626,39.7493939704326,19.2807880091502,75.8707317073171
DEU,Germany,1994,2215282632276.73,24.5513106495033,0.346856648630233,41.0957443335763,19.2250356361737,76.2707317073171
DEU,Germany,1995,2593053091306.13,24.4770596811461,0.293904443716697,42.6061486475818,19.3697662545462,76.4219512195122
DEU,Germany,1996,2506576553158.31,23.460405691293,0.289474899455448,43.903586095325,19.6391608246567,76.6731707317073
DEU,Germany,1997,2218790886532.82,23.4050264846125,0.146313281561803,48.380321068738,19.2955398082534,77.0731707317073
DEU,Germany,1998,2247760364565.97,24.0608017564073,0.0151436508552808,50.1554657792327,19.0236412815048,77.4756097560976
DEU,Germany,1999,2213873468586.88,23.7583524291849,0.0646345779052372,51.519227436406,19.0821474649054,77.7268292682927
DEU,Germany,2000,1966980701145.1,23.9639660790924,0.135431600393084,59.1955992975405,18.860569292751,77.9268292682927
DEU,Germany,2001,1966381496641.73,22.7645716524028,0.168225361337335,59.5592863682118,18.7505067113635,78.3292682926829
DEU,Germany,2002,2102350798305.89,20.151752302821,0.168128319406931,58.3325687248129,19.0132502158895,78.2292682926829
DEU,Germany,2003,2534715518349.01,19.5766263092364,0.0553633035873241,58.9145442942507,19.0734600434664,78.3804878048781
DEU,Germany,2004,2852317768061.78,19.0213864564072,-0.021709727650009,62.9064909465164,18.5669242577539,78.6804878048781
DEU,Germany,2005,2893393187361.87,18.7355259254163,-0.0567782618352031,66.9531024934321,18.4739713893822,78.9317073170732
DEU,Germany,2006,3046308753670.58,19.897946566207,-0.112797497644931,72.7591934646234,18.0172946772292,79.1317073170732
DEU,Germany,2007,3484056680854.91,20.7873433455798,-0.133718572600486,74.8838416816798,17.5553649959484,79.5341463414634
DEU,Germany,2008,3808197720125,20.8867329914107,-0.190142844695674,76.1131665945746,17.9538713464747,79.7365853658537
DEU,Germany,2009,3478545516683.59,18.0064315128089,-0.253383410163402,66.1391275757126,19.6050072775535,79.8365853658537
DEU,Germany,2010,3467093769666.67,19.5310600093299,-0.153198446937304,73.8852351200263,19.1827581196516,79.9878048780488
DEU,Germany,2011,3823575803793.78,21.2669872693317,-1.8537146287573,78.433002901442,18.6995569567259,80.4365853658537
DEU,Germany,2012,3596483233406.25,19.4724714926695,0.187727800567293,79.3316495670315,18.9052184847532,80.5390243902439
DEU,Germany,2013,3807023797050.99,19.7883815690324,0.272900214681538,77.5860288576931,19.2533699868829,80.490243902439
DEU,Germany,2014,3964870735760.77,20.139488753447,0.416877359168292,76.8483516336234,19.2146344242026,81.090243902439
DEU,Germany,2015,3425099578746.09,19.4978020945699,0.865702643950251,77.7565815686922,19.3036024917153,80.6414634146341
DEU,Germany,2016,3536787895179,19.7122567843741,0.807218538573871,76.0059902166055,19.5245695901052,80.990243902439
DEU,Germany,2017,3765351626105.89,20.6909762954118,0.373724559895838,77.4548394742448,19.4478730074915,80.9926829268293
DEU,Germany,2018,4055433215301.96,21.6503641494105,0.300526701992065,79.1252260463654,19.4857645390401,80.8926829268293
DEU,Germany,2019,3959894794039.21,21.381259046499,0.22551987421288,79.0732427175683,19.8895196309028,81.2926829268293
DEU,Germany,2020,3941398957073.94,21.7290304632077,0.0816931586494595,72.9335327120137,21.7243937497102,81.0414634146342
DEU,Germany,2021,4355251953410.78,22.6730557200041,0.0423270572552137,79.9195348609851,21.6396095960721,80.790243902439
DEU,Germany,2022,4201021706478.62,23.2760146288029,-0.0219565701848977,88.7857542130501,21.3296017686915,80.6080487804878
DEU,Germany,2023,4562207532490.28,21.994283425489,0.131511079477747,81.9625483787634,21.0588698152068,81.0414634146342
DEU,Germany,2024,4685592577804.69,21.4994328905028,0.274957829184881,79.0907305894936,NA,80.7926829268293
DEU,Germany,2025,NA,NA,NA,NA,NA,NA
DEU,Germany,NA,NA,NA,NA,NA,NA,NA
ESP,Spain,1960,12424514013.7604,NA,NA,NA,NA,69.1092682926829
ESP,Spain,1961,14238126759.7335,NA,0.92901553460921,NA,NA,69.4804878048781
ESP,Spain,1962,16609632790.5843,NA,0.920032286529714,NA,NA,69.5190243902439
ESP,Spain,1963,19631714759.6491,NA,0.877043251659206,NA,NA,69.6812195121951
ESP,Spain,1964,21966876027.2517,NA,0.993696426233108,NA,NA,70.399756097561
ESP,Spain,1965,25479619606.5284,NA,1.08584474209375,NA,NA,70.8092682926829
ESP,Spain,1966,29559436182.9186,NA,1.02402785233795,NA,NA,71.0551219512195
ESP,Spain,1967,32570905397.2885,NA,1.23066581815604,NA,NA,71.2529268292683
ESP,Spain,1968,32394326463.759,NA,1.30765578581186,NA,NA,71.5378048780488
ESP,Spain,1969,37090689287.8552,NA,0.985430559578259,NA,NA,71.0575609756098
ESP,Spain,1970,40963715236.5106,28.3592795052176,1.11063144876766,25.8528842334683,9.87704424567708,72.0273170731707
ESP,Spain,1971,46586119760.479,26.0720252569383,1.20508483293956,25.9266965745753,10.049530314213,71.630243902439
ESP,Spain,1972,59090176028.993,27.3126692246546,1.10413658971046,27.2143538211121,9.93255875234678,72.8180487804878
ESP,Spain,1973,78583355225.5854,28.698580237836,1.1049376041377,28.141361461061,9.91915629316991,72.6107317073171
ESP,Spain,1974,97204522642.0536,31.8459100446494,1.09260761038069,31.7321293898947,10.3269007674831,72.969756097561
ESP,Spain,1975,114695060869.565,30.108702101977,1.08129360308283,29.1198999357995,10.9062755845393,73.3187804878049
ESP,Spain,1976,118422534195.474,28.4183963438302,1.05685172472306,30.1123441469801,11.7813226640236,73.6426829268293
ESP,Spain,1977,132354665936.473,26.3656256990143,1.02913180859153,29.1985265451841,11.9957818536788,74.1319512195122
ESP,Spain,1978,160484969618.056,24.1718413888545,0.96287655038845,27.7598226101619,12.4374194353449,74.2956097560976
ESP,Spain,1979,214448666336.143,23.564029339421,0.88158450134584,27.8704940660692,12.9610987079757,74.8187804878049
ESP,Spain,1980,232600556973.776,24.3726048259371,0.802963561910836,31.5983694308493,13.6149850170981,75.3492682926829
ESP,Spain,1981,202663023968.283,22.7073133054672,0.710878010512537,35.4228067524618,14.551506258637,75.5285365853659
ESP,Spain,1982,195856752991.065,22.5835171130443,0.600390137240396,36.5726058076023,14.726289386147,76.1341463414634
ESP,Spain,1983,170829074245.94,21.7288645163574,0.487183210573659,39.817262967199,15.1657588946148,75.9090243902439
ESP,Spain,1984,171979977230.387,20.5964637249933,0.415255702373565,41.5938348404492,14.9280169581631,76.2953658536586
ESP,Spain,1985,180664322896.282,20.8198240394992,0.362365564916491,40.9180792623493,15.1968080535645,76.259512195122
ESP,Spain,1986,251141555185.933,21.7288582238905,0.298782366814399,35.3920090023813,15.0014802078968,76.5104878048781
ESP,Spain,1987,318520253335.13,23.1609017036908,0.259329063201825,36.3648005439518,15.4982145235336,76.7280487804878
ESP,Spain,1988,375891716897.586,25.3490667267879,0.212064999269184,36.7581428262889,15.3460781090367,76.7470731707317
ESP,Spain,1989,414460794096.978,26.6762987702604,0.156776197618463,37.4285579561832,15.8464693418135,76.8136585365854
ESP,Spain,1990,536175326477.31,26.8366821808878,0.101828842607043,35.652904977259,16.2604876033915,76.8375609756098
ESP,Spain,1991,576753902321.857,26.0175021899712,0.254527424551043,35.5206586037759,16.9330359384278,76.9712195121951
ESP,Spain,1992,630465353486.104,24.0663837338676,0.48975790543999,36.020774482446,17.8184496597917,77.41
ESP,Spain,1993,524700572623.872,21.4639090625489,0.518543520866421,36.9951619593819,18.3582972876489,77.5465853658537
ESP,Spain,1994,530183651720.283,21.6518714365569,0.476100555169168,41.6958801099563,17.7745679967686,77.9014634146342
ESP,Spain,1995,614170002668.802,22.5192771895824,0.441365749537872,44.8306279725111,17.6263799295614,77.9807317073171
ESP,Spain,1996,642251412058.321,22.2359933407779,0.416515798212804,46.2977506718533,17.4964106465745,78.1204878048781
ESP,Spain,1997,589739772727.273,22.6184122041501,0.41911951720212,51.2271398594527,17.0163650762759,78.6041463414634
ESP,Spain,1998,618731484575.12,23.934271607516,0.413847481113965,52.730313072059,16.8709354002005,78.6658536585366
ESP,Spain,1999,634394904386.874,25.5474244088959,0.405323025522848,54.6969131882495,16.8040897651711,78.7170731707317
ESP,Spain,2000,598102854756.08,26.6723700485971,0.447137014535835,60.1216241049216,16.7050924303047,78.9658536585366
ESP,Spain,2001,627798682378.741,26.4824711323646,0.694068084334464,58.0138895625701,16.5454991597214,79.3682926829268
ESP,Spain,2002,708938227243.923,26.705648861478,1.41259540475782,55.1021415309759,16.6200729849122,79.5682926829268
ESP,Spain,2003,907963217057.645,27.5285511216757,1.80845446818345,53.4357897202258,16.7678896899523,79.619512195122
ESP,Spain,2004,1069829382514.67,28.3028257363739,1.7254663034483,54.4795182656074,17.1564974030851,79.8707317073171
ESP,Spain,2005,1154667551775.88,29.4041085115965,1.68934904712031,54.6991667043772,17.3173354365051,80.1707317073171
ESP,Spain,2006,1261846683275.29,30.5843124611931,1.69035255626114,56.0839263823216,17.3404140994412,80.8219512195122
ESP,Spain,2007,1476746276854.51,30.458980215138,1.85108130845179,57.6269487657546,17.6727382067132,80.8731707317073
ESP,Spain,2008,1636115447612.5,28.4790441123592,1.59533049906372,55.8281315172523,18.774181253326,81.1756097560976
ESP,Spain,2009,1496587590847.66,23.3519417701936,0.88573598057307,46.8366899971109,20.5691572148855,81.4756097560976
ESP,Spain,2010,1427989078916.67,22.3988413816153,0.460408305051304,52.6933699734019,20.5479299444365,81.6268292682927
ESP,Spain,2011,1487568659241.25,20.7135839205008,0.355338396471428,58.5118228859632,20.5764066286762,82.4756097560976
ESP,Spain,2012,1330994811670.31,18.5944685336556,0.0649259625617232,60.5540346961864,19.8836059940307,82.4268292682927
ESP,Spain,2013,1362186923157.65,17.412338687976,-0.361668780017733,61.6687726441327,19.8099355336898,83.0780487804878
ESP,Spain,2014,1380244561361.96,18.1481477916625,-0.308309722343882,63.39926213895,19.5517778062253,83.2292682926829
ESP,Spain,2015,1206164777553.12,19.3734408230247,-0.0827492378541321,63.5820412248232,19.3555953756375,82.8317073170732
ESP,Spain,2016,1243015667917.12,19.0611122143393,0.0771658726133905,63.1886778507294,18.9554100877408,83.3292682926829
ESP,Spain,2017,1321754088818.83,19.5656670290524,0.243134086570712,66.167446137857,18.5432948383965,83.2829268292683
ESP,Spain,2018,1431642809327.06,20.7061758213476,0.451573724507016,67.0094103982921,18.5844642639135,83.4317073170732
ESP,Spain,2019,1403496387686.27,20.9088226144802,0.716697775475724,66.3662250440692,18.7386237646665,83.8317073170732
ESP,Spain,2020,1289783836971.21,20.6266482703898,0.510010189620998,59.4461280147076,21.8157054375876,82.2317073170732
ESP,Spain,2021,1461244901852.69,21.8740337716536,0.178046695121711,66.524588943191,21.0051364901244,83.1780487804878
ESP,Spain,2022,1448850658406.62,22.6896137188078,0.718854879160094,78.4657338703054,19.9317083168891,83.1341463414634
ESP,Spain,2023,1619481980719.64,21.1209265029601,1.17836618688432,71.7976366055733,19.470863508931,83.9341463414634
ESP,Spain,2024,1725671652742.19,21.1732200987249,1.02121260938381,69.9502612382631,NA,83.8878048780488
ESP,Spain,2025,NA,NA,NA,NA,NA,NA
ESP,Spain,NA,NA,NA,NA,NA,NA,NA
FRA,France,1960,61959085885.3427,25.9054113459209,NA,28.4417854117748,14.8219627520988,69.8682926829268
FRA,France,1961,67158050215.0488,25.5984093854174,1.03446883809664,27.9140988990336,15.1959087177154,70.1170731707317
FRA,France,1962,75196980365.0325,26.3943318550453,1.00427968918453,26.338498506988,15.523791013658,70.3146341463415
FRA,France,1963,84227606649.8725,26.407114880138302,1.00353599767787,26.3902362845637,15.910048127659,70.5146341463415
FRA,France,1964,93424179943.3453,27.9422660942009,1.06620875015002,27.2967488057432,15.9366969254377,70.6634146341463
FRA,France,1965,100927668584.29,27.6479927122607,0.959388414203965,27.2492470038124,15.9603597531436,70.8121951219512
FRA,France,1966,109306730313.216,28.4577432517683,0.866189192765792,27.9096678363966,16.0460047866955,70.9609756097561
FRA,France,1967,118088635380.954,28.4505745988384,0.813893398089106,27.9884877710696,16.2737372214484,71.1609756097561
FRA,France,1968,128710572572.436,27.9826372401264,0.766314047828995,28.3406280322894,16.7217209984103,71.309756097561
FRA,France,1969,140660914840.59,28.8759265377654,0.824238754775053,30.4363166891717,16.8949492918091,71.4585365853659
FRA,France,1970,147312861698.358,28.6427140907786,0.910071021991229,32.8978319535508,17.12982783585,71.6585365853659
FRA,France,1971,164694210962.472,27.8228716506658,0.942308081213309,33.4786065274459,17.4946016739842,71.9073170731707
FRA,France,1972,201738881664.499,28.0824328400925,0.877674176847892,33.9689642458417,17.5547837655959,72.1073170731707
FRA,France,1973,261970536240.424,28.6696066258177,0.808254039339957,35.9979665469989,17.7657210210453,72.3560975609756
FRA,France,1974,282739225313.693,29.555860850035,0.661593218642967,44.2144498621351,18.2065600151275,72.6048780487805
FRA,France,1975,357324307786.446,25.2682024240644,0.475700887805125,38.3696751774209,19.7698547282357,72.8536585365854
FRA,France,1976,368363152144.223,26.9076860617947,0.424132385282009,41.3695542154604,20.0911701403887,73.1024390243903
FRA,France,1977,406401711687.617,25.9952709248086,0.467415655328551,42.361582746312,20.3548978109107,73.3512195121951
FRA,France,1978,501724418604.651,24.6996115721825,0.453327774115543,41.1188563628231,20.7519763235168,73.6024390243903
FRA,France,1979,608218624730.188,25.2167478768822,0.448113600779868,42.6375432012829,20.6522031196688,73.8512195121951
FRA,France,1980,694529183483.39,26.1163834885544,0.533919142662461,45.2426904107299,21.2509306222379,74.0512195121951
FRA,France,1981,609184791792.396,23.8522112517773,0.593754110995282,47.3463750243705,21.9803625688911,74.3
FRA,France,1982,578152310609.841,24.1767124016057,0.365202345952973,47.1430337256332,22.4597013935932,74.5
FRA,France,1983,553356312935.709,22.0241491997679,0.538875770120835,46.9844451630132,22.6182749465078,74.8
FRA,France,1984,525033325827.516,21.4105351250654,0.488491581974165,49.4016956923205,22.7730618029772,75
FRA,France,1985,547220981165.134,21.2723789337356,0.499845780185524,48.8838798836634,22.8282833942538,75.3
FRA,France,1986,764946585850.933,21.8089701080998,0.511141505762455,42.5039101426742,22.4962737111015,75.6
FRA,France,1987,926320855614.973,22.3120902538891,0.543092054847426,42.0234951539124,22.3337328835311,75.8
FRA,France,1988,1010827662151.75,23.3652340051982,0.578107856832589,43.2246223742353,21.8693616502998,76.1
FRA,France,1989,1016742237302.08,24.2752053199391,0.596976456799538,46.0051158705752,21.3132285046722,76.3487804878049
FRA,France,1990,1257649439826.53,24.4166717434176,0.547228307056949,44.5862869486888,21.3629677651223,76.6
FRA,France,1991,1258961748633.88,23.5809030570734,0.502041652701803,44.9537001550562,21.8324524649692,76.8487804878049
FRA,France,1992,1389663073110.28,21.8057009887396,0.498024782624795,43.963354493583,22.4482751517868,77.1
FRA,France,1993,1314383368079.69,19.2950345538123,0.43494888453875,41.7256163123108,23.5592092126581,77.3
FRA,France,1994,1385822778827.98,20.0277093753549,0.374521801846337,43.7513491504061,23.3227822524955,77.6487804878049
FRA,France,1995,1595219345511.89,20.1870996465323,0.364159563395629,45.4316616938638,23.2620235385924,77.7512195121951
FRA,France,1996,1598889216566.23,19.2219851950366,0.357448008376034,46.1124801589641,23.5693022234551,77.9536585365854
FRA,France,1997,1449392222971.45,18.8941086598021,0.356761847855923,49.803453474736,23.4573330897567,78.3048780487805
FRA,France,1998,1496906382032.47,20.1267071009099,0.37054023067343,51.4214328030771,22.7089061303217,78.6048780487805
FRA,France,1999,1486915879701.93,20.7309977149378,0.515860143523548,51.6706614638734,22.7259043484992,78.7560975609756
FRA,France,2000,1360959069477.49,21.8578770673408,0.686335719566776,57.7860470318197,22.4026551978725,79.0560975609756
FRA,France,2001,1370376677298.86,21.5146500727515,0.7289939490983,56.8932328560722,22.259556730345,79.1585365853659
FRA,France,2002,1492427756382.43,20.7001905304491,0.727033002641047,55.1325248503102,22.857888310331,79.2609756097561
FRA,France,2003,1835095983049.09,20.6506168230936,0.705638836747311,52.5988822870657,23.2625915298209,79.1146341463415
FRA,France,2004,2109792297237.03,21.3643685480586,0.732625502527391,53.7497648292028,23.1521854419976,80.1634146341463
FRA,France,2005,2192146403028.17,21.9113534781153,0.751885116821619,55.8228361241299,23.1175353538954,80.1634146341463
FRA,France,2006,2317861544690.82,22.6851885959248,0.696338574828463,57.8692775292673,22.7854420708586,80.8121951219512
FRA,France,2007,2655816911866.56,23.5691050042771,0.618225682593305,58.1525611309659,22.4734674757104,81.1121951219512
FRA,France,2008,2926802941585.86,23.4671040402669,0.558020613148126,59.1797928411748,22.5895511441534,81.2146341463415
FRA,France,2009,2700075882518.98,20.7177586249113,0.513351013325229,52.1991123027613,24.0880419778451,81.4146341463415
FRA,France,2010,2646230027988.34,21.3378695020042,0.492976371032656,56.587555247796,23.9798091765185,81.6634146341463
FRA,France,2011,2870408553990.28,22.4996452716579,0.482667411007127,60.6056354816406,23.7010905265759,82.1146341463415
FRA,France,2012,2683007095787.23,21.8295648772748,0.483714919435185,61.6589570771102,23.9564328020669,81.9682926829268
FRA,France,2013,2816077607875.26,21.520441960601,0.516915013016667,61.8192338733962,24.0757206386355,82.219512195122
FRA,France,2014,2861236112552.42,21.8364708236132,0.474847846171767,62.1992669379507,24.081442589149,82.719512195122
FRA,France,2015,2442483452642.5,21.7165418613305,0.355569240058298,63.5046871956484,23.7757617692292,82.3219512195122
FRA,France,2016,2470407619777.13,21.5978606152326,0.263868788565368,63.3427564383351,23.7569423186251,82.5731707317073
FRA,France,2017,2588868323334.71,22.1813991959176,0.29020211635109,65.3958481559711,23.7013842025535,82.5756097560976
FRA,France,2018,2781576320884.39,22.6115738942638,0.358494581816163,66.8022607812266,23.3500758354509,82.6756097560976
FRA,France,2019,2722793515171.76,23.0250733613606,0.332559129027963,66.4289771741449,23.0348422675243,82.8268292682927
FRA,France,2020,2647926055110.05,22.8044182138435,0.324557781035362,58.8388907240647,24.8398357365701,82.1756097560976
FRA,France,2021,2966433692008.09,23.4474845782806,0.356902332389048,63.788482630872,24.3515984176563,82.3243902439024
FRA,France,2022,2794788137066.94,24.0233523984125,0.502320929337976,75.9630077981996,23.8742904476312,82.1292682926829
FRA,France,2023,3056250648138.29,22.9278749312543,0.275093143443794,70.6261450610225,23.0901262196221,82.8317073170732
FRA,France,2024,3160442622465.08,21.5139121721262,0.261995241898747,68.1081875443744,NA,82.9804878048781
FRA,France,2025,NA,NA,NA,NA,NA,NA
FRA,France,NA,NA,NA,NA,NA,NA,NA
GBR,United Kingdom,1960,73233967692.1028,NA,NA,NA,17.5683769833684,71.1268292682927
GBR,United Kingdom,1961,77741965703.3544,NA,0.760459938521921,NA,17.5939492166397,70.8780487804878
GBR,United Kingdom,1962,81247564156.8246,NA,0.848661387731873,NA,17.9120239859393,70.9268292682927
GBR,United Kingdom,1963,86561961812.3249,NA,0.748366448717305,NA,17.2147598253275,70.8268292682927
GBR,United Kingdom,1964,94407558351.1616,NA,0.650257748756685,NA,16.8118308271792,71.6243902439024
GBR,United Kingdom,1965,101824755078.991,NA,0.642468779443559,NA,17.6087719298246,71.6243902439024
GBR,United Kingdom,1966,108572752102.045,NA,0.55130324946533,NA,17.9594929853518,71.5731707317073
GBR,United Kingdom,1967,113116888210.787,NA,0.538543769542258,NA,18.7741186523437,72.1243902439024
GBR,United Kingdom,1968,107759910067.889,NA,0.486768279639266,NA,18.2075456570156,71.7243902439025
GBR,United Kingdom,1969,116464702803.218,NA,0.415803269484986,NA,17.6793723081996,71.7219512195122
GBR,United Kingdom,1970,130671946244.3,24.803019228297,0.39872245794476,43.004308460818,17.7216598409579,71.9731707317073
GBR,United Kingdom,1971,148113896325.14,24.2107689779823,0.417666617474017,42.6502218205718,18.0635441998028,72.2731707317073
GBR,United Kingdom,1972,169965034965.035,23.5772827460546,0.3390575157182,41.5839774296882,18.4203250360008,72.1243902439024
GBR,United Kingdom,1973,192537971582.558,27.6514123215513,0.19319818644469,47.4470277629336,18.236829783444,72.3243902439024
GBR,United Kingdom,1974,206131369798.971,28.2092330721341,0.0630592101531556,58.7410657382942,20.1248154406178,72.5243902439024
GBR,United Kingdom,1975,241756637168.142,24.3436279444333,-0.00742336272019876,52.7585454911507,22.3998737119534,72.7243902439024
GBR,United Kingdom,1976,232614555256.065,26.5003066821166,-0.024603832530328,57.4208829663963,22.142158362302,72.7756097560976
GBR,United Kingdom,1977,263066457352.172,25.8604173297263,-0.0328738482390269,58.9312652503713,20.7519513844685,73.2243902439024
GBR,United Kingdom,1978,335883029721.956,25.2292938577211,0.00535990765712166,54.9850773279745,20.2413112358204,73.1756097560976
GBR,United Kingdom,1979,438994070309.191,25.3835368295119,0.0897286611918231,54.6607627850434,19.8359770952227,73.2756097560976
GBR,United Kingdom,1980,564947710899.373,21.8204358753913,0.119517254129019,51.3102802584976,21.2738988963253,73.6756097560976
GBR,United Kingdom,1981,540765675241.158,19.6832558485237,0.0348217320561183,49.3910296003122,21.7147919802293,74.0268292682927
GBR,United Kingdom,1982,515048916841.37,20.4946881762739,-0.0358427938348334,49.6135434545171,21.5846377716119,74.1780487804878
GBR,United Kingdom,1983,489618008185.539,21.4340779130715,0.0341013738761532,50.8133148194588,21.3590722629342,74.3780487804878
GBR,United Kingdom,1984,461487097632.349,22.5662835138609,0.158261863204096,55.4082940861114,21.0614176269506,74.7780487804878
GBR,United Kingdom,1985,489285164271.047,22.3759649155019,0.226951225450001,54.950881440311,20.2757729160055,74.6292682926829
GBR,United Kingdom,1986,601452653180.885,22.1262091437958,0.231610229834337,50.5278201169357,20.2482928802786,74.9292682926829
GBR,United Kingdom,1987,745162608269.325,23.0862074939962,0.212637260699709,49.8948735100282,19.5419576063952,75.280487804878
GBR,United Kingdom,1988,910122732123.799,25.8494962583379,0.222063893961785,47.3603219647,18.7633168579028,75.3804878048781
GBR,United Kingdom,1989,926884816753.927,26.5009062473522,0.260311450078262,48.6770133730618,18.3407039921484,75.5829268292683
GBR,United Kingdom,1990,1093169389204.55,23.5558879470108,0.298930554095876,48.2498264500798,18.5427637723272,75.8804878048781
GBR,United Kingdom,1991,1142797178130.51,20.0945518746354,0.309247932319381,45.3156600809302,19.3976855267097,76.0829268292683
GBR,United Kingdom,1992,1179659529659.53,19.3151113557582,0.270431182081877,46.3059467099097,19.8755904012378,76.4341463414634
GBR,United Kingdom,1993,1061388722255.55,18.8481723359341,0.239745439286479,49.7481967801462,19.1850113178115,76.3853658536585
GBR,United Kingdom,1994,1140489745944.29,19.8743554715806,0.254586486858912,51.886107010773,18.8330325176195,76.8853658536585
GBR,United Kingdom,1995,1349094208616.06,18.9204616566911,0.264547416858702,50.8300766971451,16.9802823886652,76.8365853658537
GBR,United Kingdom,1996,1425287051482.06,19.1254683349223,0.254626384215086,52.0576088895797,16.5355201185628,77.0878048780488
GBR,United Kingdom,1997,1569317288801.57,18.297638385084,0.257553323280351,50.7045618383811,15.9567842310016,77.2109756097561
GBR,United Kingdom,1998,1660821464060.95,18.7986884775091,0.291406085432392,49.1409088914683,15.9709175471977,77.190243902439
GBR,United Kingdom,1999,1693458987218.9,18.5387402828054,0.333405882184416,49.4683905163429,16.3983541076135,77.390243902439
GBR,United Kingdom,2000,1671597821152.97,18.9469377484139,0.357300887421605,52.3380212335903,16.5805392850386,77.7414634146342
GBR,United Kingdom,2001,1656171009068.66,18.7962716702215,0.384975969564228,52.6342367336438,17.1973730641732,77.9926829268293
GBR,United Kingdom,2002,1790536570743.41,18.6991795058955,0.423337079636281,51.2361820991323,18.0900450844853,78.1439024390244
GBR,United Kingdom,2003,2061227755102.04,18.3223472121232,0.465641113602993,50.0681187039704,18.7759702558887,78.4463414634146
GBR,United Kingdom,2004,2429774807762.72,18.1006116145736,0.568943113421317,50.2885521756133,19.3341636884646,78.7463414634146
GBR,United Kingdom,2005,2551361818181.82,18.4132680657531,0.68661130607346,52.5442740383211,19.5345943592335,79.0487804878049
GBR,United Kingdom,2006,2719558417663.29,18.909666594501,0.73504867842129,56.7047791729812,19.7128707512449,79.2487804878049
GBR,United Kingdom,2007,3104699879951.98,19.1749332518758,0.778666112441256,52.7493524964733,19.5927252761275,79.4487804878049
GBR,United Kingdom,2008,2945251838235.29,18.2886587771819,0.787032622318939,56.4365501052604,20.2703503957329,79.6
GBR,United Kingdom,2009,2429358155475.93,15.9866102776379,0.756390859593407,54.6537301085991,21.8398042843264,80.0512195121951
GBR,United Kingdom,2010,2496740681057.14,16.6181160375508,0.783888646646516,59.0511802227821,21.4325808449976,80.4024390243902
GBR,United Kingdom,2011,2675590034128.66,16.491680863741,0.781506562236639,63.3240615708901,20.8042181029914,80.9512195121951
GBR,United Kingdom,2012,2719715961539.83,16.5145890011547,0.712282568284022,61.9688704472535,20.6413631115148,80.9048780487805
GBR,United Kingdom,2013,2796908333283.39,17.1697393956196,0.669537112028056,61.7195395154583,20.0423459760144,81.0048780487805
GBR,United Kingdom,2014,3085362169410.29,18.4324178455585,0.747135714780007,58.8210228333296,19.7332253904663,81.3048780487805
GBR,United Kingdom,2015,2945579890258.46,18.4755209500336,0.721624002974263,57.125044605439,19.4312702799147,80.9560975609756
GBR,United Kingdom,2016,2706807606538.73,18.5956388685899,0.79421971482011,59.8395315138259,19.0926073260822,81.1560975609756
GBR,United Kingdom,2017,2699118387873.1,19.1317371265417,0.545706020084833,63.1899245764158,18.5281767976876,81.2560975609756
GBR,United Kingdom,2018,2897028009916.05,18.8761161911788,0.488451313281444,64.9097721959201,18.3768895986708,81.2560975609756
GBR,United Kingdom,2019,2875710080015.3,19.0285140310906,0.514596380840432,65.0035664177054,18.934726344575,81.3691219512195
GBR,United Kingdom,2020,2724001478304.59,18.2807146353402,0.169447088341033,59.1598893030611,22.3849730788057,80.331756097561
GBR,United Kingdom,2021,3194559188925.93,18.8987416108827,0.358937930235741,58.53838629291,21.9023771103032,80.6473170731707
GBR,United Kingdom,2022,3181244350465.41,18.3468561370256,0.921336799385098,69.1989264413981,20.3875396220537,81.0112195121951
GBR,United Kingdom,2023,3420796653789.08,18.4594014019513,1.30497972307431,64.9923841747803,20.2413809642158,81.2380975609756
GBR,United Kingdom,2024,3686033044482.13,19.1197244388535,1.0659564474212,62.8401605267118,NA,81.3868536585366
GBR,United Kingdom,2025,NA,NA,NA,NA,NA,NA
GBR,United Kingdom,NA,NA,NA,NA,NA,NA,NA
IDN,Indonesia,1960,NA,7.86776012301384,NA,24.0902101486417,11.5581752947207,46.835
IDN,Indonesia,1961,NA,10.2339927674963,2.78673050525734,24.6756009359711,11.7847266539034,47.385
IDN,Indonesia,1962,NA,5.60257658602352,2.80698421797939,10.5610066661673,6.23923301625346,48.141
IDN,Indonesia,1963,NA,8.19621042134131,2.82509682257967,18.4181002243829,7.11480927449514,48.742
IDN,Indonesia,1964,NA,12.0838298170603,2.85554207780566,25.3171654867877,7.12413261372398,49.44
IDN,Indonesia,1965,NA,6.69211303247575,2.52900109189077,11.0122311261071,5.60860396457191,42.762
IDN,Indonesia,1966,NA,4.52674897119342,2.36670145600789,34.8528015194682,8.80025324469769,48.406
IDN,Indonesia,1967,5667756627.92093,8.00896437839113,2.59966150696535,25.6428402925218,7.37202170323189,51.309
IDN,Indonesia,1968,7076465299.81141,8.80431153717747,2.70751027453981,26.4463204082606,7.45934086898459,51.888
IDN,Indonesia,1969,8337423312.88344,11.6629874908021,2.76421216767215,23.841059602649,7.32155997056659,52.588
IDN,Indonesia,1970,9150684931.50685,13.622754491018,2.7523193721547,28.6826347305389,8.77245508982036,53.254
IDN,Indonesia,1971,9333536369.94567,15.7952069716776,2.70918593790289,31.062091503268,9.28649237472767,53.823
IDN,Indonesia,1972,10997590361.4458,18.7773882559159,2.66225034303759,35.4119193689746,9.07099035933392,54.364
IDN,Indonesia,1973,16273253012.0482,17.8872864038855,2.62716406889288,39.5341605709717,10.6020671069387,54.916
IDN,Indonesia,1974,25802409638.5542,16.7818453492716,2.57379806865858,50.4183787822189,7.85394097870751,55.443
IDN,Indonesia,1975,30463855421.6867,20.3417045679256,2.52610742568257,44.5212576626458,9.9165513150089,55.998
IDN,Indonesia,1976,37269156626.506,20.7212915489406,2.49420325253991,43.0065883478699,10.2833830099504,56.445
IDN,Indonesia,1977,45808915662.6506,20.127612344627,2.45521844395398,43.5701999400338,10.9270042660186,57.09
IDN,Indonesia,1978,51455719075.8254,20.5341598522817,2.43846955711898,42.7147630352589,11.6895278290688,57.607
IDN,Indonesia,1979,51400186342.8889,20.9343208827993,2.42309448317805,53.6555359183648,11.6576217627258,58.18
IDN,Indonesia,1980,72482337397.4439,20.8715015942102,2.38861945340176,52.6540464774445,10.3160475028441,58.701
IDN,Indonesia,1981,85518233419.0479,21.3844929387158,2.34521555543862,53.1773002387695,10.7129768449109,59.096
IDN,Indonesia,1982,90158449294.9921,22.5834526752146,2.312379898873,48.6762274326459,11.4563175175994,59.7
IDN,Indonesia,1983,81052283383.7155,29.4017715637958,2.2802310222151,56.5592366644233,10.9600584008163,60.343
IDN,Indonesia,1984,84853700027.651,24.8846749403824,2.229708398269,50.1106199773017,10.4777680265764,60.891
IDN,Indonesia,1985,85289488375.4435,25.3469459717401,2.13630506735178,44.7183723110447,12.03547689631,61.387
IDN,Indonesia,1986,79954072544.5279,27.6465173156606,2.01749973418514,41.0095381677863,11.2424777587402,61.736
IDN,Indonesia,1987,75929617557.7521,27.2467189939824,1.94141842112657,46.9742478782921,9.42460516164077,62.087
IDN,Indonesia,1988,84300174485.7973,29.0980220231829,1.90886698268871,47.2545614222743,8.97633295990002,62.386
IDN,Indonesia,1989,94451427876.6628,30.6830325980787,1.87458353064795,49.0818836891175,9.38937594169801,62.883
IDN,Indonesia,1990,106140727333.636,32.7076900896332,1.81442604896274,52.8918614376893,9.53444118831967,63.249
IDN,Indonesia,1991,116621996217.133,31.8694254830288,1.77013689509296,54.8395648805761,9.13808824964761,63.703
IDN,Indonesia,1992,128026966579.964,30.1758273386831,1.7332257161332,57.4274341101528,9.51626587965038,64.182
IDN,Indonesia,1993,158006700301.533,28.2806731118536,1.70158442607601,50.5233858882307,9.02331220180498,64.851
IDN,Indonesia,1994,176892143931.505,29.5706877484337,1.6859518715422,51.877101049475,8.11418145113923,65.041
IDN,Indonesia,1995,202132028723.115,30.4298110883689,1.66278546327292,53.9585900635426,7.82906404883809,65.263
IDN,Indonesia,1996,227369679374.973,31.6023606375148,1.64546182640737,52.264743657148,7.56695858557029,65.465
IDN,Indonesia,1997,215748998609.635,30.3076757881764,1.62630782020292,55.9938588086777,6.84280506576593,65.774
IDN,Indonesia,1998,95445547872.715,27.4295066667294,1.58071800042293,96.1861923602686,5.69350779254274,65.942
IDN,Indonesia,1999,140001351215.462,22.1387593118175,1.50317096427875,62.9439128601924,6.60445694203931,66.001
IDN,Indonesia,2000,165021012077.81,22.2456969315568,1.43244007763682,71.4368759173731,6.53199497269296,66.292
IDN,Indonesia,2001,160446947784.909,22.539266316067,1.38801892806803,69.7932075256238,6.8890593699167,66.583
IDN,Indonesia,2002,195660611165.183,21.4040702075173,1.35572575488289,59.0794617663723,7.25745833839691,66.954
IDN,Indonesia,2003,234772463823.808,25.5984983869787,1.32378197652859,53.6164937473016,8.12948626357009,67.134
IDN,Indonesia,2004,256836875295.452,24.0563663747717,1.27101139474106,59.761294836691,8.32186800551366,65.521
IDN,Indonesia,2005,285868619196.085,25.0814099389568,1.28380661170743,63.9879358688635,8.10950772075692,67.531
IDN,Indonesia,2006,364570515618.357,25.4002172943548,1.32525502272966,56.6571268148867,8.62716880197776,67.664
IDN,Indonesia,2007,432216737774.861,24.9202838487256,1.32086532413059,54.8292499782075,8.34646967931201,67.914
IDN,Indonesia,2008,510228634992.258,27.8162445798583,1.29735043016571,58.5613996312961,8.42378092010217,68.085
IDN,Indonesia,2009,539580085612.401,30.9851924139981,1.26698625068088,45.5121213687054,9.58917814654342,68.267
IDN,Indonesia,2010,755094157621.936,32.8801214533558,1.26054140134601,46.7012738758737,9.00591499311107,68.364
IDN,Indonesia,2011,892969104563.171,32.9843332593045,1.27668830646548,50.1800131841104,9.05867718048359,68.629
IDN,Indonesia,2012,917869913332.649,35.0715936108893,1.28583816632167,49.5828982992627,9.24878837149533,68.862
IDN,Indonesia,2013,912524136718.018,33.8313567879018,1.24038001568984,48.6373726752893,9.51771996272418,69.064
IDN,Indonesia,2014,890814755533.537,34.6003439149803,1.17536091203837,48.0801755855227,9.4250257185865,69.292
IDN,Indonesia,2015,860854232686.214,34.0627921803386,1.12233981761262,41.9376402415294,9.74941376966575,69.52
IDN,Indonesia,2016,931877364037.698,33.8587393039462,1.0744882002252,37.4213418023318,9.52781009028137,69.733
IDN,Indonesia,2017,1015618744159.73,33.7105947957751,1.02232939771064,39.3554970704606,9.12057115207813,69.953
IDN,Indonesia,2018,1042271532988.63,34.5705858319707,0.969743409524713,43.0743089552002,9.02123180420785,70.08
IDN,Indonesia,2019,1119099871350.2,33.7801423773995,0.935604959235128,37.6277775357108,8.80847129067065,70.349
IDN,Indonesia,2020,1059054842698.48,32.3434120537481,0.849801187379341,32.9721754002427,9.65575053126545,68.817
IDN,Indonesia,2021,1186509691086.73,31.4488724858485,0.704601321926319,40.2047582749671,9.24694161503832,67.452
IDN,Indonesia,2022,1319101183380.15,29.7453138212259,0.746050469653246,45.4646701959453,7.68965394773072,70.925
IDN,Indonesia,2023,1371169301563.62,30.3425864737035,0.842666137328498,41.3362868707652,7.45486118997106,71.146
IDN,Indonesia,2024,1396300098190.97,31.396354183511,0.813871513351669,42.572647301834,7.73094373341047,71.288
IDN,Indonesia,2025,NA,NA,NA,NA,NA,NA
IDN,Indonesia,NA,NA,NA,NA,NA,NA,NA
IND,India,1960,37029883876.1839,17.9313352864798,NA,11.2968331123897,6.57349198905266,45.61
IND,India,1961,39232435784.0358,19.2621458307568,2.39642770212636,10.2611625948092,6.89466573155263,45.824
IND,India,1962,42161481858.0819,18.1075707708237,2.3718292492177,10.2007901792472,7.77958198935627,46.133
IND,India,1963,48421923459.1235,18.9954571074823,2.34617004494498,10.1873378430933,8.70504098583899,46.458
IND,India,1964,56480289940.9899,19.5298284932289,2.34154578203199,9.41054892008962,8.04252293333864,46.742
IND,India,1965,59556105229.0052,20.0572229945507,2.25115521196281,8.51903436951768,8.78768223472141,45.558
IND,India,1966,45581230504.071,18.3580138165654,2.13961351155644,10.8142375112067,8.50679016803653,45.884
IND,India,1967,50134942204,18.1975444704354,2.14680270986968,9.98106266810607,8.12117179105571,46.184
IND,India,1968,53085455870.6667,17.7422497494354,2.14844716038577,8.98174447557988,8.39819236577402,47.925
IND,India,1969,58447995017.3333,17.6400952349903,2.11321172870178,7.744776643449,8.54968500114456,48.26
IND,India,1970,62422483054.6667,18.2114387329179,2.21982378728468,7.66176933794548,8.9472441343111,48.585
IND,India,1971,67351404351.833,19.2036157433701,2.21613325893602,7.66960655842499,9.67379314361206,48.902
IND,India,1972,71464700666.9869,19.5484319396904,2.19501824226466,7.73639959724787,9.33421495861269,49.213
IND,India,1973,85517673172.5513,18.7007586479695,2.25036255306664,8.93209601877255,8.40736153327391,49.642
IND,India,1974,99526597933.6331,22.5115175742591,2.3000950671043,10.8518902537234,8.64064088354514,50.259
IND,India,1975,98473832017.3242,19.5451062648376,2.36169921715702,12.2939782139853,9.48765621560141,50.761
IND,India,1976,102716451979.68,19.4192719578704,2.3526277752357,12.8012030726837,9.7797533155484,51.302
IND,India,1977,121486641441.309,21.0956125472627,2.35894044670683,12.6481011375529,9.20977194135778,51.822
IND,India,1978,137302319828.995,22.6507207547063,2.30273010047879,12.9030118424849,9.43960862080358,52.42
IND,India,1979,152995442497.709,23.5953767441188,2.32548037680355,14.9188045313762,9.89473202498657,53.014
IND,India,1980,186328579302.068,19.5550034544046,2.38482579119883,15.3845768485061,9.65188060883461,53.593
IND,India,1981,193491368445.573,25.5601376265736,2.34973202595162,14.5072647616204,9.62616589266879,54.173
IND,India,1982,200715624830.902,25.1341943149098,2.33396964438701,14.1259277495475,10.1725727812659,54.735
IND,India,1983,218262146413.158,21.0395721185203,2.3406940951715,13.6905938868802,10.091120987434,55.283
IND,India,1984,212157645177.652,23.2914173032296,2.34593300498783,14.0093759441289,10.3559108942417,55.813
IND,India,1985,232511554840.372,26.4460769030045,2.3270540843985,12.9000361941487,10.9301926338183,56.324
IND,India,1986,248985994040.59,26.0656839397328,2.30826458791438,12.2192718993726,11.5502571079547,56.819
IND,India,1987,279033584092.223,25.8271313054029,2.2808002561271,12.5848140356758,11.929013421565,57.291
IND,India,1988,296589670895.932,26.2826349945907,2.25053923542519,13.4904501163017,11.6043602340003,57.744
IND,India,1989,296042052944.66,26.8610369133845,2.23467340339487,15.1681320906695,11.5637622995241,58.196
IND,India,1990,320979026420.035,27.3361977013687,2.213130886438,15.5062615101965,11.2854919029931,58.618
IND,India,1991,270105341879.226,25.1405052782292,2.16777668657973,16.9877265511351,11.0787262464783,59.032
IND,India,1992,288208070278.013,27.44020415513,2.12998519274824,18.433099041828,10.9150464795678,59.445
IND,India,1993,279295648982.529,22.716410511618,2.09986069412181,19.6515397864684,11.0026650353957,59.823
IND,India,1994,327274843459.429,26.3101665553988,2.04435418122792,20.0781443769255,10.43581347191,60.237
IND,India,1995,360281909643.489,29.1523371515588,2.01296632914892,22.8674487062499,10.5402675188309,60.63
IND,India,1996,392896866204.516,22.7592531809279,1.99775909414655,21.9294878713867,10.3308896774711,61.027
IND,India,1997,415867563592.829,25.6927329065132,1.966425183613,22.6193868670479,11.0287262034071,61.439
IND,India,1998,421351317224.941,24.9753699423901,1.93596384442712,23.6994700790647,11.9098898139839,61.852
IND,India,1999,458821052615.79,30.9580879683861,1.90202919152067,24.8155980442929,12.1754896050679,62.284
IND,India,2000,468395521654.458,25.677316683955,1.87939826197393,26.9009229104474,11.9478354691139,62.749
IND,India,2001,485440139204.171,29.9078889827325,1.87060822112685,25.9932547534365,11.7614498890899,63.158
IND,India,2002,514939140318.756,30.2513001207186,1.81129424097937,29.5086629350614,11.3140950692424,63.649
IND,India,2003,607700687237.318,30.8396999424416,1.73438204419235,30.592436132908,10.8762099129119,64.086
IND,India,2004,709152728830.775,35.0964917017773,1.7035704679088,37.503814059447,10.4047023481415,64.484
IND,India,2005,820383763511.445,37.4282640165983,1.63142146860079,42.0016696148691,10.3661401972455,64.939
IND,India,2006,940259888787.721,38.9985063717532,1.56412522526913,45.7244804992652,9.80247046783494,65.373
IND,India,2007,1216736438834.96,41.9507982267334,1.50599144392136,45.686268679348,9.86211572842642,65.803
IND,India,2008,1198895139005.92,38.4224196528192,1.43877181746736,53.3682204392226,10.5384811563533,66.247
IND,India,2009,1341888016994.9,39.2567917551336,1.44601731955273,46.2728696428837,11.459667419691,66.7
IND,India,2010,1675615519484.96,39.7856241847736,1.45460361883041,49.2552064974161,11.0076078674499,67.162
IND,India,2011,1823051829894.55,39.590421855219,1.41682761544376,55.6238800135298,11.0844615855594,67.623
IND,India,2012,1827637590410.41,38.3474156730403,1.37405616603306,55.7937217287511,10.6838562318127,68.076
IND,India,2013,1856721507621.58,34.0231978997548,1.33270430507476,53.8441319466777,10.2951601419598,68.499
IND,India,2014,2039126479154.52,34.2678056268836,1.26129027125347,48.9221857470669,10.4408568081213,68.932
IND,India,2015,2103588360044.94,32.1167301358276,1.19285563384335,41.9229138658647,10.4282907091862,69.326
IND,India,2016,2294796885663.16,30.172690580036,1.19162966402099,40.082485713276,10.3085480747222,69.709
IND,India,2017,2651474262755.45,30.9821728344733,1.1623961434697,40.7424969545225,10.7671989547856,70.068
IND,India,2018,2702929641648.74,32.3432182154485,1.09729906702925,43.6169693323889,10.8232185258548,70.415
IND,India,2019,2835606256558.19,30.0961975685688,1.04001395098104,39.9054035306442,11.0026755133718,70.746
IND,India,2020,2674851578587.27,28.9223840080659,0.973438646910149,37.7581053292768,11.6124524106018,70.156
IND,India,2021,3167270623260.47,32.1158221755014,0.822648220128724,45.4230887840446,10.4763782400684,67.282
IND,India,2022,3346107287730.93,33.6192585388984,0.790200540609834,50.0752701498882,10.255037910793,71.698
IND,India,2023,3638489096033.86,33.3623103638844,0.883289539766135,44.9928422877561,10.3054222433801,72.003
IND,India,2024,3909891533858.08,32.9141372549127,0.890706546985984,44.6492935069676,9.98882419189295,72.235
IND,India,2025,NA,NA,NA,NA,NA,NA
IND,India,NA,NA,NA,NA,NA,NA,NA
ITA,Italy,1960,42012422612.3955,NA,NA,NA,NA,69.1239024390244
ITA,Italy,1961,46649487320.4225,NA,0.668382874410405,NA,NA,69.760243902439
ITA,Italy,1962,52413872628.0045,NA,0.676622989670017,NA,NA,69.149756097561
ITA,Italy,1963,60035924617.9277,NA,0.729553242231653,NA,NA,69.2480487804878
ITA,Italy,1964,65720771779.4768,NA,0.822623699867765,NA,NA,70.3117073170732
ITA,Italy,1965,70717012186.1774,NA,0.842108616866269,NA,NA,70.1717073170732
ITA,Italy,1966,76622444787.3696,NA,0.77730440730804,NA,NA,70.9260975609756
ITA,Italy,1967,84401995573.2456,NA,0.723778172767654,NA,NA,70.9565853658537
ITA,Italy,1968,91485448147.84,NA,0.631737252752781,NA,NA,70.78
ITA,Italy,1969,100996667239.335,NA,0.56605850865814,NA,NA,70.8119512195122
ITA,Italy,1970,113656669764.56,26.7016664925425,0.528877031717835,30.0296336389733,14.9998856585982,71.5587804878049
ITA,Italy,1971,124959712858.926,24.4717523440514,0.466452872314018,30.3261935207482,16.3974871102027,71.8068292682927
ITA,Italy,1972,145594833997.344,23.5488139464692,0.567712498645759,31.749631565923,16.9776256053041,72.0753658536586
ITA,Italy,1973,175896529392.229,27.0639960069819,0.678187647585975,33.9863350341926,16.298256245534,72.0263414634146
ITA,Italy,1974,200024444775.231,30.5672925269583,0.654388935648374,40.7090687382642,15.4855053366431,72.7343902439025
ITA,Italy,1975,228220643534.994,24.4133501687542,0.597247218554801,37.3144454322672,15.9287473890438,72.6473170731708
ITA,Italy,1976,225235205861.828,27.3091719839223,0.498851058340731,41.0974307543282,15.3498446714331,72.9919512195122
ITA,Italy,1977,258190019749.835,25.0956915578947,0.424722057350148,41.7134160400496,15.6471794771373,73.3646341463415
ITA,Italy,1978,315784469541.41,24.5266757168443,0.356312950366128,41.1732919288899,16.2268589709841,73.6931707317073
ITA,Italy,1979,394584507107.9,25.0745061553822,0.289147207649738,43.6099072426685,16.3052513837246,74.0026829268293
ITA,Italy,1980,478356755595.749,27.4836291074152,0.20599975185947,42.8738408491883,16.5116572843463,73.9431707317073
ITA,Italy,1981,431695533980.583,25.353792657669,0.12005432007943,45.1779120778045,17.8264926680474,74.3539024390244
ITA,Italy,1982,428257421617.752,24.3690987253303,0.0740818599916188,43.4082419852183,17.9000893197021,74.8146341463415
ITA,Italy,1983,444063496940.337,22.8433121062117,0.0362946366697159,40.0972777577362,18.296529236693,74.640243902439
ITA,Italy,1984,438896930791.272,23.9352377367696,0.0223509131041464,42.3380867149025,18.0932996271297,75.389512195122
ITA,Italy,1985,453259761687.456,23.7906140617664,0.0288999392122477,42.539111003159,18.241254507,75.4707317073171
ITA,Italy,1986,641862313287.44,22.3297672412374,0.00544928189677628,36.0801894012968,17.9365821012998,75.7707317073171
ITA,Italy,1987,807570134448.76,22.7202896505285,0.0102051195547741,35.4808325109317,18.6630716960339,76.219512195122
ITA,Italy,1988,893663934840.821,23.1829569597943,0.0483205970471755,35.0303636931745,19.0578201244096,76.3707317073171
ITA,Italy,1989,930801709003.669,22.9260234968629,0.0750090045352437,36.967566605846,18.8678787005744,76.819512195122
ITA,Italy,1990,1183945130898.51,23.1619903483889,0.0837085729587984,36.2382276733087,19.5579653563318,76.9707317073171
ITA,Italy,1991,1249092439519.28,22.7927997758163,0.0692311889532843,33.8005339555877,19.6461478060239,77.0195121951219
ITA,Italy,1992,1323204350353.5,22.1446366084139,0.0679244330808808,34.8334276236699,19.4854992736461,77.419512195122
ITA,Italy,1993,1067412587670.73,19.5826008577128,0.061135853002924,37.6724019624473,19.3378408862545,77.7219512195122
ITA,Italy,1994,1101750159702.21,19.5160307409463,0.0203720739457194,40.3620026081266,18.6489669191549,77.9219512195122
ITA,Italy,1995,1177369428265.78,20.5784047565276,0.00158856230917393,45.5795026636995,17.394685967757,78.1707317073171
ITA,Italy,1996,1314776508972.27,19.8311918143473,0.0281044080072756,42.8020490474117,17.5849972712837,78.5219512195122
ITA,Italy,1997,1244988176443.84,20.0130655736926,0.05290695026061,44.4771651978702,17.6387071181991,78.8243902439024
ITA,Italy,1998,1272729786996.77,20.2331937912659,0.0287740158774372,44.997874273345,17.4915934783477,78.9756097560976
ITA,Italy,1999,1255004736463.98,20.7048925408414,0.0168208444553697,44.5298402267013,17.5114477121433,79.4243902439024
ITA,Italy,2000,1149661363439.38,21.3236101039876,0.045303631138613,50.2747311455639,17.6899799974967,79.7780487804878
ITA,Italy,2001,1172041488805.87,21.3054469235642,0.0612241572425483,49.8632723203495,18.3367541043712,80.1268292682927
ITA,Italy,2002,1281746271196.04,22.0519500121835,0.197854295667482,47.8713186791542,18.4739860052468,80.2292682926829
ITA,Italy,2003,1582930016538.82,21.5802501954429,0.540420007681938,45.9940859777074,18.9117941725871,79.9829268292683
ITA,Italy,2004,1812808753294.75,21.6420048852847,0.744609563112575,47.2663923891771,19.0931359128263,80.7804878048781
ITA,Italy,2005,1864982261286.85,21.5260216463093,0.583653375692943,49.1221742288618,19.5433431498437,80.7829268292683
ITA,Italy,2006,1958563654385.64,22.3603695757618,0.400079310970985,52.9235429597012,19.3941241808101,81.2829268292683
ITA,Italy,2007,2222524108127.65,22.6200727686655,0.608396959196212,54.8280415572531,18.9469848114449,81.4341463414634
ITA,Italy,2008,2417508414187.19,22.0387757321995,0.771291301351719,54.214254895667104,19.4883090708703,81.4853658536585
ITA,Italy,2009,2209484319012.65,19.7023773902113,0.579748620940622,45.1414765721604,20.5892052227792,81.6365853658537
ITA,Italy,2010,2144936254535,20.7969716146664,0.442226157086815,51.6621118138339,20.4683139046718,82.0365853658537
ITA,Italy,2011,2306974020278.21,20.6773631014391,0.346167211080488,54.4722149449288,19.7131321083587,82.1878048780488
ITA,Italy,2012,2097929495121.68,17.9698064515339,0.273513088134657,54.8844952702204,19.7044703023489,82.2390243902439
ITA,Italy,2013,2153225581941.46,17.0062223799047,0.199772918304074,54.0341846317499,19.7032469855095,82.690243902439
ITA,Italy,2014,2173255507985.84,17.0766736026264,0.0150772197985246,54.4545299332032,19.437905453041,83.090243902439
ITA,Italy,2015,1845428048839.1,17.2813174853484,-0.151143561276007,55.4356858148221,19.0193134916677,82.5439024390244
ITA,Italy,2016,1887111188176.93,17.7118639941996,-0.190090486385849,54.4321467018313,18.9253442826016,83.2439024390244
ITA,Italy,2017,1970720904584.71,18.1694222906025,-0.188100912559894,57.5829940274911,18.7448158290116,82.9463414634147
ITA,Italy,2018,2099435266458.67,18.6608716078644,0.243703643127712,59.2749835128154,18.8133907214108,83.3463414634146
ITA,Italy,2019,2019606796583.53,18.3641315277239,-0.700011055973408,58.6941902594738,18.5421071991348,83.4975609756098
ITA,Italy,2020,1907481094079.23,17.8986868297166,-0.487095091717782,53.9394839042764,20.5680570300128,82.1951219512195
ITA,Italy,2021,2179207773596.09,22.0011382315208,-0.515599998844444,60.3019776202798,19.1946040488087,82.6463414634146
ITA,Italy,2022,2104067630319.46,24.5977298322393,-0.20230086688254,72.0165023032697,18.7892572071706,82.7
ITA,Italy,2023,2316727999333.18,23.0784564391973,-0.0499178457490556,65.1071778763174,17.6651591380703,83.3512195121951
ITA,Italy,2024,2380825077243.59,22.5774286224244,-0.0534387378437725,62.8237685119526,NA,83.9512195121951
ITA,Italy,2025,NA,NA,NA,NA,NA,NA
ITA,Italy,NA,NA,NA,NA,NA,NA,NA
JPN,Japan,1960,47419238274.4619,NA,NA,NA,NA,67.6956097560976
JPN,Japan,1961,57266758179.5883,NA,0.89603367679599,NA,NA,68.3519512195122
JPN,Japan,1962,64987857541.6256,NA,0.929166208260758,NA,NA,68.6348780487805
JPN,Japan,1963,74379284603.3875,NA,1.0134602261801,NA,NA,69.7124390243902
JPN,Japan,1964,87490590817.9803,NA,1.04044962804068,NA,NA,70.2065853658537
JPN,Japan,1965,97338107605.8236,NA,1.07670845932027,NA,NA,70.2668292682927
JPN,Japan,1966,113046784179.289,NA,0.91361031403398,NA,NA,70.9158536585366
JPN,Japan,1967,132475614226.519,NA,1.03457874436927,NA,NA,71.4660975609756
JPN,Japan,1968,156897496759.128,NA,1.12699684549535,NA,NA,71.6109756097561
JPN,Japan,1969,184298841304.667,NA,1.18881486689276,NA,NA,71.8580487804878
JPN,Japan,1970,217223652719.444,42.583674392608,1.15164047221803,19.1505027658982,10.877440432821,71.919756097561
JPN,Japan,1971,245364056622.363,39.0203866095606,2.19425350665006,19.4949979621367,11.6366593014502,72.8090243902439
JPN,Japan,1972,324933841268.585,38.772457794032,1.40077918128147,17.7597079538685,11.9294364877857,73.1536585365854
JPN,Japan,1973,441460582535.921,41.5468065579362,1.40718874054303,18.8881828084114,12.1370418770721,73.2951219512195
JPN,Japan,1974,490035789970.299,40.7250392307911,1.32958201880625,26.3328277114901,13.334490095696,73.6721951219512
JPN,Japan,1975,532861438884.724,35.7701239365097,1.27270755263251,24.0754388528729,14.6810906624813,74.2470731707317
JPN,Japan,1976,598883902155.605,34.7515441571397,1.07155981022304,24.7882584527902,14.4136027397231,74.6865853658537
JPN,Japan,1977,737069290927.712,33.6696430548379,0.968032726245575,23.1271358805034,14.3730827435358,75.2558536585366
JPN,Japan,1978,1035611588216.59,33.7323605338323,0.910030976022608,19.3082416556354,14.1322416792059,75.5846341463415
JPN,Japan,1979,1077910077676.37,35.4624165908638,0.846614502915837,22.6524277208331,14.1831636058036,76.1087804878049
JPN,Japan,1980,1129377244854.04,35.1883172137636,0.788153475885542,26.6493645048206,14.3504718718161,75.9890243902439
JPN,Japan,1981,1245221410764.15,34.0106672628934,0.728460836014089,27.046831592781,14.3720738675364,76.3948780487805
JPN,Japan,1982,1158731426905.85,32.8540294442731,0.693656149424745,26.7229126893106,14.4874970981903,76.8736585365854
JPN,Japan,1983,1270859919742.9,31.4605122313141,0.695583303069267,24.5171928157615,14.5277976279808,76.9219512195122
JPN,Japan,1984,1345824500836.76,31.3228030967555,0.648316736732903,25.803500930353,14.3078536311297,77.2912195121951
JPN,Japan,1985,1427019759717.41,31.2263124667115,0.625935963624604,24.1112612306927,13.9959335513739,77.5604878048781
JPN,Japan,1986,2120083812109.91,31.1590391856606,0.532357366362317,17.7990915149376,13.9202706254351,78.0104878048781
JPN,Japan,1987,2580748422781.09,32.0584933815197,0.482035496974784,16.7887846160853,13.8581145703011,78.429512195122
JPN,Japan,1988,3125724434400.79,34.0414297836391,0.416110342195181,16.8885147524671,13.4700096288535,78.349756097561
JPN,Japan,1989,3109455047823.93,34.8603861917914,0.399761164504292,18.5415137410981,13.3367102251523,78.7685365853659
JPN,Japan,1990,3185904656663.85,35.4515796937795,0.33178288536374,19.3357137329228,13.3193263921511,78.8370731707317
JPN,Japan,1991,3648065760648.88,35.2116697180349,0.392819832481862,17.7594512543168,13.3603123526588,79.0368292682927
JPN,Japan,1992,3980702922117.66,33.5372495939791,0.371192387198527,17.018068824019,13.7426283498214,79.080243902439
JPN,Japan,1993,4536940479038.25,31.7683446786091,0.32416759914373,15.7233391305175,14.3483678224167,79.3036585365854
JPN,Japan,1994,4998797547740.97,30.6525083081156,0.279192363973672,15.8103062322757,14.7483119048313,79.6968292682927
JPN,Japan,1995,5545563663889.7,30.9336318941132,0.234590173412918,16.3901049340172,15.079728572976,79.5360975609756
JPN,Japan,1996,4923391533851.63,32.0269488823051,0.226884732460898,18.2538682255522,15.1459373245418,80.219756097561
JPN,Japan,1997,4492448605638.94,31.1103727489921,0.238271217591483,19.7835176233669,15.3019416593352,80.4241463414634
JPN,Japan,1998,4098362709531.24,29.5908237393136,0.271729610231193,19.0031862223377,15.6654067661838,80.5014634146342
JPN,Japan,1999,4635982224063.88,28.2004333138473,0.182586374140107,18.1256307166911,16.216773574862,80.4609756097561
JPN,Japan,2000,4968359075956.59,28.417439318872,0.167275578113187,19.5623715839054,16.549191407008,81.0760975609756
JPN,Japan,2001,4374711694090.87,27.7549548681953,0.240952587521069,19.5596044720071,17.2289905143177,81.4163414634146
JPN,Japan,2002,4182846045873.61,25.8988591910406,0.232527187105684,20.4471220661583,17.7749067788644,81.6907317073171
JPN,Japan,2003,4519561645253.53,25.6609651799745,0.213980948779682,21.3261252678119,17.8364695899716,81.76
JPN,Japan,2004,4893116005656.56,25.638207264098,0.0336622582725446,23.6643534228975,17.7233548337375,82.030243902439
JPN,Japan,2005,4831467035389.8,26.052325978807,0.00939209655766336,26.2299545778565,17.7438933244397,81.9551219512195
JPN,Japan,2006,4601663122649.92,26.0775543929763,0.0633735894181335,30.0163760986692,17.595075361072,82.3219512195122
JPN,Japan,2007,4579750920354.81,25.7687401593638,0.114908847726211,32.816578051879,17.6343087480996,82.5070731707317
JPN,Japan,2008,5106679115127.3,25.869579962101,0.0484253945978966,34.1294765412245,18.025030322619,82.5875609756098
JPN,Japan,2009,5289493117993.89,22.6031764761029,-0.0124946312294096,24.3901665338555,19.3337393097808,82.9314634146342
JPN,Japan,2010,5759071769013.11,22.5903041279796,0.0179605415195644,28.4984726938389,19.2025962424431,82.8426829268293
JPN,Japan,2011,6233147172341.35,23.5405686895679,-0.185226486410846,30.1949607286296,19.885399284228,82.5912195121951
JPN,Japan,2012,6272362996105.03,24.0049297197241,-0.159710675844347,30.4709109171752,19.9573325085164,83.0960975609756
JPN,Japan,2013,5212328181166.18,24.4176240405457,-0.144271883387076,33.9787686509511,19.854370134417,83.3319512195122
JPN,Japan,2014,4896994405353.29,25.0363619892408,-0.132694222147042,37.4314345686579,19.9261773555302,83.5878048780488
JPN,Japan,2015,4444930651964.18,25.1653478796719,-0.106124993746747,35.4274083544798,19.617744139153,83.7939024390244
JPN,Japan,2016,5003677627544.24,24.8355973184149,-0.0511374152133631,31.3102468455884,19.6572481017318,83.9848780487805
JPN,Japan,2017,4930837369151.42,25.2148269758242,-0.081874296046114,34.4232135721686,19.4117955495929,84.099756097561
JPN,Japan,2018,5040880939324.86,25.6417143090178,-0.126880068088791,36.609931802107,19.5636743323798,84.2109756097561
JPN,Japan,2019,5117993853016.51,25.7896961306359,-0.140464977878172,35.2164181084145,19.9451059201578,84.3563414634146
JPN,Japan,2020,5054068005376.28,25.2240172261075,-0.294194617750067,31.335208636773,20.9756766472836,84.56
JPN,Japan,2021,5039148168861.22,25.824730869587,-0.459952415807642,36.7384462280698,21.2457665716874,84.4456097560976
JPN,Japan,2022,4262463317796.53,26.7755742133001,-0.443851919148528,46.8129868368938,21.5663525457355,83.9963414634146
JPN,Japan,2023,4213167237905.83,26.1821637488649,-0.487370782049143,45.1508795641248,NA,84.0412195121951
JPN,Japan,2024,4027597523550.58,26.1778501334799,-0.435651699326323,46.4069516150859,NA,84.0363414634146
JPN,Japan,2025,NA,NA,NA,NA,NA,NA
JPN,Japan,NA,NA,NA,NA,NA,NA,NA
KEN,Kenya,1960,791265459.493816,NA,NA,64.7658510634232,10.9591495841468,48.477
KEN,Kenya,1961,792959472.816211,NA,3.73009594178482,63.8471214284396,12.0286048804568,49.33
KEN,Kenya,1962,868111400.75544,NA,3.82605158835613,62.1629631488411,11.6001194813919,50.104
KEN,Kenya,1963,926589349.36426,NA,3.88372295387027,60.9957123202273,11.4708805532615,50.758
KEN,Kenya,1964,998759334.496266,13.0642044886443,3.92703224813929,62.6016440907098,13.849176662943,51.323
KEN,Kenya,1965,997919320.832272,14.3939448355625,3.98207596273243,62.0931711821468,14.8428773408747,51.886
KEN,Kenya,1966,1164519674.19213,18.6102406094926,3.98604523872044,63.2844357676802,13.7292601912407,52.383
KEN,Kenya,1967,1232559506.9762,20.1726487960018,3.96686756505209,57.8373466606088,14.1299409359382,52.796
KEN,Kenya,1968,1353295458.68182,20.048828933212,3.9536741403055,58.6981709840271,15.2073160638914,53.302
KEN,Kenya,1969,1458379416.64823,19.3721800902371,3.92315983423203,57.6173562446002,16.4346740904291,53.734
KEN,Kenya,1970,1603447358.62106,24.3966751650194,3.84740523915883,60.4896448154228,16.2574651625747,54.143
KEN,Kenya,1971,1778391288.64348,23.9159870264823,3.62867804375875,63.828463016028,17.9802878105615,54.543
KEN,Kenya,1972,2107279157.08834,22.3173000265745,3.47737996329827,55.3149083178315,17.6322083444061,55.013
KEN,Kenya,1973,2509001324.34591,25.811225663213,3.45251320661983,56.0628486849596,16.452237276557,55.5
KEN,Kenya,1974,2969958812.01648,25.7556330724993,3.38678136919723,74.5734043556142,17.0359196756859,56.039
KEN,Kenya,1975,3259345083.26283,18.1398934570068,3.3228334998343,64.3352678198379,18.325399013955,56.62
KEN,Kenya,1976,3474542391.69992,20.2442178040726,3.24719801479584,64.206108970831,17.4601025041277,57.153
KEN,Kenya,1977,4494378764.32011,23.7233211462982,3.32017154246189,66.5519651594172,17.2052260874241,57.684
KEN,Kenya,1978,5303735110.55151,29.7892893210325,3.44214036466766,67.623540661453,19.51476535934,58.234
KEN,Kenya,1979,6234391113.46434,18.1327783022916,3.46501914434705,57.3641747489486,19.1957771865076,58.691
KEN,Kenya,1980,7265315820.20777,24.5071406229961,3.54426236090347,65.4167959407607,19.8033752623493,59.175
KEN,Kenya,1981,6854491705.88377,22.9134416924665,3.57517296207229,64.2801857585139,18.5887512899897,59.562
KEN,Kenya,1982,6431579356.95926,21.8602148394683,3.57748566435714,58.2157371476402,18.4330327782507,59.904
KEN,Kenya,1983,5979198313.76093,20.9250655214958,3.65320193175194,54.1627053907292,18.4216543832185,60.342
KEN,Kenya,1984,6191437070.18411,19.8110319511085,3.67757870524855,58.8038975780625,17.3818333396831,60.611
KEN,Kenya,1985,6135034213.78998,25.3248237306024,3.64262207395944,55.4454345531665,17.4602922679533,60.856
KEN,Kenya,1986,7239126568.14092,21.7680371734426,3.5800083750048,55.7413855927369,18.3195669682156,60.818
KEN,Kenya,1987,7970820369.2949,24.2894328729648,3.52696880389304,47.7027680056848,18.568755632614,60.721
KEN,Kenya,1988,8355380879.12955,25.4490410212095,3.52708553980729,49.9749820917703,18.4057892238787,60.32
KEN,Kenya,1989,8283114514.17081,24.8620776143297,3.50683931732563,53.156377223318,18.0566077928876,59.99
KEN,Kenya,1990,8572359038.16958,24.1640928963226,3.44045635367696,57.0209136817269,18.642430895609,58.334
KEN,Kenya,1991,8151488783.19064,20.9705148585975,3.23997624716531,55.5976992243654,16.7713456618015,57.826
KEN,Kenya,1992,8209120763.04955,16.9208390832406,3.06483168454324,52.9308701038286,15.6822725897384,57.095
KEN,Kenya,1993,5751786642.55871,17.6104350597216,2.96883713169678,72.8584813635643,14.4799654869237,56.668
KEN,Kenya,1994,7148148564.04239,19.2932429676681,2.903399231403,71.2661252293107,15.154926314268,56.101
KEN,Kenya,1995,9046320255.40507,21.8197611034428,2.83906557159965,71.7457416403035,14.8429210451121,55.856
KEN,Kenya,1996,12045865396.1323,15.0038226855311,2.75278021555245,57.3121107038102,15.1805673853703,55.575
KEN,Kenya,1997,13115764358.2846,15.1409881437805,2.73276496655617,54.0571168602893,15.5361521874874,55.478
KEN,Kenya,1998,14093998843.7334,16.6927164077638,2.75957646009425,48.8972419400753,16.2499609195116,55.568
KEN,Kenya,1999,12896010459.3711,15.5214148674685,2.88430050146184,48.1922749889095,15.7532966549933,55.866
KEN,Kenya,2000,12705350097.8044,17.4140906154511,3.01293994477925,53.3090443862273,15.0542922556179,56.084
KEN,Kenya,2001,12986007425.8781,18.790340524259,3.13629206541925,55.9468360286644,15.9729117514735,56.501
KEN,Kenya,2002,13147736898.5176,15.1382158893462,3.14626442047843,55.1726722640053,17.0779999092115,56.759
KEN,Kenya,2003,14904517649.8476,16.4821493891933,3.08528898836117,54.132265895729,18.1313185754854,57.369
KEN,Kenya,2004,16095337093.8366,16.962495556485,3.10482476419105,59.4770033484289,17.860065964127,57.947
KEN,Kenya,2005,18737895512.7378,17.6496847904784,3.07223123352542,64.4788661639796,17.3802115523848,58.51
KEN,Kenya,2006,25825512284.2891,18.633585404403,3.04704867411558,55.2364851257303,14.3469988040006,59.059
KEN,Kenya,2007,31958195182.2406,20.4569783889085,3.02220921188685,53.8947888046059,14.6296114670377,59.407
KEN,Kenya,2008,35895153327.8497,19.6127114227698,3.02964938264436,57.5785986473131,15.6739794237589,59.955
KEN,Kenya,2009,42347217912.9176,19.0191724248254,3.0211086032266,45.9451918127805,13.5545947939366,60.483
KEN,Kenya,2010,45405615063.7551,21.2639987992095,2.90158845467743,50.3942873502834,12.9529718175577,60.915
KEN,Kenya,2011,46869473150.61,21.8858122759467,2.75013743696978,58.4022059745625,12.6846420216244,61.283
KEN,Kenya,2012,56396704671.5777,22.1933629258823,2.6080744180495,51.6236920232481,12.2713774212109,61.537
KEN,Kenya,2013,61671440407.8387,22.4049681039862,2.47210752389349,47.4646425127304,11.8426259978213,61.729
KEN,Kenya,2014,68285796514.2896,24.9507189987733,2.33901192230694,46.170489362216,11.7424945888753,61.99
KEN,Kenya,2015,70120446896.8359,22.1033982020293,2.2270329432256,40.3273846919019,12.7266800758884,62.279
KEN,Kenya,2016,74815144163.8931,19.3484358309332,2.20775684612709,34.8650195731824,12.609768629814,62.526
KEN,Kenya,2017,82036510877.2599,20.6634949022773,2.17412854990493,35.9950578754074,12.3350790178839,62.725
KEN,Kenya,2018,92202979985.2863,19.3759862497025,2.03083744189606,34.4147531767425,12.3486893953272,62.825
KEN,Kenya,2019,100378436207.371,19.3418324204191,1.96381549826771,31.759461841481,12.1707972873275,62.939
KEN,Kenya,2020,100657505750.545,19.6515841707054,1.96197633664853,30.3991387830411,12.4776599686236,61.596
KEN,Kenya,2021,109703658904.994,20.3912447822361,1.90040858948898,35.0020477795269,12.1468578016243,61.225
KEN,Kenya,2022,114448978152.637,19.0540638513609,1.92297608206469,40.2753238373561,12.2133041039933,63.549
KEN,Kenya,2023,107500884685.013,16.5707504717762,1.98296028478422,41.1110904167396,11.7769650802435,63.646
KEN,Kenya,2024,120339557905.932,16.7771560971022,1.95751431565234,40.1860139968756,11.1556008150154,63.834
KEN,Kenya,2025,NA,NA,NA,NA,NA,NA
KEN,Kenya,NA,NA,NA,NA,NA,NA,NA
MYS,Malaysia,1960,1916229477.13657,11.8479372655984,NA,92.3286737129219,12.3934538015684,57.168
MYS,Malaysia,1961,1901856122.72231,13.5520439711439,2.58373842201017,90.054963929921,13.6379251116455,58.015
MYS,Malaysia,1962,2001489602.18475,16.4517708503346,2.6079933251221,89.1790435776073,13.9546270605517,58.855
MYS,Malaysia,1963,2510110348.16184,19.0265486725664,2.61448951710449,89.7058823529412,15.4867256637168,59.667
MYS,Malaysia,1964,2674423922.48842,18.761451080982,2.59611428546317,86.4297056308782,16.8315622328081,60.448
MYS,Malaysia,1965,2956337669.29525,18.3867403314917,2.54980960808065,85.3149171270718,16.9613259668508,61.144
MYS,Malaysia,1966,3143517943.82632,18.1024628494233,2.48940182057707,81.0765873428245,18.0816793099865,61.679
MYS,Malaysia,1967,3188924677.08953,16.379840196681,2.36721910470141,79.4919073960254,17.4554394591272,62.044
MYS,Malaysia,1968,3330371551.21161,16.3707699852869,2.26900009863219,82.932810201079,17.106424717999,62.443
MYS,Malaysia,1969,3664552041.34299,13.5942235692637,2.26022307765599,84.2396149046176,16.2774113032626,62.868
MYS,Malaysia,1970,3864145667.41365,17.5078197649844,2.29763080032873,86.8797024262406,18.2771155634458,63.298
MYS,Malaysia,1971,4244395955.78358,20.7487456580471,2.3751040919662,79.4905441914319,16.7502894635276,63.77
MYS,Malaysia,1972,5043347250.41815,21.5260196905767,2.40180779094825,73.3755274261603,19.2545710267229,64.232
MYS,Malaysia,1973,7662902677.9027,23.6393740319393,2.39490013420869,77.3326924104043,15.6705656144849,64.725
MYS,Malaysia,1974,9496204301.74981,28.4889316650626,2.3969225246851,96.3863855105434,15.3819231778808,65.204
MYS,Malaysia,1975,9298800799.46702,23.3790077019524,2.39071194293749,90.6457101916532,17.5711982804944,65.697
MYS,Malaysia,1976,11050234598.6249,21.8444009257611,2.3959708559326,93.1956560441517,15.3142246750935,66.233
MYS,Malaysia,1977,13139488632.5546,23.8466295609153,2.40168174769843,92.7767470624614,16.6604823747681,66.72
MYS,Malaysia,1978,16358079862.1096,26.6694821306023,2.4007519821355,92.5460592303225,16.0745394076968,67.17
MYS,Malaysia,1979,21213264962.0141,28.9139238325004,2.40198093661577,103.153541271756,13.9475271411339,67.607
MYS,Malaysia,1980,24488224677.2105,30.4213251294365,2.77631260870424,112.587228933744,16.5284760261124,68.061
MYS,Malaysia,1981,25004285791.7865,34.9868953187649,3.15264589492806,110.862131810529,18.0948744207037,68.461
MYS,Malaysia,1982,26804493635.3297,37.3136951069506,3.18472114484825,110.458633524497,18.3213789357657,68.876
MYS,Malaysia,1983,30347442110.9316,37.5702685821362,3.22310878172444,108.016296632786,15.6365339844415,69.205
MYS,Malaysia,1984,33942897422.0465,33.5600251414205,3.25801491550759,106.629792583281,14.7592708988058,69.551
MYS,Malaysia,1985,31199633352.9598,27.5809990964244,3.28738816697012,104.683103136698,15.2884987737189,69.863
MYS,Malaysia,1986,27734111399.7525,25.985417772439,3.27741127041741,106.497751208202,16.9385702712518,70.133
MYS,Malaysia,1987,32181210157.9671,23.0819510390331,3.22352401394525,111.919590553123,14.8732811247456,70.351
MYS,Malaysia,1988,35272109220.1988,26.3613727400671,3.14398721440995,122.624228645664,14.2340586770597,70.551
MYS,Malaysia,1989,38847965292.9185,29.8708580008172,3.03962219398994,136.689061416096,14.0621287999012,70.759
MYS,Malaysia,1990,44024585239.6137,32.3603261645435,2.94872577944909,146.888252533989,13.7939721702035,70.952
MYS,Malaysia,1991,49143148094.2683,37.7904739350522,2.8158546560368,159.311447263255,13.6940883928836,71.219
MYS,Malaysia,1992,59167550162.956,35.3625515987311,2.64753082839941,150.611220981935,13.0101803798728,71.483
MYS,Malaysia,1993,66894966968.9736,39.1837113952867,2.55845902443816,157.940462501597,12.631102128994,71.721
MYS,Malaysia,1994,74478356957.7808,41.2020812335965,2.54353236939425,179.904942673986,12.2648507886484,71.865
MYS,Malaysia,1995,88705342902.7113,43.6399023701753,2.54130598813685,192.113200253514,12.37318685863,71.979
MYS,Malaysia,1996,100855393910.486,41.4791985244273,2.52310298452386,181.766982485457,11.1054183153879,72.119
MYS,Malaysia,1997,100005323301.867,42.9730832697528,2.48740927032502,185.66511116237,10.7670469667666,72.296
MYS,Malaysia,1998,72167498980.8398,26.6749751979749,2.45609059309708,209.492202808189,9.76899693902409,72.385
MYS,Malaysia,1999,79148421052.6316,22.3820005053796,2.38527879909653,217.570919391949,10.9866872365044,72.428
MYS,Malaysia,2000,93789736842.1053,26.8674891484592,2.34480241175698,220.406788982074,10.1652352266127,72.732
MYS,Malaysia,2001,92783947368.4211,24.398219973396,2.40351289519482,203.364636010653,12.0392876490092,73.08
MYS,Malaysia,2002,100845526315.789,24.7773431485884,2.41855547054066,199.356232695655,12.95780675499,73.469
MYS,Malaysia,2003,110202368421.053,22.7633850643195,2.36624571909165,194.195129056831,12.9680086157285,73.727
MYS,Malaysia,2004,124749473684.211,23.0495646010531,2.31172452935085,210.374265897124,12.579949709734,74.027
MYS,Malaysia,2005,143534405818.501,22.3964178094036,2.26772984873607,203.854644595624,11.4736063637601,74.37
MYS,Malaysia,2006,162692258307.056,22.7035242231695,2.22705351047756,202.577146840398,11.1676921633288,74.697
MYS,Malaysia,2007,193549569477.733,23.4095349745995,2.17350461828888,192.465506357652,11.5668680674542,74.961
MYS,Malaysia,2008,230811614370.384,21.4583043811993,2.09531674831339,176.668324785148,11.5047879794636,75.151
MYS,Malaysia,2009,202257453036.641,17.8356949570531,1.99206021194285,162.558970452699,13.0484795688336,75.269
MYS,Malaysia,2010,255017638455.59,23.3865410976414,1.87040612656176,157.944764886771,12.581169028796,75.376
MYS,Malaysia,2011,297951668674.835,23.1882579658738,1.75128008243176,154.937684607226,13.2706614765507,75.488
MYS,Malaysia,2012,314443047642.111,25.7486213670602,1.70269513202166,147.841754766013,13.842133658412,75.552
MYS,Malaysia,2013,323276235524.415,25.9371066959614,1.70946282045073,142.720991464873,13.7154015161779,75.464
MYS,Malaysia,2014,338066095097.254,24.9776084262813,1.7147407282165,138.312231176843,13.3287480692634,75.345
MYS,Malaysia,2015,301355266964.947,25.424263277142,1.73319445645586,131.37007244526,13.0865607985559,75.288
MYS,Malaysia,2016,301256033870.334,25.9955119994004,1.76731054757933,126.8990100257,12.5648977951943,75.371
MYS,Malaysia,2017,319109094160.343,25.5473434515187,1.76466064017847,133.155173371956,12.1925918694431,75.542
MYS,Malaysia,2018,358788845712.53,23.8974199608763,1.70174731907235,130.402625502126,11.9694462955517,75.734
MYS,Malaysia,2019,365177721021.516,21.0482403944815,1.59646653343981,123.028562027943,11.653100184343,75.9
MYS,Malaysia,2020,337456163961.211,19.6580082281542,1.33363323143911,116.788182437638,12.9622736088155,76.057
MYS,Malaysia,2021,373784553029.978,22.1257083996672,1.15251304394292,134.035994690727,12.6368812579757,73.917
MYS,Malaysia,2022,407830525989.553,23.5862921622175,1.1977720012836,146.424604753908,11.6132678517006,75.444
MYS,Malaysia,2023,399949418752.657,22.8017590224926,1.23402869169549,132.593461641599,11.9697728310015,76.657
MYS,Malaysia,2024,422227005428.688,21.9538831069426,1.22058891015438,137.362571161559,11.9648833623958,76.821
MYS,Malaysia,2025,NA,NA,NA,NA,NA,NA
MYS,Malaysia,NA,NA,NA,NA,NA,NA,NA
PAK,Pakistan,1960,3749265014.69971,13.5319816287667,NA,20.3931892012994,10.2666069228184,44.101
PAK,Pakistan,1961,4118647627.04746,14.1283842349462,2.61692428891528,20.2314791209912,9.79452404017743,44.956
PAK,Pakistan,1962,4310163796.72407,15.5322777101096,2.59771591436219,21.0913520097442,10.095006090134,45.85
PAK,Pakistan,1963,4630827383.45233,18.4064937420642,2.64686832380638,23.9887538545257,10.3165245782695,46.761
PAK,Pakistan,1964,5204955900.88198,21.0118615347374,2.69792525640101,23.1259582022109,11.2240781086097,47.831
PAK,Pakistan,1965,5929231415.37169,22.7235700371879,2.73587504585891,24.0410837612892,10.897821852311,48.495
PAK,Pakistan,1966,6561108777.82444,18.87722442709,2.77605746573216,19.1940852643708,14.6748175649725,49.797
PAK,Pakistan,1967,7464510709.7858,18.9725988859506,2.82147937181904,20.4945704157992,11.345861700332,50.763
PAK,Pakistan,1968,8041999160.0168,16.0617296845624,2.84908372808406,19.1325464800501,10.5441821600167,51.624
PAK,Pakistan,1969,8683116337.67325,15.1539335896878,2.86375308045611,17.480471111756,10.5347166799681,52.316
PAK,Pakistan,1970,10027509449.811,15.7923394274465,2.87605370916423,17.9661158928609,10.1484785658939,52.943
PAK,Pakistan,1971,10665896682.0664,15.5381858990766,2.75587700704686,18.202043669154,10.3758539898801,49.002
PAK,Pakistan,1972,9415016359.56604,14.0160591151025,2.76710611631107,15.8213377718435,11.8486272931794,53.824
PAK,Pakistan,1973,6383429490.21091,12.8118888164523,2.91192871794029,28.9797309310733,11.444319326735,54.09
PAK,Pakistan,1974,8899191919.19192,13.1824476175342,2.94062916480139,30.8301741163651,9.69217497900161,54.266
PAK,Pakistan,1975,11230606060.6061,16.385598517759,2.98931944120814,32.3880449349271,10.7480460142288,54.722
PAK,Pakistan,1976,13168080808.0808,17.4664784756528,3.06099476757709,28.9458746279648,11.0022705654935,55.069
PAK,Pakistan,1977,15126060606.0606,18.3114298688463,3.13596391872731,27.200363276972,11.1614178486524,55.482
PAK,Pakistan,1978,17811515151.5152,16.9904839679245,3.20320937214696,27.9180418977622,10.8407907720576,56.072
PAK,Pakistan,1979,19688383838.3838,17.1125875381577,3.46407267837998,32.8645819972809,10.4348049149629,56.614
PAK,Pakistan,1980,23654444444.4444,17.6685356073773,4.08514964566703,35.8968993803885,10.0500044837496,57.199
PAK,Pakistan,1981,28100606060.6061,18.7662655106472,4.17810201190455,35.1680110425743,10.1640569957871,57.764
PAK,Pakistan,1982,30725971563.981,19.26431164953,3.75957440174228,31.3222832005281,10.3412214376278,58.291
PAK,Pakistan,1983,28691889763.7795,18.7882663212464,3.46220072057645,34.6919621171996,11.4180802278896,58.663
PAK,Pakistan,1984,31151825467.4978,18.2707562136436,3.13509160725294,33.3626328602532,12.0868885808071,58.921
PAK,Pakistan,1985,31144920844.3272,18.3254722475787,3.1692834201536,33.1707461712947,12.09894166559,59.075
PAK,Pakistan,1986,31899070055.7967,18.7636531838642,3.38057189066263,32.4067307767058,12.7614997706654,59.167
PAK,Pakistan,1987,33351529274.6869,19.1343263246337,3.40943919604165,32.8971019024279,13.5344702600445,59.222
PAK,Pakistan,1988,38472742808.3167,18.0142110694726,3.36148582370259,33.2842258313357,15.5101726560545,59.36
PAK,Pakistan,1989,40171106279.0078,18.9114576905339,3.26806216038551,34.4216591208777,16.7849092881409,59.528
PAK,Pakistan,1990,40010423970.4576,18.9353730330174,3.34304854189447,35.034575900498,15.1367556017165,59.728
PAK,Pakistan,1991,45625336680.2047,18.8964334705075,3.30645345087216,35.4196551048403,14.2636684303351,59.864
PAK,Pakistan,1992,48884671947.4657,20.1334835745861,2.86254207102062,37.6945397210631,12.8420774567953,59.983
PAK,Pakistan,1993,51809999353.1614,20.6850030820741,2.7725055318492,38.4993168752315,13.0199928594269,60.083
PAK,Pakistan,1994,52293470813.1336,19.3974052458304,2.89269657804833,35.0577237131595,12.0210006121682,60.197
PAK,Pakistan,1995,60636071684.1918,18.5455233391321,2.89031173222832,36.132753673519,11.7435241130122,60.273
PAK,Pakistan,1996,63320170084.4076,18.9966573482447,2.9106898704011,38.3301268339895,12.645100187579,60.466
PAK,Pakistan,1997,62433340468.0228,17.9191965447603,2.82827034753681,36.8522661008964,11.8935705131795,60.623
PAK,Pakistan,1998,62191955814.3478,17.7111996462578,2.76128567260809,34.011725180531,11.2641056207369,61.134
PAK,Pakistan,1999,62973857068.5113,15.5649424393518,2.7219371038823,32.3199628094266,10.360099905424,61.54
PAK,Pakistan,2000,99484802344.5277,16.3106779166157,2.82475983542412,21.4599638884654,9.91602763379154,61.903
PAK,Pakistan,2001,97145618479.9038,15.9969087412847,2.79615830892104,23.5772074298467,8.65570044637045,62.241
PAK,Pakistan,2002,97923302809.3537,14.9624104299322,2.45080308981688,23.1290159545291,9.6285731910627,62.556
PAK,Pakistan,2003,112371913740.823,15.3148655927028,2.35391613887513,24.6501585248398,9.73121740773071,62.834
PAK,Pakistan,2004,132216048339.413,15.6507707143799,2.4680911760913,24.8083348519064,9.68678523455496,63.097
PAK,Pakistan,2005,145208562960.767,16.2664437881869,2.40377350441569,29.8784940550747,9.16095768410766,62.416
PAK,Pakistan,2006,161871385506.36,18.2822141634905,2.3820052866049,33.0497193672284,11.5685911640004,63.624
PAK,Pakistan,2007,184140869997.46,17.535936222635,2.6420312522935,30.7878814312746,10.4024928682474,63.807
PAK,Pakistan,2008,202203748583.854,17.996422608907,2.67715693120755,34.3489608135242,10.5820952940762,64.002
PAK,Pakistan,2009,187337783856.466,17.5777374307953,2.5412831091032,33.3268872863988,11.5288210154985,64.206
PAK,Pakistan,2010,196709621849.586,15.9615524272363,2.47081701538021,31.9890020462315,10.9187548907222,64.378
PAK,Pakistan,2011,230586581059.665,14.6316275197265,2.23690940334662,32.3626382751438,10.2265876334272,64.659
PAK,Pakistan,2012,250106966104.704,15.1689869381562,1.90619981284679,31.3189732760076,10.0992931187824,64.883
PAK,Pakistan,2013,258657231672.412,14.9823804459246,1.62722414834854,30.8902743401844,10.2598043429356,65.129
PAK,Pakistan,2014,271390474857.632,14.9075542099107,1.50032405388564,29.4698256903998,10.0273769948874,65.374
PAK,Pakistan,2015,299963590534.773,15.8109305453177,1.40250113589189,26.6881860172247,9.78896217919677,65.641
PAK,Pakistan,2016,313630000130.435,15.9357468463989,1.30216393815952,24.7015780480573,10.6089550735279,65.943
PAK,Pakistan,2017,339205534861.1,16.3328910849517,1.41409990353131,25.472035002344,10.7537396159781,66.223
PAK,Pakistan,2018,356128166704.921,17.0682908414203,1.62371483290292,27.6260570796337,10.9936267499128,66.481
PAK,Pakistan,2019,320909472770.669,15.4996449690024,1.69187124669657,28.9055769867032,10.7497525398245,66.729
PAK,Pakistan,2020,300425609817.981,14.8155399944077,1.80375141301202,26.7162807328814,11.7888005549132,65.701
PAK,Pakistan,2021,348516647445.148,14.5346921503021,1.8867779716011,27.0304204125548,10.9295676776143,65.773
PAK,Pakistan,2022,374890295666.694,15.5605425943116,1.74799739792983,33.031353478032,10.4918852190112,67.417
PAK,Pakistan,2023,336686348609.266,13.9681470393061,1.54880458608849,28.4676925469837,10.3442770582193,67.649
PAK,Pakistan,2024,371570000121.266,13.1665315730663,1.50959876314033,27.5784683520695,8.86584603855631,67.799
PAK,Pakistan,2025,NA,NA,NA,NA,NA,NA
PAK,Pakistan,NA,NA,NA,NA,NA,NA,NA
PER,Peru,1960,2571986572.12719,46.2394167783707,NA,40.481307519072,7.623460023847,50.597
PER,Peru,1961,2897852693.27494,45.2451566144729,2.91552788607425,43.0081880467796,8.563691227928,51.192
PER,Peru,1962,3284322201.27831,45.2358934985738,2.91170953188299,41.9262285099283,8.61309673905775,51.532
PER,Peru,1963,3598272493.3109,40.830645291199,2.9013886238878,40.02640036037,8.95612220878794,52.597
PER,Peru,1964,4353664866.67985,38.2615553054347,2.89303697300122,37.3122161348033,9.80227080530605,53.302
PER,Peru,1965,5163008077.37371,38.0440791589494,2.87316408489562,34.6636826770649,10.1103562259132,53.871
PER,Peru,1966,6109048736.61853,39.7750006017879,2.85164368215185,34.7276170845867,10.0705126855425,54.4
PER,Peru,1967,6194340079.8786,38.8411600664676,2.83127203880249,35.5979163539654,9.92696424604416,54.893
PER,Peru,1968,5736083835.29034,28.7435590919584,2.81317180743938,36.9837839204578,9.7303240463335,55.384
PER,Peru,1969,6420909789.83,27.7796470002412,2.79389280597849,34.2867623821047,9.37666442091951,55.816
PER,Peru,1970,7432223176.93623,17.1313142760216,2.50853074131782,32.9936758795719,11.8903984572682,47.728
PER,Peru,1971,8289582883.67673,19.7833040954229,2.46419619287587,28.6149997879165,12.0945043159232,56.493
PER,Peru,1972,9189413409.28138,16.7925884871679,2.65330140780541,28.146861360849,12.7941854608277,56.989
PER,Peru,1973,10994381895.1161,22.4945051561719,2.58910595982888,28.6729886582217,12.5739578067439,57.333
PER,Peru,1974,13858441211.4692,28.5784770990566,2.53021182166389,35.4634343281208,11.1873158985311,57.769
PER,Peru,1975,16931162355.4802,27.2740316502467,2.49203162088518,31.9224798968511,12.025892379037,58.205
PER,Peru,1976,16131958850.6444,24.2356400457222,2.46609956670875,31.4188767856073,11.8627940384468,58.57
PER,Peru,1977,14544913960.5062,21.2394084517205,2.46973783326123,37.593827695349,13.70401429264,58.895
PER,Peru,1978,12491876742.9708,21.4154873654791,2.49050254044295,39.7109149432931,10.8648325674039,59.261
PER,Peru,1979,15954012439.1662,23.9663685110368,2.49394091615229,45.5871354282311,8.38733301614957,59.624
PER,Peru,1980,18136838537.725,30.3400891347278,2.49507841641763,47.6433980529002,13.3615299026563,59.982
PER,Peru,1981,21648214892.8828,34.7717875464152,2.49079465762394,41.2800498631186,13.1256120391474,60.325
PER,Peru,1982,21794535621.216,35.0990316868866,2.48421250164339,41.0704539418038,13.8129329400685,60.559
PER,Peru,1983,17345260564.4824,26.5259065004688,2.48685840526671,43.2368001967268,13.4517636112299,60.764
PER,Peru,1984,17600400384.5073,23.4446143317988,2.47505069098403,39.1900613100916,11.7997926413524,61.066
PER,Peru,1985,15078736875.387,20.9248952063703,2.43933984551116,44.8787094814746,11.7228852406873,61.71
PER,Peru,1986,21859448586.485,22.4177275843622,2.35853586036006,34.516331615351604,12.4309304720086,62.154
PER,Peru,1987,36889706592.6843,22.5034395344002,2.28611616082833,27.3509083778214,12.2047640228817,62.544
PER,Peru,1988,15439408447.2,26.4317804192821,2.2691453247117,33.2217909613643,8.5077600860946,62.995
PER,Peru,1989,22499558526.3682,23.1737672132763,2.24436468535525,22.5367606006625,8.58435859444137,63.405
PER,Peru,1990,26410386962.8019,16.1644055092045,2.21460821954372,29.469676899683,7.27374848190843,63.979
PER,Peru,1991,34341465998.2003,17.3980924261389,2.10803008186069,26.659254111884,7.61217251643866,64.248
PER,Peru,1992,35966302303.263,17.784731115296,2.0364508690957,27.9772921552067,7.85955799014648,65.031
PER,Peru,1993,34832077220.8537,19.0714045693532,2.01664193906499,28.7665865706199,7.98563822184906,65.732
PER,Peru,1994,44882079766.8913,22.2471317420546,1.977894145288,28.9229957698901,8.79700544740766,66.544
PER,Peru,1995,53312793687.3836,24.7391134430373,1.93836467845591,30.9272178475508,9.87834994969359,67.22
PER,Peru,1996,55252414130.3019,22.5867586979927,1.88065410074516,31.6542040912644,10.3594236243234,67.85
PER,Peru,1997,58147522522.5225,23.7894193215196,1.84880202733493,33.4695458506827,10.2385332945999,68.324
PER,Peru,1998,55501467877.381,23.2049499956946,1.81901745317137,32.9530217853936,10.9812652995953,68.724
PER,Peru,1999,50187324567.883,20.6612543344774,1.72719734410339,33.2057765558493,11.5489906334077,69.302
PER,Peru,2000,51744749133.213,19.6279847605546,1.56043059120612,35.5380321623178,11.4506268550924,69.821
PER,Peru,2001,52030158775.4055,18.1595051690983,1.3676462262452,35.0644014310212,11.7171706103755,70.315
PER,Peru,2002,54777553515.0809,17.9681458916088,1.19300655774598,35.2491813317695,11.165025870435,70.815
PER,Peru,2003,58731030121.8671,17.5102893749052,1.06536414066423,37.6246103251002,11.518716629881,71.278
PER,Peru,2004,66768703497.5687,16.8556825410753,0.980296012446146,41.9360782679273,11.2562792024042,71.447
PER,Peru,2005,76060606060.6061,17.2838176822241,0.889996951132914,47.3573174768394,11.444512241325,71.988
PER,Peru,2006,88643193061.748,19.6506023681318,0.791526842084803,51.7850560338442,10.9166950883829,72.337
PER,Peru,2007,102170981144.136,22.0323873215866,0.725382868960412,55.6881132836815,10.455030294689,72.746
PER,Peru,2008,120550599815.441,26.178345935433,0.657968680657885,58.4337673899053,10.3708617908307,72.743
PER,Peru,2009,120822986521.479,19.9786779797935,0.617089075143821,48.1119296153519,11.466355995307,72.631
PER,Peru,2010,147527631520.729,23.7605090406542,0.652636898148331,51.6728089370033,10.5258359246036,72.886
PER,Peru,2011,171761737046.585,24.200875596397,0.746934823460309,55.9882802838607,10.3623514688753,73.327
PER,Peru,2012,192650021648.583,24.6060563122502,0.83691693370644,52.6198952632294,10.8712123448481,73.979
PER,Peru,2013,201175543571.392,25.5741818690255,0.901339196033327,49.7871424471444,11.5009309068431,74.591
PER,Peru,2014,200786250582.943,24.6661205071214,0.994129278893009,46.8531210912899,12.4020903759554,75.26
PER,Peru,2015,189802976285.619,24.3051143583227,1.12847381931302,45.1627686891148,12.9655733799238,75.732
PER,Peru,2016,191898104390.379,22.0213133889585,1.33357065112944,45.3888411964154,13.1636888035228,75.951
PER,Peru,2017,211007984080.911,20.7118137063238,1.47336535107465,47.5135503619971,13.2122751962604,75.958
PER,Peru,2018,222597009739.235,21.3111751422932,1.81253577188754,48.631470171736,13.0774424949562,76.018
PER,Peru,2019,228346006003.648,20.8336395514866,1.71486934751345,46.9435053754409,13.2443725852511,76.275
PER,Peru,2020,201409694755.934,18.1912588877919,1.19250495254373,44.245967197744,15.8181030380089,73.832
PER,Peru,2021,226328766459.634,22.3148400113403,0.961612354333265,55.427249365522,13.7498135562536,71.596
PER,Peru,2022,246065570308.155,22.3663937709414,0.959183909355287,57.2969759649721,13.3949556323686,76.834
PER,Peru,2023,266958720837.988,19.1844089781649,1.09975320783678,50.7851842068664,13.5642010031547,77.74
PER,Peru,2024,289221969062.941,19.4197023486874,1.0937871324756,51.4758878672647,13.411797315364,77.941
PER,Peru,2025,NA,NA,NA,NA,NA,NA
PER,Peru,NA,NA,NA,NA,NA,NA,NA
SWE,Sweden,1960,15930075466.8898,32.8293715875043,NA,42.261043818812,14.9733451047734,73.0056097560976
SWE,Sweden,1961,17329620584.6147,32.3147915752019,0.471081377263699,40.0738690135387,14.9416090519988,73.4743902439024
SWE,Sweden,1962,18794066990.0612,32.0579409192582,0.55153490392046,39.4023016023198,15.792441332719,73.3504878048781
SWE,Sweden,1963,20342131881.5074,31.9553506423007,0.563633784442054,39.5536654968845,16.2926154665631,73.5553658536585
SWE,Sweden,1964,22685490195.3119,34.3487358654131,0.747117164606475,40.2302966522402,16.2014657044864,73.7331707317073
SWE,Sweden,1965,24963947414.6983,35.059324514251,0.941845548835765,40.4013385208758,16.7271684995106,73.8617073170732
SWE,Sweden,1966,27154716721.2854,33.5752330971401,0.951566377508855,39.4599471105089,17.7987450135629,74.0785365853659
SWE,Sweden,1967,29474881505.9928,32.511505330583,0.767228099090544,38.3148357084202,18.3939158454582,74.1224390243903
SWE,Sweden,1968,31277871668.8452,31.4962993288986,0.561996748688562,39.2672336932166,19.365657492587,73.9729268292683
SWE,Sweden,1969,33967301561.0634,31.7753906756732,0.702745811085643,41.7599252182972,19.5605697425806,74.0848780487805
SWE,Sweden,1970,38037226668.2131,32.9097586232617,0.933484921810651,44.3607461895623,20.2664637186319,74.6492682926829
SWE,Sweden,1971,41506151114.9262,29.8496341214303,0.688095590706231,43.2420809190305,21.2409084982551,74.6239024390244
SWE,Sweden,1972,48883173399.9664,28.7887647498418,0.295500378583874,42.6585435708081,21.4643556965819,74.7180487804878
SWE,Sweden,1973,59318842992.2378,27.7983255536546,0.172364079652845,47.3810661084945,21.4274530858366,74.8673170731707
SWE,Sweden,1974,65917634590.2599,30.5458579052473,0.290164816134143,59.3065344355706,21.924902513371,74.9804878048781
SWE,Sweden,1975,82765232647.753,31.0614033234846,0.3972757346008,51.4061451577882,22.484817520466,74.9846341463415
SWE,Sweden,1976,89232517045.8459,30.1708104790836,0.363686099368844,51.8280659408503,23.4960599663194,74.9692682926829
SWE,Sweden,1977,94331782622.2778,26.5019926313895,0.355157699857837,51.3490573127088,25.9653755442866,75.379756097561
SWE,Sweden,1978,104290933495.629,23.1089621963319,0.291145575708214,50.437703442462,26.3780041542142,75.4690243902439
SWE,Sweden,1979,123207527699.377,25.8327122463555,0.21822324745441,56.2326127452152,26.7214576853438,75.5241463414634
SWE,Sweden,1980,141886067003.972,27.1652053601716,0.202996791804766,55.953841492404,27.2493415160501,75.7409756097561
SWE,Sweden,1981,129498921475.688,23.5795700754315,0.119920399357645,55.8238360049681,27.557446316177,76.0260975609756
SWE,Sweden,1982,114214731798.937,23.1460155230378,0.0571917222643352,60.7438881598141,27.4021216355234,76.3273170731707
SWE,Sweden,1983,104862109663.367,22.9791731255347,0.0452736046530332,64.3946709467025,26.7826662513256,76.5517073170732
SWE,Sweden,1984,109043045407.287,23.959161711365,0.0908696147250346,64.2765609460771,25.8777213892952,76.8158536585366
SWE,Sweden,1985,113958084357.094,26.2819934835405,0.165170618633822,64.0894777838294,25.5697132963405,76.6678048780488
SWE,Sweden,1986,150279869728.789,24.5191809378664,0.23256888459452,58.3300241427248,25.267297615522,76.9312195121951
SWE,Sweden,1987,182744315973.756,25.7073386013059,0.333678891427395,58.7705267884249,24.5353535800843,77.0921951219512
SWE,Sweden,1988,206686590775.558,26.9402213119942,0.459598369773659,58.4388803652281,23.8824928840447,76.9792682926829
SWE,Sweden,1989,217632340194.512,29.6800692338888,0.66718292068369,59.1255769216923,24.1516990037533,77.7268292682927
SWE,Sweden,1990,261466577008.853,29.1105249361854,0.772602675661167,55.9055187749585,25.1987144508567,77.5368292682927
SWE,Sweden,1991,273831464572.137,24.6555310368538,0.681643117607529,51.1702274975964,26.0243525185501,77.6668292682927
SWE,Sweden,1992,283908914454.48,22.6710211839454,0.586529928761034,50.8524074665653,27.0915497745408,77.9987804878049
SWE,Sweden,1993,212644602615.823,18.7234834432765,0.580838814302139,58.2335910018621,27.4162617561015,78.0604878048781
SWE,Sweden,1994,228699066874.028,20.0212847705087,0.710705461619655,63.9497416473143,26.4292134041919,78.650243902439
SWE,Sweden,1995,267050453506.792,20.458951437596,0.524703941553734,68.6810841853675,25.5060103908184,78.7404878048781
SWE,Sweden,1996,291949597375.485,20.1959941036278,0.159147080582875,66.506522070023,25.8175700040964,78.9590243902439
SWE,Sweden,1997,268249616890.856,19.9815532657995,0.0572622034229794,71.9948985844646,25.3019566330853,79.1975609756098
SWE,Sweden,1998,270887306758.576,21.1029627211546,0.0555121222123307,74.3347541033848,25.3662480201084,79.3390243902439
SWE,Sweden,1999,274318357862.122,21.2259014669133,0.0779271508703018,74.8479171666973,25.3727286845783,79.4414634146342
SWE,Sweden,2000,262903560280.282,22.2311755975548,0.160575484575313,81.4721590850121,24.5255368392648,79.6439024390244
SWE,Sweden,2001,242497797484.776,22.3039192201803,0.268470527954234,80.5691828117714,24.7267628665785,79.7951219512195
SWE,Sweden,2002,267371907446.776,21.60471563059,0.325438067703728,77.0853186972402,25.4018261314798,79.8463414634146
SWE,Sweden,2003,334072443515.576,21.245941934027,0.372092942799084,75.3282174864238,25.7330801322272,80.0951219512195
SWE,Sweden,2004,384545442175.019,21.1628436942009,0.393298991357658,78.7358819187356,25.0585813234744,80.4975609756098
SWE,Sweden,2005,391688455928.597,21.277313898577,0.399942762807279,84.167923018031,24.9303156303092,80.5463414634146
SWE,Sweden,2006,422528394459.353,22.4549230007772,0.562483906481893,88.3302608918239,24.6622051843481,80.7487804878049
SWE,Sweden,2007,490047789548.441,24.0781550268935,0.741552514625445,89.5469236610223,24.2059275965503,80.9
SWE,Sweden,2008,514614100832.941,23.9610681178216,0.779033290770134,92.8083687095596,24.7855683275877,81.1
SWE,Sweden,2009,434311714442.499,20.4603001983975,0.851904412936677,81.958313967393,26.1322419215826,81.3512195121951
SWE,Sweden,2010,492750897239.447,22.4219023210946,0.852524628765313,85.0914849272733,25.1879057776486,81.4512195121951
SWE,Sweden,2011,570538581144.45,23.2373150954555,0.755150133665177,86.3907448060188,25.0926024146402,81.8024390243903
SWE,Sweden,2012,549739674655.127,21.9937736525354,0.739763272434863,85.2980605424359,25.8787030187985,81.7048780487805
SWE,Sweden,2013,584125353119.18,21.899375975039,0.847348652246305,81.6402521329964,26.3184051620825,81.9560975609756
SWE,Sweden,2014,577727767303.596,22.8644895912017,0.992219728591882,83.8229810483527,26.2755994072154,82.2536585365854
SWE,Sweden,2015,501602351911.6,23.7906694877918,1.05745468551674,84.1730765958171,25.8977209771077,82.2048780487805
SWE,Sweden,2016,513058312950.939,24.3491111935187,1.25645398510305,83.4519478574149,26.4988102124362,82.3073170731707
SWE,Sweden,2017,535172356784.769,25.0919649215298,1.34744505956262,86.0693088740521,26.3066887513623,82.409756097561
SWE,Sweden,2018,549649344043.182,25.3360254860097,1.16164515996039,90.4087142361701,26.3346572936666,82.5585365853659
SWE,Sweden,2019,530894124494.418,24.4772455073125,1.01372226345511,92.7511390290561,25.8980495807728,83.109756097561
SWE,Sweden,2020,544265668451.678,24.4207542408468,0.722703912882934,84.4745958141618,26.5741578401929,82.3560975609756
SWE,Sweden,2021,631693331300.776,25.2716067156906,0.600591532839468,91.110237441304207,25.9763998405245,83.0560975609756
SWE,Sweden,2022,575071237640.921,26.9218066455024,0.68058286829853,107.111751826512,25.5364171916894,83.0585365853659
SWE,Sweden,2023,578990915246.07,25.2626527566229,0.472717863265105,107.619709443974,26.3170240463134,83.309756097561
SWE,Sweden,2024,603715224265.798,25.3566898119593,0.313432129983607,105.883091480464,NA,84.0634146341463
SWE,Sweden,2025,NA,NA,NA,NA,NA,NA
SWE,Sweden,NA,NA,NA,NA,NA,NA,NA
THA,Thailand,1960,2760750860.62197,14.463657681387,NA,33.5598583586213,9.13512169945249,50.608
THA,Thailand,1961,3034037810.96795,13.9594715986748,2.93069234462544,34.4455713581831,8.80547003185833,51.065
THA,Thailand,1962,3308912796.93487,16.9879622925769,2.96007952695934,33.3361802438981,9.08958023322682,51.444
THA,Thailand,1963,3540403456.55305,19.8246416879074,2.97923079566546,33.5093396300662,9.38890691156436,51.988
THA,Thailand,1964,3889129942.30769,18.5279724196964,2.98747192809308,36.1300406932523,9.24420721607216,52.539
THA,Thailand,1965,4388937649.03846,18.6351386323248,2.98873309292341,34.9162381792472,9.12915855641871,53.131
THA,Thailand,1966,5279230817.30769,21.7725482499222,2.96290498317245,35.5602502954225,8.4584000395381,53.729
THA,Thailand,1967,5638461442.30769,21.9005801824792,2.9230380018249,38.3731248017245,8.8335608600539,54.316
THA,Thailand,1968,6081009427.88461,23.2715348915602,2.87834251515722,37.6202723383726,10.0691784738886,54.977
THA,Thailand,1969,6695336567.30769,24.3259156086286,2.81628791708856,36.1223008144778,10.0945692247277,55.705
THA,Thailand,1970,7086538437.5,25.5976934382554,2.76529963229465,34.4023067652724,11.2469471209191,56.47
THA,Thailand,1971,7375000024.03846,24.2086048754609,2.69725445467986,34.8018251799158,11.5228161293259,57.1
THA,Thailand,1972,8177873151.04224,21.6766609534371,2.66216999485487,37.3733101033821,10.9182834461715,57.746
THA,Thailand,1973,10838587357.7466,26.9959481723846,2.63760183827926,38.6492576656576,9.74110775392011,58.323
THA,Thailand,1974,13702998512.4492,26.6350280713694,2.54790807795309,45.5447697785706,9.34276483885793,59.031
THA,Thailand,1975,14882770593.9796,26.7504134208903,2.44066673122309,41.3379512150811,10.316518795322,59.713
THA,Thailand,1976,16985208648.2112,23.985280976874,2.30946843297936,42.940259009098,10.9694081826277,60.371
THA,Thailand,1977,19779312261.3155,26.8847578712585,2.23626183565551,45.3360586481119,10.6376701890489,60.906
THA,Thailand,1978,24006566636.6855,28.1638665867808,2.18170911561353,43.9989747661043,11.1804585581126,61.266
THA,Thailand,1979,27371650824.5092,27.2052252102184,2.10037141390493,51.8679561735627,11.9516911120827,61.696
THA,Thailand,1980,32353514988.7287,29.1419241331751,2.06182786239566,54.479065609659,12.2921076760429,62.186
THA,Thailand,1981,34846039193.6131,29.6753095180367,2.0078184838506,53.9686664567334,12.7581025820836,62.856
THA,Thailand,1982,36589772403.7566,26.5165420099713,1.95332622947543,47.5483288224509,13.0906673998454,63.603
THA,Thailand,1983,40042798388.4951,29.975276320559,1.93657526021608,47.3844960424744,12.8749636513441,64.5
THA,Thailand,1984,41797647775.6238,29.4731136833054,1.89910865056655,48.0692654183176,13.1670830492867,65.55
THA,Thailand,1985,38900711332.5373,28.2445805413169,1.84510814954302,49.1552284474048,13.5279694129657,66.543
THA,Thailand,1986,43096773980.8569,25.8723109118161,1.78830519117593,49.1708546817786,12.7549303450319,67.308
THA,Thailand,1987,50535446554.8769,27.8747119905774,1.73612916326133,57.2279844893387,11.3256811788169,67.833
THA,Thailand,1988,61667253471.3736,32.5908899192024,1.70502694404775,67.4134705068906,10.0467751984605,68.194
THA,Thailand,1989,72250748099.9762,35.0661167116578,1.64649465378947,72.4069335208579,9.52066541619023,68.557
THA,Thailand,1990,85343190719.0107,41.3537625860488,1.63811607952745,75.7823643645399,9.40461513137137,68.924
THA,Thailand,1991,98234714971.0612,42.8413775479448,1.62920710678797,78.4711349774175,9.22060819677098,69.132
THA,Thailand,1992,111452746517.655,39.9639476511796,1.58945961673195,77.9546456926093,9.89796925226476,69.353
THA,Thailand,1993,128889262951.157,39.6561466385326,1.54362711687309,77.7461171174097,11.0012606383598,69.568
THA,Thailand,1994,146683778959.101,40.9077848466695,1.47432944245539,81.2489529938277,11.0522649217016,69.661
THA,Thailand,1995,169278916592.843,42.8626944049408,1.42705987153545,89.7561749368245,11.2506028289929,69.757
THA,Thailand,1996,183035237429.281,42.5326887141045,1.38103987322343,84.2741479979753,11.584261126839,69.94
THA,Thailand,1997,150180456565.728,34.2747292641036,1.33372170098054,95.0517906464755,12.0838331235099,70.362
THA,Thailand,1998,113675596787.738,20.0714955249893,1.30564502997303,100.240473732828,13.0644916690294,70.703
THA,Thailand,1999,126669211778.94,20.1734050464464,1.25409899110086,100.706288704433,13.5690524039913,70.979
THA,Thailand,2000,126392224253.794,22.2826056940878,1.13127017975852,121.297955351472,13.575965221645,71.205
THA,Thailand,2001,120296476180.402,23.1124372100211,1.01584846841136,120.267966273533,13.4744970113195,71.52
THA,Thailand,2002,134300904400.022,22.7441937694577,0.962026884907362,114.969743021067,13.1723845314163,71.775
THA,Thailand,2003,152280615245.887,23.829298673817,0.931947504633534,116.692819704865,12.9255475002545,72.101
THA,Thailand,2004,172895685154.658,25.6814147024811,0.896077275303913,127.411873720393,13.1136902414944,72.1
THA,Thailand,2005,189318408468.595,30.4207508630674,0.860087894461849,137.853866832247,13.6536233728387,72.894
THA,Thailand,2006,221758296021.621,27.0116433930542,0.83006330336846,134.086946191268,13.5022624455935,73.341
THA,Thailand,2007,262942621455.053,25.4960142904031,0.800044180541195,129.873226989717,13.9259484673327,73.779
THA,Thailand,2008,291382982430.951,28.2264349517752,0.768156179389423,140.437011540931,14.3419509919152,74.221
THA,Thailand,2009,281710630187.319,20.6363983767118,0.73854268159594,119.269418854589,15.9800519057133,74.669
THA,Thailand,2010,341104766329.17,25.3566546340746,0.670617338343587,127.250522638251,15.8008150334771,75.012
THA,Thailand,2011,370818739623.622,26.7914582468449,0.621807948253872,139.675407224576,16.1417809611223,75.302
THA,Thailand,2012,397558325278.579,28.0241657146011,0.619591346751357,137.67493851024,16.3529827045331,75.59
THA,Thailand,2013,420333654592.547,27.4571011829666,0.587325698680648,132.462274174269,16.3634854486488,75.96
THA,Thailand,2014,407339040197.651,23.9190195478501,0.530129864137193,130.905495444398,16.9163611055347,76.279
THA,Thailand,2015,401296238228.084,22.3556406383245,0.460976294059414,124.839662152526,17.1211512659094,76.563
THA,Thailand,2016,413366349747.508,21.1054892015174,0.451266062797186,120.57522728913,16.8651827576018,76.769
THA,Thailand,2017,456356813536.764,22.9342956887695,0.422963510133952,120.891427433638,16.2984037874409,76.989
THA,Thailand,2018,506754208404.485,25.2195901594439,0.302929452489855,120.841864730984,16.1739664282364,77.19
THA,Thailand,2019,543976691793.886,23.8147525746375,0.204609851692418,109.689514715166,16.1693520358071,77.197
THA,Thailand,2020,500461898480.246,23.7553851722696,0.166540794566251,97.8007432465178,17.7948874074302,77.331
THA,Thailand,2021,506194668789.937,28.6690364408067,0.119758274714782,117.252944620852,18.2351747744466,77.606
THA,Thailand,2022,495644697587.661,27.8584292539583,0.0111485454856964,132.858712082871,17.7190156034668,75.291
THA,Thailand,2023,515906283940.933,22.4605099910508,-0.0458651887192549,128.824114152375,16.6164810176384,76.412
THA,Thailand,2024,526517658841.684,21.5809288126556,-0.0480210554154485,136.747107022451,16.6876494773007,76.564
THA,Thailand,2025,NA,NA,NA,NA,NA,NA
THA,Thailand,NA,NA,NA,NA,NA,NA,NA
USA,United States,1960,541988586206.897,NA,NA,NA,NA,69.7707317073171
USA,United States,1961,561940310344.828,NA,1.65773003738953,NA,NA,70.2707317073171
USA,United States,1962,603639413793.103,NA,1.53799735825387,NA,NA,70.119512195122
USA,United States,1963,637058551724.138,NA,1.43916476170683,NA,NA,69.9170731707317
USA,United States,1964,684144620689.655,NA,1.38904605518369,NA,NA,70.1658536585366
USA,United States,1965,741904862068.965,NA,1.25017164562845,NA,NA,70.2146341463415
USA,United States,1966,813032758620.69,NA,1.1548931907552,NA,NA,70.2121951219512
USA,United States,1967,859620034482.759,NA,1.08888120728762,NA,NA,70.5609756097561
USA,United States,1968,940225000000,NA,0.998461043585335,NA,NA,69.9512195121951
USA,United States,1969,1017438172413.79,NA,0.977242811872469,NA,NA,70.5073170731708
USA,United States,1970,1073303000000,21.4147356338331,1.16500266687286,10.7582854049602,17.9618430210295,70.8073170731707
USA,United States,1971,1164850000000,21.9198180023179,1.26433369185094,10.7571790359274,17.9387904021977,71.1073170731707
USA,United States,1972,1279110000000,22.580622464057,1.07052275237269,11.3406196496001,17.6292891150878,71.1560975609756
USA,United States,1973,1425376000000,23.3318085894529,0.954476728552297,13.0792155894304,16.7762751723054,71.3560975609756
USA,United States,1974,1545243000000,22.6949418311554,0.913660196067714,16.4449863225396,17.1626727964469,71.9560975609756
USA,United States,1975,1684904000000,20.2774757493602,0.985986067347125,15.5163736331565,17.6107956298994,72.6048780487805
USA,United States,1976,1873412000000,22.038398387541,0.950220048994522,16.0488456356637,16.7879782984202,72.8560975609756
USA,United States,1977,2081826000000,23.5262697266726,1.00577199618134,16.4178946751554,16.3879690233478,73.2560975609756
USA,United States,1978,2351599000000,24.8317846707708,1.0595730803427,16.9728342289651,15.7667187305319,73.3560975609756
USA,United States,1979,2627333000000,25.1111298034927,1.10357656509899,18.3761632042836,15.4036431620963,73.8048780487805
USA,United States,1980,2857307000000,23.3102708249411,0.959589922764484,20.1098446894226,15.876837875664,73.609756097561
USA,United States,1981,3207041000000,24.2768645614446,0.981415437259678,19.4259131704272,15.8102437729982,74.009756097561
USA,United States,1982,3343789000000,22.070082771371,0.953317566163514,17.5368122809184,16.5838514332094,74.3609756097561
USA,United States,1983,3634038000000,22.2529868977705,0.914378513375149,16.6655934803103,16.3837857501765,74.4634146341463
USA,United States,1984,4037613000000,25.0958177517261,0.865817336309961,17.5224074224053,15.7203773615748,74.5634146341464
USA,United States,1985,4338979000000,24.1883401602082,0.886129040850881,16.603906126303,15.9171086101131,74.5634146341464
USA,United States,1986,4579631000000,23.7406245175648,0.924164157058979,16.8979771514343,16.1145952588757,74.6146341463415
USA,United States,1987,4855215000000,23.6202310299338,0.893829201032046,17.9735809845702,16.0012069496407,74.7658536585366
USA,United States,1988,5236438000000,22.827807757869,0.907999040167679,19.0701007058615,15.6681698513379,74.7658536585366
USA,United States,1989,5641580000000,22.5137993257208,0.944405555428529,19.4151106604887,15.6237968795976,75.0170731707317
USA,United States,1990,5963144000000,21.5292134484762,1.12965052045579,19.8150673537315,15.9007731491978,75.2146341463415
USA,United States,1991,6158129000000,20.1106050230516,1.33626074073779,19.7864481240974,16.3175698333049,75.3658536585366
USA,United States,1992,6520327000000,20.0775819985715,1.38688569247935,19.9505945023923,16.0786874646011,75.6170731707317
USA,United States,1993,6858559000000,20.39362787431,1.31867999977741,20.0446187019752,15.6452689260237,75.419512195122
USA,United States,1994,7287236000000,21.2790967659069,1.2262960888682,21.0554591617453,15.2060534337024,75.619512195122
USA,United States,1995,7639749000000,21.2726491406982,1.19078709090209,22.4533816490568,14.9447710913016,75.6219512195122
USA,United States,1996,8073122000000,21.7018149855781,1.16341161998189,22.6870719902412,14.5283200229106,76.0268292682927
USA,United States,1997,8577554457000,22.4097090800901,1.20396029701272,23.4283210916839,14.2293238255567,76.4292682926829
USA,United States,1998,9062818202000,22.9583331986162,1.16571452642589,22.8258909523693,13.9868964790694,76.5804878048781
USA,United States,1999,9631174489000,23.4191271539738,1.14834004729055,23.3135637046602,14.0317985261662,76.5829268292683
USA,United States,2000,10250947997000,23.6783758995788,1.11276899679534,25.1029953595813,14.0239517400802,76.6365853658537
USA,United States,2001,10581929774000,22.1767205993556,0.989741382223669,22.967181335596,14.5356379493206,76.8365853658537
USA,United States,2002,10929112955000,21.7226504088227,0.927797485710314,22.2863741094897,15.0590355024837,76.9365853658537
USA,United States,2003,11456442041000,21.7456431157622,0.859481712840946,22.6273130062789,15.2436331781727,77.0365853658537
USA,United States,2004,12217193198000,22.652150581142,0.925483968943482,24.4480622643257,15.158309850606,77.4878048780488
USA,United States,2005,13039199193000,23.3757146806707,0.921713167161207,25.6385530316517,15.047143394,77.4878048780488
USA,United States,2006,13815586948000,23.5375233223135,0.964253917136075,26.9752780973197,15.0044511883738,77.6878048780488
USA,United States,2007,14474226905000,22.5575778342408,0.951055242772428,28.0120176822667,15.1892879283282,77.9878048780488
USA,United States,2008,14769857911000,21.0374941906914,0.945865287282592,29.8677957945319,15.9340733958399,78.0390243902439
USA,United States,2009,14478064934000,17.7687557814347,0.876651298802912,24.7595311689876,16.8076950275681,78.390243902439
USA,United States,2010,15048964444000,18.6722216698461,0.846129865832117,28.2198952346731,16.6858457892174,78.5414634146342
USA,United States,2011,15599728123000,19.0335432552974,0.79239433316435,30.8424862411943,16.098427999507,78.6414634146341
USA,United States,2012,16253972230000,19.950723147015,0.79838290137163,30.6818353657295,15.4758416244692,78.7414634146342
USA,United States,2013,16843190993000,20.4246273846192,0.756560083436754,30.0079539684645,15.0253298264668,78.7414634146342
USA,United States,2014,17550680174000,20.969620342419,0.796023797809134,30.0044781614855,14.5992974323344,78.8414634146341
USA,United States,2015,18206020741000,21.5198755166573,0.797904713382564,27.8235649187872,14.3028948337723,78.690243902439
USA,United States,2016,18695110842000,21.0106376645574,0.785625485688815,26.6079620604584,14.1928765356073,78.5390243902439
USA,United States,2017,19477336549000,21.3021477015707,0.692906252591617,27.3130208877206,13.9429433442707,78.5390243902439
USA,United States,2018,20533057312000,21.6987608435503,0.586433075122573,27.6103792720958,13.9274534549159,78.6390243902439
USA,United States,2019,21380976119000,21.8309630674538,0.515108555014533,26.4537594940475,14.1009184202812,78.7878048780488
USA,United States,2020,21060473613000,21.7174460747964,0.408427566758519,23.4015629969394,15.0912418134706,76.9804878048781
USA,United States,2021,23315080560000,21.6682502425803,0.157317408951545,25.6095576621932,14.4381701420122,76.3292682926829
USA,United States,2022,25604848907611,22.2944256402277,0.575744520494521,27.3139397355363,13.9429723365358,77.4341463414634
USA,United States,2023,27292170793214.4,21.8792709647143,0.83149318773707,25.2903297883366,NA,78.3853658536585
USA,United States,2024,28750956130731.2,21.8410127699649,0.976421684505429,25.3786342507088,NA,78.890243902439
USA,United States,2025,NA,NA,NA,NA,NA,NA
USA,United States,NA,NA,NA,NA,NA,NA,NA
ZAF,South Africa,1960,8748596500.5614,19.331092974876,NA,46.8554968795007,8.0812930068811,52.575
ZAF,South Africa,1961,9225996309.60148,18.4673748103187,2.80611008680151,43.7481031866464,8.36115326251897,53.067
ZAF,South Africa,1962,9813996074.40157,17.5178316690442,2.9745170090651,43.3523537803138,9.24393723252496,53.566
ZAF,South Africa,1963,10854195658.3217,21.2304914226751,3.03102216345899,44.9761382690571,8.8868824970979,53.895
ZAF,South Africa,1964,11955995217.6019,22.3770491803279,3.05403072515018,45.9484777517564,9.73067915690867,54.215
ZAF,South Africa,1965,13068994772.4021,24.1456882699518,3.07475077680414,45.5168719871452,9.94108194965185,54.427
ZAF,South Africa,1966,14211394315.4423,22.0175352182051,3.0983151654606,42.0943749384297,10.018717367747,54.731
ZAF,South Africa,1967,15821393671.4425,24.3518272719228,3.11982413750612,42.4918148836386,9.82213963366074,54.955
ZAF,South Africa,1968,17124793150.0827,22.5392413342054,3.1172861549371,41.2933289731851,10.0801177240026,55.191
ZAF,South Africa,1969,19256992297.2031,23.3151581243184,3.08861143644416,39.62195565249,10.3089785532534,55.44
ZAF,South Africa,1970,21218391512.6434,25.2837160200581,3.03161685092829,39.7862232779097,10.754816574294,55.681
ZAF,South Africa,1971,23411076638.279,27.4128045867176,2.928682802326,40.4980888676541,11.6758241758242,56.02
ZAF,South Africa,1972,24515919216.8851,23.6548869786692,2.86717847984546,40.7725777353285,11.0262124588772,56.377
ZAF,South Africa,1973,33262772008.1446,24.0003465754018,2.85929221900803,41.1514967725166,10.2976216263051,56.72
ZAF,South Africa,1974,41389186094.5992,27.230380827081,2.81998179943284,48.796358852185,10.6994275148455,57.11
ZAF,South Africa,1975,42906905672.42,29.3539237314844,2.76983506331808,49.8140560983297,12.0359281437126,57.591
ZAF,South Africa,1976,41150460287.6151,27.6695637593271,2.70532462484405,48.8807534303999,12.7798116424,58
ZAF,South Africa,1977,45328411332.1028,27.3036330424193,2.70411724439704,48.2113862390907,12.467018469657,58.48
ZAF,South Africa,1978,51607412901.8532,24.7259114003031,2.7300332808096,50.9515108298422,13.3166948925929,58.991
ZAF,South Africa,1979,63038658088.9121,25.6066314996232,2.70673284661844,54.1070082893745,13.3760361718161,59.472
ZAF,South Africa,1980,89411864402.4272,29.6839323922627,3.04287989384909,56.5073165127734,12.7705099300659,59.961
ZAF,South Africa,1981,93141472163.7596,31.9039870808304,3.40422044115816,52.1929556270568,13.272733945852,60.445
ZAF,South Africa,1982,85904057409.3585,24.8177451863287,3.4570930329234,47.141815686779,14.7680003430679,60.936
ZAF,South Africa,1983,96204110941.5672,25.2647390862186,3.49338991062419,40.2562021253767,14.4055382950336,61.393
ZAF,South Africa,1984,84870163365.9306,23.8013849065947,3.46259350729788,43.392941289225,15.9487888057377,61.837
ZAF,South Africa,1985,64459376086.6883,20.720595298589,3.3347747628988,47.9482663808045,16.3261612568652,62.195
ZAF,South Africa,1986,73354771399.2627,19.8015726234653,3.19707182299971,46.6489279194359,16.7804173776086,62.421
ZAF,South Africa,1987,96535763418.3729,16.7239888069194,3.11745107840955,44.9712541338082,17.4057491732384,62.694
ZAF,South Africa,1988,103976831870.957,19.8647985515339,3.04602665260698,45.8513122493528,16.846878860179,62.902
ZAF,South Africa,1989,108055624081.806,21.3094797014767,2.93949573883366,42.6997653451896,16.8213976957956,63.017
ZAF,South Africa,1990,126048140141.869,18.2312412035802,2.78138037228425,38.2118009241798,17.5888534221331,62.942
ZAF,South Africa,1991,135203698237.977,17.8354850806236,2.28466181858316,34.8816092569776,17.66995232228,62.983
ZAF,South Africa,1992,146956150986.636,15.7145549853145,1.79631209038171,34.3213534993474,17.9005585499176,62.839
ZAF,South Africa,1993,147194747565.75,14.161207817224,1.99129597975592,35.6981243460429,18.1205609764085,62.618
ZAF,South Africa,1994,153512712381.836,16.4704957860317,1.61967461179144,37.1146091666279,18.1888688750082,62.069
ZAF,South Africa,1995,171735933897.331,17.7000132325077,1.21388535311637,39.4780337793026,16.5269303515062,61.603
ZAF,South Africa,1996,163234925380.563,16.5683988950434,1.29699420436442,42.199251732528,17.4247248982139,61.079
ZAF,South Africa,1997,168978057327.73,16.2941004369842,1.19798957270412,42.3013344291831,17.4918768157123,60.538
ZAF,South Africa,1998,152982984557.233,16.4278913701127,1.2124158688717,44.0357453368965,17.1000261817972,59.912
ZAF,South Africa,1999,151516957078.536,15.6550464913797,1.08969778624124,42.2582960172673,16.8105311881129,59.19
ZAF,South Africa,2000,151752757215.309,15.0602810875446,0.914659168313889,46.2207217354077,16.5672154108403,58.368
ZAF,South Africa,2001,135429905922.526,14.5737803066035,0.859492168208101,49.170945185829,16.6218512164789,57.161
ZAF,South Africa,2002,129087556612.449,15.036119660525,0.947036940076663,53.4655016294369,16.7803880295906,55.58
ZAF,South Africa,2003,197018965308.697,15.6571145272722,0.996556488051653,45.723862568979,16.8663209712168,54.245
ZAF,South Africa,2004,255806908594.573,16.9603513170499,1.00742279739678,45.6435752240041,17.0044389815087,53.963
ZAF,South Africa,2005,288867217196.534,16.8318153447643,1.01260946155511,47.4277813970329,16.1488985315911,53.914
ZAF,South Africa,2006,303858675363.643,18.4902026867601,1.02172490694402,53.7681412741145,15.8607403931821,54.22
ZAF,South Africa,2007,333077117253.684,19.3259650755187,1.05506511201209,57.125139137747,15.8864978575358,54.948
ZAF,South Africa,2008,316131258616.309,21.2872491181391,1.15309551684298,65.9745237996233,17.0724538163321,55.982
ZAF,South Africa,2009,329754060647.129,18.7669441984248,1.19390450655684,49.5875353278801,17.7936331368919,57.413
ZAF,South Africa,2010,417363822801.713,17.5956446037105,1.1829095702162,50.4060871625999,17.996063602882,58.886
ZAF,South Africa,2011,458199494830.834,18.8532376550132,1.23631458705301,54.6363504358971,18.1951431854763,60.602
ZAF,South Africa,2012,434400545085.811,18.5845354435045,1.47479434391075,55.5826171933345,18.8205452606488,61.737
ZAF,South Africa,2013,400886013595.573,19.1687625943111,1.65265199501405,58.875027630051,19.0813745546722,62.388
ZAF,South Africa,2014,381198869776.106,18.4879638168327,1.66144540694123,59.4995740550593,19.3140625940978,63.184
ZAF,South Africa,2015,346709790458.563,18.6332066638376,2.00988840160514,56.7266761447156,18.9850713286308,64.053
ZAF,South Africa,2016,323585509674.481,16.9604522948246,0.940521897823675,55.8612575048782,19.3075616545523,64.749
ZAF,South Africa,2017,381448814653.456,16.6107340612402,0.653837462693277,53.5359318293741,19.2360771279531,65.422
ZAF,South Africa,2018,405260723892.517,16.1705829786619,1.68236992028419,54.4855451276341,19.352226142463,65.726
ZAF,South Africa,2019,389330032224.269,15.8207933783179,1.64957495527878,53.8979964081406,19.5800800398681,66.071
ZAF,South Africa,2020,337974655408.055,12.3455441478462,1.62216431400652,50.7596590804177,20.6203398698938,65.15
ZAF,South Africa,2021,419986284375.368,12.8355522251838,1.54055743832642,56.1647136277546,19.1219841764515,62.01
ZAF,South Africa,2022,407596043067.885,15.6721092997041,1.41397227960081,64.94713440234,18.775567058988,65.454
ZAF,South Africa,2023,381440724491.232,15.3913174995668,1.32810094082844,65.6798759740707,19.1795974311491,66.139
ZAF,South Africa,2024,401144998373.585,14.0695508769888,1.24951426055192,61.646770473025,19.1885263808601,66.312
ZAF,South Africa,2025,NA,NA,NA,NA,NA,NA
ZAF,South Africa,NA,NA,NA,NA,NA,NA,NA
