Code,Name,Year,hd30_ssp245,cdd_ssp245,r20mm_ssp245,hd30_ssp370,cdd_ssp370,r20mm_ssp370
DZA,Algeria,2024,5.312000000000012,-2.9909999999999854,0.015000000000000013,1.0939999999999657,-0.03999999999999204,0.015000000000000013
ARG,Argentina,2024,2.5289999999999964,1.256999999999998,-0.17400000000000215,2.609000000000009,1.7520000000000024,-0.4759999999999991
AUS,Australia,2024,4.290999999999997,-0.49099999999998545,-0.08000000000000052,0.40200000000001523,-3.888999999999996,-0.050000000000000266
BGD,Bangladesh,2024,7.543000000000006,0.42900000000000205,0.0730000000000075,-1.9099999999999682,3.5500000000000043,4.606000000000002
BRA,Brazil,2024,12.73999999999998,1.0279999999999987,0.5470000000000006,-6.083999999999975,1.3019999999999996,0.3420000000000005
KHM,Cambodia,2024,4.3780000000001,-1.0799999999999983,-0.24600000000000044,-0.36099999999999,1.6300000000000026,0.09500000000000064
CAN,Canada,2024,0.2250000000000001,-0.8319999999999972,0.09200000000000053,0.367,-0.7570000000000014,0.1629999999999998
CHN,China,2024,1.8539999999999992,1.5949999999999989,0.37899999999999867,1.7959999999999994,1.105000000000004,-0.14400000000000102
COL,Colombia,2024,19.682999999999993,-0.3730000000000011,0.1180000000000021,0.8299999999999841,-0.2740000000000009,0.027000000000001023
ECU,Ecuador,2024,12.181999999999995,-0.11800000000000033,1.0969999999999978,0.546999999999997,1.221,-0.9310000000000009
EGY,Arab Republic of Egypt,2024,4.824000000000012,2.7320000000000277,-0.01,0.5069999999999766,2.9869999999999663,-0.007000000000000001
ETH,Ethiopia,2024,6.02800000000002,-0.8920000000000101,0.04100000000000037,3.248000000000019,-1.051000000000009,-0.1819999999999995
FRA,France,2024,1.7070000000000007,-0.07600000000000051,0.041999999999999815,2.676000000000002,0.6099999999999994,0.09600000000000009
DEU,Germany,2024,0.8069999999999995,0.6580000000000013,0.16999999999999993,0.835,1.6379999999999963,0.2529999999999999
IND,India,2024,1.850999999999999,1.5820000000000078,0.2010000000000005,-0.7249999999999659,-0.39700000000000557,2.041999999999998
IDN,Indonesia,2024,9.652000000000015,0.6000000000000014,0.8130000000000024,4.848000000000013,-0.8610000000000015,0.08399999999999963
IRN,Islamic Republic of Iran,2024,2.923000000000002,3.8909999999999627,-0.20699999999999985,2.7990000000000066,6.213000000000022,-0.1649999999999996
ITA,Italy,2024,3.1389999999999993,-0.1460000000000008,0.46199999999999886,3.004999999999999,0.593,0.08900000000000041
JPN,Japan,2024,0.7799999999999976,0.504999999999999,-1.2539999999999978,4.206000000000003,0.28499999999999837,-0.4129999999999967
KEN,Kenya,2024,6.834000000000032,0.6960000000000122,0.17899999999999983,2.7730000000000246,-1.1769999999999996,0.44499999999999984
KOR,Republic of Korea,2024,1.1860000000000035,0.31299999999999883,0.3760000000000012,3.992000000000001,-0.6230000000000011,-0.2539999999999978
MYS,Malaysia,2024,10.949999999999989,0.055000000000000604,1.6359999999999992,7.272999999999968,-0.274,1.2520000000000024
MEX,Mexico,2024,5.4739999999999895,2.485999999999997,0.24299999999999944,1.0600000000000023,3.032999999999994,-0.16000000000000014
MAR,Morocco,2024,2.9239999999999924,-4.196000000000012,-0.04999999999999982,3.2449999999999903,-2.178999999999988,-0.20699999999999985
NGA,Nigeria,2024,8.576000000000022,-1.7210000000000036,0.4200000000000008,0.14800000000002456,-0.38800000000000523,0.20900000000000052
PAK,Pakistan,2024,3.087999999999994,-1.3020000000000067,0.2330000000000001,1.1900000000000261,3.538000000000011,-0.0030000000000001137
PER,Peru,2024,12.579999999999984,1.7610000000000028,-0.08699999999999974,-1.2800000000000011,1.7650000000000006,-0.552999999999999
PHL,Philippines,2024,11.222999999999985,-0.07800000000000118,0.49500000000000455,6.848000000000013,-1.2260000000000009,0.28200000000000003
RUS,Russian Federation,2024,0.008999999999999453,0.28700000000000614,0.129,-0.0030000000000001137,0.3289999999999971,0.04899999999999993
SAU,Saudi Arabia,2024,3.037000000000006,7.67999999999995,0.035,2.668000000000035,3.47799999999998,-0.0069999999999999785
SEN,Senegal,2024,4.523999999999944,-3.186000000000007,0.3869999999999991,-0.20199999999999818,2.2920000000000016,0.3580000000000001
ZAF,South Africa,2024,4.759999999999991,4.758999999999993,0.08599999999999985,-0.4960000000000093,-1.7259999999999849,0.33999999999999986
ESP,Spain,2024,2.218999999999994,-2.3030000000000044,0.7249999999999996,5.037000000000006,3.411999999999992,-0.0819999999999994
SWE,Sweden,2024,-0.004,0.5660000000000025,-0.04600000000000004,-0.001,-1.2479999999999958,-0.08000000000000007
THA,Thailand,2024,2.549000000000035,-1.5420000000000016,-0.17400000000000126,0.43300000000004957,-0.14000000000000057,0.9510000000000005
TUR,Türkiye,2024,4.747,3.0890000000000057,0.040999999999999925,5.4979999999999905,1.7760000000000034,-0.006999999999999673
GBR,United Kingdom,2024,0.008000000000000007,0.5529999999999973,0.3769999999999998,9.99999999999987e-4,-0.359,0.04400000000000004
ARE,United Arab Emirates,2024,2.2460000000000093,8.072000000000003,-0.05600000000000001,6.345000000000027,3.147999999999996,-0.04000000000000002
USA,United States of America,2024,2.851000000000006,-0.3999999999999986,0.05599999999999916,3.7830000000000013,0.42199999999999704,-0.2030000000000003
VEN,R. B. de Venezuela,2024,17.352000000000004,0.8780000000000001,0.7309999999999981,0.7800000000000011,-1.5610000000000035,1.2740000000000027
VNM,Vietnam,2024,7.8659999999999854,0.5899999999999999,-1.279,2.4230000000000302,-1.2199999999999989,0.8000000000000007
DZA,Algeria,2025,1.7927272727272907,-0.8918181818181949,0.03181818181818183,3.74909090909091,8.79090909090911,-0.04090909090909092
ARG,Argentina,2025,3.126363636363628,2.306363636363635,0.05999999999999783,2.6081818181818264,0.3563636363636391,-0.19636363636363452
AUS,Australia,2025,1.8918181818181665,3.871818181818199,0.05454545454545423,2.9018181818182427,4.573636363636382,0.38181818181818183
BGD,Bangladesh,2025,4.902727272727276,-0.4736363636363663,1.6481818181818255,4.509090909090958,4.9181818181818215,-1.321818181818184
BRA,Brazil,2025,10.381818181818176,1.125454545454545,0.5245454545454553,0.49636363636363967,-1.2163636363636385,0.4018181818181823
KHM,Cambodia,2025,5.49818181818182,5.118181818181817,0.23999999999999844,2.1899999999999977,-3.299999999999997,0.3045454545454547
CAN,Canada,2025,0.3954545454545453,-0.4745454545454564,0.001818181818181941,0.22454545454545438,-0.49727272727272975,0.011818181818181728
CHN,China,2025,2.1036363636363618,-1.3409090909090935,0.1899999999999995,1.7236363636363663,0.14090909090909065,0.22363636363636274
COL,Colombia,2025,7.011818181818171,-0.7754545454545472,0.6799999999999997,8.945454545454567,-1.076363636363637,-0.2663636363636357
ECU,Ecuador,2025,7.083636363636359,-0.41636363636363605,1.5699999999999967,5.224545454545456,-0.7718181818181815,-1.7372727272727282
EGY,Arab Republic of Egypt,2025,2.6036363636363546,-2.0527272727272248,0,1.7972727272727127,4.451818181818226,0.011818181818181814
ETH,Ethiopia,2025,0.670909090909106,-1.6927272727272822,0.3918181818181825,5.407272727272783,2.5536363636363575,-0.3836363636363629
FRA,France,2025,1.6427272727272744,-0.8781818181818188,0.229090909090909,1.4145454545454559,0.6363636363636367,-0.24909090909090947
DEU,Germany,2025,2.3518181818181825,1.6890909090909094,0.1272727272727272,0.9954545454545451,1.5709090909090886,-0.05181818181818176
IND,India,2025,1.4099999999999966,-0.5072727272727349,0.26454545454545375,1.3590909090909236,1.9663636363636385,0.23818181818181472
IDN,Indonesia,2025,5.947272727272718,-0.8181818181818166,0.9936363636363623,8.03454545454548,0.8354545454545441,0.6036363636363653
IRN,Islamic Republic of Iran,2025,2.8027272727272816,-3.6536363636363944,0.44818181818181824,3.4081818181818164,5.566363636363661,-0.04999999999999982
ITA,Italy,2025,3.962727272727278,0.5581818181818186,-0.2436363636363641,0.22272727272727266,0.030000000000001137,-0.6736363636363629
JPN,Japan,2025,2.6090909090909093,0.6045454545454554,-0.17636363636363583,0.10545454545454724,0.20454545454545325,-1.2390909090909048
KEN,Kenya,2025,1.830909090909131,1.3509090909091057,0.5172727272727271,3.111818181818194,2.175454545454542,-0.1772727272727268
KOR,Republic of Korea,2025,2.8054545454545483,-0.46090909090909093,0.2236363636363663,0.2654545454545456,1.5245454545454535,-1.1945454545454588
MYS,Malaysia,2025,6.536363636363632,-0.022727272727272485,-0.3672727272727272,6.275454545454522,-0.6127272727272723,0.14727272727272833
MEX,Mexico,2025,4.194545454545448,2.2327272727272742,0.12090909090909108,3.890909090909105,-1.9063636363636363,-0.18181818181818166
MAR,Morocco,2025,0.2400000000000091,-4.90545454545456,-0.17272727272727262,4.359090909090895,1.537272727272736,-0.26090909090909076
NGA,Nigeria,2025,5.196363636363685,-0.17363636363636203,0.34545454545454657,4.6436363636364035,1.5836363636363728,0.04454545454545489
PAK,Pakistan,2025,2.3527272727272646,-6.738181818181829,0.2390909090909088,3.7909090909091105,4.2072727272727235,-0.22090909090909072
PER,Peru,2025,7.818181818181813,0.528181818181821,0.6936363636363634,2.9090909090909065,0.3681818181818173,0.04272727272727295
PHL,Philippines,2025,6.429999999999978,0.42909090909090786,0.9681818181818223,6.107272727272729,-0.7872727272727289,0.8836363636363664
RUS,Russian Federation,2025,0.4900000000000002,-0.4754545454545429,0.03545454545454563,0.3700000000000001,1.0809090909090884,0.06272727272727274
SAU,Saudi Arabia,2025,4.342727272727302,-8.327272727272742,-0.022727272727272707,4.943636363636415,-2.410909090909115,-0.006363636363636321
SEN,Senegal,2025,3.0581818181817653,-0.20545454545452912,-0.48454545454545483,-0.8018181818181347,-2.1890909090909076,0.38909090909090915
ZAF,South Africa,2025,-0.4000000000000057,0.7627272727272754,0.36909090909090914,0.3400000000000034,-0.1963636363636283,0.054545454545454675
ESP,Spain,2025,1.7081818181818207,-0.5209090909090861,-0.013636363636364113,4.433636363636367,-2.270909090909093,0.25272727272727336
SWE,Sweden,2025,-0.0036363636363636364,0.4509090909090929,-0.014545454545454639,0.008181818181818182,-0.8163636363636328,0.14545454545454528
THA,Thailand,2025,3.4809090909091083,-0.17454545454545922,0.5872727272727261,4.520909090909129,-3.172727272727272,-0.008181818181817846
TUR,Türkiye,2025,2.597272727272724,-1.4645454545454442,0.3645454545454543,1.1981818181818156,-1.6127272727272768,-0.06999999999999984
GBR,United Kingdom,2025,-0.001818181818181816,0.26636363636363747,0.32454545454545425,9.090909090909011e-4,1.9918181818181822,0.3036363636363637
ARE,United Arab Emirates,2025,5.214545454545458,-14.852727272727265,0.058181818181818196,6.595454545454601,2.643636363636375,-0.1
USA,United States of America,2025,3.346363636363641,0.9000000000000057,-0.003636363636363882,2.5027272727272774,0.3018181818181809,0.11545454545454437
VEN,R. B. de Venezuela,2025,5.50181818181818,0.016363636363635692,1.2281818181818167,4.318181818181813,-0.9827272727272742,-0.7690909090909059
VNM,Vietnam,2025,7.378181818181815,1.0363636363636353,-0.9263636363636394,1.4118181818182052,-2.3636363636363633,-0.009090909090904375
DZA,Algeria,2026,3.788333333333327,-9.370000000000033,-0.007499999999999979,3.0516666666666765,7.050000000000011,0.026666666666666672
ARG,Argentina,2026,3.864999999999995,1.279999999999994,-0.17416666666666902,3.4908333333333488,-0.14999999999999858,0.07666666666666799
AUS,Australia,2026,4.09916666666669,3.1274999999999977,-0.5091666666666672,2.6050000000000466,-5.313333333333318,0.047499999999999876
BGD,Bangladesh,2026,5.365000000000009,-0.4066666666666663,-1.477499999999992,2.8500000000000227,-4.667499999999997,-1.1566666666666663
BRA,Brazil,2026,4.924166666666679,-1.5533333333333346,-0.05999999999999872,9.365000000000009,1.7083333333333286,1.1566666666666663
KHM,Cambodia,2026,1.9966666666666697,0.6766666666666694,0.9808333333333312,3.941666666666663,1.0725000000000051,1.9474999999999998
CAN,Canada,2026,0.8024999999999998,-0.24249999999999972,-0.05333333333333323,0.1416666666666666,-0.2908333333333353,0.05666666666666664
CHN,China,2026,2.276666666666671,-8.333333333325754e-4,0.0916666666666659,1.8183333333333351,-0.659166666666664,0.1133333333333324
COL,Colombia,2026,7.261666666666656,0.5633333333333326,0.5500000000000007,8.83250000000001,1.0391666666666666,0.16833333333333655
ECU,Ecuador,2026,5.10916666666666,0.11333333333333506,0.394166666666667,11.0225,-0.7166666666666668,-1.2624999999999993
EGY,Arab Republic of Egypt,2026,0.6358333333333235,-6.6025000000000205,-0.009166666666666668,4.626666666666637,-8.349166666666633,0.05666666666666667
ETH,Ethiopia,2026,2.714166666666671,0.6116666666666504,0.6891666666666678,2.692500000000024,-1.1975000000000122,0.015000000000001457
FRA,France,2026,1.8541666666666679,0.05666666666666842,0.02666666666666684,2.066666666666668,1.014166666666668,0.07416666666666627
DEU,Germany,2026,1.0649999999999995,0.4208333333333343,0.14416666666666633,1.288333333333333,-0.3383333333333347,0.36499999999999955
IND,India,2026,4.702500000000015,0.6716666666666526,-0.050833333333333286,1.7133333333333383,-3.4224999999999994,-0.4691666666666716
IDN,Indonesia,2026,8.247500000000002,-0.7408333333333319,0.5166666666666657,10.481666666666655,-0.4533333333333349,-0.46416666666666373
IRN,Islamic Republic of Iran,2026,1.6800000000000352,1.9950000000000045,0.07166666666666677,0.02583333333333826,-6.209166666666647,0.394166666666667
ITA,Italy,2026,4.090833333333336,0.9333333333333336,-0.08583333333333432,3.1741666666666646,-0.4400000000000013,0.9408333333333339
JPN,Japan,2026,1.9974999999999987,0.05000000000000071,-0.22583333333333044,2.186666666666669,0.10499999999999865,-0.659166666666664
KEN,Kenya,2026,3.475000000000051,0.5416666666666714,-0.25916666666666677,4.135833333333352,0.05083333333332973,-0.0891666666666664
KOR,Republic of Korea,2026,5.926666666666666,0.05416666666666359,-0.09750000000000014,1.1875,-0.5366666666666688,1.7374999999999972
MYS,Malaysia,2026,9.667499999999961,0.5750000000000002,0.9649999999999999,14.194999999999965,1.2991666666666672,-1.129999999999999
MEX,Mexico,2026,3.148333333333312,-3.0591666666666626,0.5874999999999995,6.2891666666666595,-0.8858333333333377,-0.34999999999999964
MAR,Morocco,2026,1.2925000000000182,1.2508333333333326,0.08000000000000007,1.8049999999999926,3.1966666666666868,0.09083333333333332
NGA,Nigeria,2026,2.939166666666665,-1.6441666666666777,0.12416666666666742,3.6975000000000477,-3.4066666666666663,0.013333333333333641
PAK,Pakistan,2026,0.845833333333303,1.2208333333333314,0.03583333333333316,1.586666666666673,-3.3391666666666566,0.07250000000000023
PER,Peru,2026,4.242499999999993,0.649166666666666,0.5441666666666656,9.028333333333336,-0.4966666666666626,0.36916666666666487
PHL,Philippines,2026,9.808333333333337,-0.08333333333333393,1.8225000000000051,9.521666666666661,0.039166666666664796,-0.3999999999999986
RUS,Russian Federation,2026,0.3849999999999998,-0.875833333333329,0.08749999999999991,0.7791666666666668,0.33083333333333087,0.07583333333333342
SAU,Saudi Arabia,2026,3.0550000000000352,-1.1525000000000034,-0.0025000000000000022,0.9291666666666742,-9.103333333333381,0.021666666666666695
SEN,Senegal,2026,1.941666666666606,0.9025000000000034,0.14249999999999963,0.5025000000000546,-0.07250000000001933,0.6133333333333333
ZAF,South Africa,2026,7.589999999999989,2.1016666666666666,-0.14749999999999996,1.3658333333333275,-4.983333333333334,0.22416666666666707
ESP,Spain,2026,0.9608333333333334,1.1083333333333272,0.11583333333333323,2.7166666666666686,1.7683333333333309,0.5616666666666674
SWE,Sweden,2026,0.015,-0.30166666666666586,0.12416666666666676,-0.0016666666666666668,0.13166666666667126,0.09666666666666646
THA,Thailand,2026,3.9424999999999955,-1.214166666666678,1.024166666666666,6.857500000000073,0.519999999999996,0.5058333333333316
TUR,Türkiye,2026,2.866666666666667,-0.7649999999999864,0.059166666666666146,1.6758333333333368,0.5108333333333306,-0.027499999999999414
GBR,United Kingdom,2026,0.007500000000000007,-1.1858333333333313,0.1875,0.009999999999999981,0.6616666666666671,-0.2533333333333334
ARE,United Arab Emirates,2026,3.5883333333333383,-6.666666666666686,0.035,1.3708333333333655,-5.4141666666666595,0.13749999999999996
USA,United States of America,2026,1.921666666666681,0.39416666666667055,-0.09500000000000153,1.7716666666666683,-0.4383333333333326,0.09666666666666579
VEN,R. B. de Venezuela,2026,6.638333333333321,2.5083333333333364,-0.32250000000000156,8.972500000000025,-1.6799999999999997,-1.053333333333331
VNM,Vietnam,2026,4.389166666666654,1.1058333333333294,1.9741666666666653,8.334166666666647,2.1966666666666654,0.10166666666667012
DZA,Algeria,2027,3.0353846153846007,-5.086153846153877,0.002307692307692344,4.192307692307708,-7.356923076923039,0.006153846153846176
ARG,Argentina,2027,1.1584615384615375,1.9384615384615316,-0.05000000000000249,3.0284615384615563,-0.9415384615384639,0.015384615384617106
AUS,Australia,2027,4.430000000000007,-2.1530769230769238,-0.22076923076923105,6.5400000000000205,0.03384615384617007,0.13615384615384585
BGD,Bangladesh,2027,8.423076923076934,0.8707692307692341,-3.625384615384611,9.563076923076949,1.2207692307692355,1.0092307692307685
BRA,Brazil,2027,5.689999999999998,1.390769230769223,0.0369230769230775,16.029230769230765,1.669230769230765,0.2738461538461543
KHM,Cambodia,2027,5.99692307692311,3.015384615384619,-0.8023076923076946,9.656923076923022,3.0207692307692326,-0.2884615384615383
CAN,Canada,2027,0.4084615384615382,-0.537692307692307,0.08000000000000007,0.30615384615384644,0.2853846153846149,0.02461538461538515
CHN,China,2027,1.7692307692307736,-0.1761538461538521,-0.05384615384615454,2.001538461538459,-1.2823076923076897,0.04923076923076941
COL,Colombia,2027,5.61384615384614,0.2338461538461516,0.07384615384615145,19.09153846153845,0.3038461538461519,-0.13076923076923208
ECU,Ecuador,2027,7.448461538461544,0.5476923076923104,-0.04230769230769127,19.848461538461542,-0.6984615384615402,-0.1776923076923076
EGY,Arab Republic of Egypt,2027,0.7438461538461638,-3.7684615384615654,7.692307692307686e-4,3.550769230769191,-19.494615384615315,-0.01230769230769231
ETH,Ethiopia,2027,0.9730769230769454,-0.6169230769230865,0.26692307692307793,4.110000000000014,-2.9976923076923114,0.041538461538462634
FRA,France,2027,0.5761538461538471,0.6800000000000033,-0.19692307692307676,-0.695384615384615,-1.094615384615384,0.08692307692307644
DEU,Germany,2027,0.5030769230769225,-0.3407692307692294,-0.12538461538461565,-0.31538461538461515,-0.7738461538461543,0.1615384615384614
IND,India,2027,2.0330769230769192,0.2784615384615279,-0.26846153846153875,4.766153846153827,-4.562307692307684,0.12076923076922697
IDN,Indonesia,2027,6.062307692307684,0.6823076923076936,-0.17846153846153712,13.321538461538466,1.575384615384614,-0.33615384615384514
IRN,Islamic Republic of Iran,2027,2.7323076923076997,1.776923076923083,0.03846153846153855,1.8976923076923242,-4.725384615384598,0.29923076923076963
ITA,Italy,2027,1.2376923076923099,-0.7999999999999972,-0.19923076923076977,1.323846153846155,-0.43384615384615444,1.33
JPN,Japan,2027,0.43153846153845876,-0.1753846153846137,1.111538461538462,0.22769230769231186,0.3646153846153837,-0.0176923076923039
KEN,Kenya,2027,2.52461538461543,0.5092307692307756,7.692307692304112e-4,2.774615384615373,-1.7900000000000063,0.18538461538461615
KOR,Republic of Korea,2027,1.4461538461538481,0.6776923076923076,-0.7730769230769248,1.5576923076923066,2.1538461538461497,-1.1838461538461544
MYS,Malaysia,2027,6.643846153846141,-0.16153846153846096,1.130769230769232,16.564615384615365,0.46076923076923126,0.27692307692307594
MEX,Mexico,2027,1.8815384615384687,-0.7746153846153732,0.4869230769230777,7.1253846153846325,0.07769230769230262,0.2030769230769227
MAR,Morocco,2027,5.3100000000000165,1.2653846153845905,0.20307692307692293,2.3769230769230916,0.08923076923078099,0.019230769230769384
NGA,Nigeria,2027,6.479230769230753,-2.3299999999999983,0.05000000000000071,11.4715384615385,-4.473846153846154,0.32615384615384624
PAK,Pakistan,2027,2.313076923076892,0.19461538461537486,0.07923076923076922,1.6953846153846257,-4.2269230769230575,0.3992307692307695
PER,Peru,2027,6.7223076923076945,0.3592307692307699,-0.32846153846153925,15.266153846153856,-0.13538461538460922,-7.69230769229523e-4
PHL,Philippines,2027,6.83846153846153,0.41230769230769226,-0.006923076923072813,14.558461538461529,1.2176923076923067,-1.0061538461538468
RUS,Russian Federation,2027,0.54,-1.3807692307692285,-0.011538461538461275,0.663846153846154,-1.2730769230769283,0.07923076923076922
SAU,Saudi Arabia,2027,1.564615384615422,3.8192307692307566,-0.048461538461538445,3.562307692307712,-5.753846153846183,0.029230769230769255
SEN,Senegal,2027,2.706153846153825,-1.5392307692307554,-1.0592307692307696,4.562307692307684,0.08076923076922071,0.5107692307692302
ZAF,South Africa,2027,6.03692307692306,0.14000000000000057,-0.2838461538461532,5.857692307692318,-5.735384615384618,0.3269230769230771
ESP,Spain,2027,4.560769230769239,1.5861538461538416,-0.10538461538461519,2.073846153846162,0.5799999999999983,0.21384615384615424
SWE,Sweden,2027,-0.004615384615384615,-0.06615384615384556,0.22538461538461552,-0.0015384615384615385,1.1000000000000014,-0.04000000000000026
THA,Thailand,2027,6.999230769230735,3.8361538461538416,0.08692307692307466,15.053076923076958,2.6215384615384565,0.005384615384613767
TUR,Türkiye,2027,2.166153846153847,-2.201538461538455,-0.28692307692307706,2.1284615384615506,-1.5592307692307728,0.23307692307692385
GBR,United Kingdom,2027,0.0069230769230769346,-0.153076923076922,0.14538461538461522,0,0.7769230769230777,0.052307692307691944
ARE,United Arab Emirates,2027,0.4046153846153686,-2.563076923076949,-0.023076923076923078,1.6530769230769522,-6.068461538461548,-0.03923076923076925
USA,United States of America,2027,4.09076923076924,0.46538461538461817,0.21692307692307544,1.2015384615384619,-1.0692307692307672,0.10769230769230731
VEN,R. B. de Venezuela,2027,8.841538461538448,2.0661538461538456,-0.35307692307692484,15.389999999999986,1.5323076923076897,0.3846153846153868
VNM,Vietnam,2027,5.740769230769246,1.5100000000000016,-0.16230769230769582,12.705384615384617,2.092307692307692,-0.35846153846153683
DZA,Algeria,2028,3.0042857142857144,-0.3492857142857133,-0.04428571428571429,4.385000000000019,4.7014285714286075,0.014999999999999986
ARG,Argentina,2028,0.22142857142856087,-1.0878571428571462,0.1949999999999985,1.642142857142879,0.5092857142857099,0.2928571428571445
AUS,Australia,2028,5.617857142857133,9.059999999999988,-0.3071428571428574,8.932857142857188,0.6350000000000051,-0.5792857142857142
BGD,Bangladesh,2028,7.264285714285734,-1.4757142857142824,-2.5585714285714225,9.427857142857192,-3.8807142857142836,1.4385714285714286
BRA,Brazil,2028,10.112142857142857,1.607142857142854,-0.2907142857142855,22.22,-2.0064285714285717,-0.5442857142857136
KHM,Cambodia,2028,6.07000000000005,0.3950000000000031,-0.09500000000000064,6.478571428571399,-1.039285714285704,1.0971428571428579
CAN,Canada,2028,0.39785714285714247,0.09500000000000242,0.2507142857142859,0.7300000000000002,-0.32928571428571374,0.07857142857142918
CHN,China,2028,1.6707142857142898,-2.1414285714285697,0.13571428571428612,3.29785714285714,0.6292857142857144,0.008571428571428008
COL,Colombia,2028,11.359999999999985,0.18928571428571317,0.48642857142856855,19.89142857142855,0.7649999999999988,1.6521428571428558
ECU,Ecuador,2028,9.237857142857145,-0.2992857142857144,0.9728571428571406,14.31714285714287,-0.24928571428571722,0.3457142857142834
EGY,Arab Republic of Egypt,2028,2.1950000000000216,5.517142857142858,7.142857142857124e-4,2.7771428571428487,10.15428571428572,-0.0021428571428571477
ETH,Ethiopia,2028,3.652142857142877,-2.7085714285714317,-0.34642857142857064,6.630000000000024,-2.2078571428571436,0.7999999999999998
FRA,France,2028,2.5407142857142873,0.3621428571428602,0.2721428571428568,1.0442857142857136,-0.3200000000000003,-0.3278571428571433
DEU,Germany,2028,0.2907142857142855,0.8071428571428605,0.38499999999999956,-0.08857142857142897,0.4792857142857141,0.1964285714285714
IND,India,2028,5.862142857142857,-2.1278571428571524,-1.0757142857142856,6.68214285714285,-1.116428571428571,0.7992857142857108
IDN,Indonesia,2028,10.977857142857147,0.8471428571428588,0.43785714285714405,12.713571428571441,-0.3292857142857155,2.947142857142861
IRN,Islamic Republic of Iran,2028,2.537142857142868,-1.5721428571428362,0.15642857142857136,2.9878571428571377,-8.872857142857157,0.20357142857142896
ITA,Italy,2028,4.287857142857142,0.807857142857145,0.5578571428571415,2.269285714285715,0.12642857142857267,0.3992857142857149
JPN,Japan,2028,1.2735714285714295,-0.07000000000000028,1.2735714285714295,2.347142857142856,-0.032857142857144694,1.9428571428571466
KEN,Kenya,2028,3.8950000000000387,-2.0435714285714255,-0.055000000000000604,6.59714285714287,1.5507142857142853,0.5992857142857151
KOR,Republic of Korea,2028,1.4728571428571442,-0.8285714285714327,0.9628571428571426,4.798571428571428,0.5235714285714295,-0.4585714285714282
MYS,Malaysia,2028,13.551428571428545,0.05428571428571516,0.09357142857142975,14.907857142857097,0.41857142857142904,1.6035714285714313
MEX,Mexico,2028,6.779999999999973,1.49071428571429,0.0342857142857147,9.63428571428571,-0.4571428571428626,-0.3592857142857149
MAR,Morocco,2028,5.6642857142857395,-4.340714285714313,-0.025000000000000133,2.4578571428571507,-0.03785714285713482,-0.05642857142857127
NGA,Nigeria,2028,7.06571428571425,0.4271428571428686,0.14857142857142858,10.141428571428605,1.24071428571429,0.2842857142857147
PAK,Pakistan,2028,2.2778571428571297,-5.892142857142858,0.09214285714285664,1.825000000000017,-6.636428571428553,0.47285714285714286
PER,Peru,2028,6.000714285714281,-0.7435714285714354,0.27071428571428413,15.791428571428582,0.09714285714286319,0.19428571428571573
PHL,Philippines,2028,9.479285714285709,-0.45285714285714285,0.5228571428571485,17.61357142857142,1.9385714285714268,-0.0892857142857153
RUS,Russian Federation,2028,0.3064285714285706,-0.8549999999999969,0.09142857142857141,0.588571428571429,0.4707142857142834,0.008571428571428896
SAU,Saudi Arabia,2028,3.449285714285736,-2.192142857142869,-0.00785714285714284,2.9550000000000125,0.04285714285714448,0.04571428571428571
SEN,Senegal,2028,2.652142857142792,1.91357142857143,0.13071428571428534,3.985714285714323,6.80714285714285,-0.742142857142857
ZAF,South Africa,2028,3.06142857142855,-2.934285714285714,0.02428571428571491,8.800714285714307,7.71142857142857,-0.012142857142857011
ESP,Spain,2028,4.374285714285726,0.0799999999999983,0.18999999999999995,-0.46071428571428186,0.13000000000000256,0.13357142857142934
SWE,Sweden,2028,0.02357142857142857,-0.5628571428571405,0.0792857142857144,0.007857142857142858,0.26000000000000156,0.29714285714285715
THA,Thailand,2028,4.995000000000061,-3.2071428571428555,0.944285714285714,7.682142857142935,-1.085000000000008,-0.40357142857143025
TUR,Türkiye,2028,2.7914285714285683,-1.1807142857142807,0.11428571428571388,4.056428571428576,4.234999999999999,0.281428571428572
GBR,United Kingdom,2028,0.006428571428571422,0.31285714285714405,0.274285714285714,-1.3877787807814457e-17,-0.6621428571428574,0.05785714285714283
ARE,United Arab Emirates,2028,4.340714285714284,2.1049999999999898,-0.058571428571428566,2.9835714285714516,-8.095714285714308,0.13999999999999999
USA,United States of America,2028,2.470714285714287,-0.9607142857142819,0.16428571428571281,3.9107142857142847,0.2142857142857153,0.2021428571428565
VEN,R. B. de Venezuela,2028,14.914285714285683,-1.5821428571428555,-0.7085714285714317,18.190714285714307,5.75,0.013571428571431454
VNM,Vietnam,2028,7.224999999999994,-2.71142857142857,0.6849999999999987,12.206428571428575,0.5871428571428581,-0.08214285714285552
DZA,Algeria,2029,0.8813333333333162,0.6633333333333269,-0.013333333333333308,2.076666666666654,5.0506666666667,-0.014000000000000012
ARG,Argentina,2029,2.6146666666666576,2.3726666666666603,0.14466666666666406,5.359333333333346,2.201999999999998,-0.5013333333333323
AUS,Australia,2029,7.53000000000003,8.978666666666655,-0.5760000000000005,4.6693333333333555,-2.6740000000000066,0.29000000000000004
BGD,Bangladesh,2029,6.304000000000002,-0.761333333333333,1.1773333333333404,12.066000000000031,-0.3086666666666602,-0.1506666666666696
BRA,Brazil,2029,20.50733333333332,4.131999999999998,-0.3459999999999983,3.154666666666685,2.4766666666666595,0.2480000000000011
KHM,Cambodia,2029,9.865333333333353,-1.7779999999999916,-0.06066666666666798,1.3893333333332976,-1.6326666666666583,0.874666666666668
CAN,Canada,2029,0.7633333333333332,-0.2753333333333359,0.03799999999999981,0.05600000000000005,-0.7086666666666694,0.09200000000000053
CHN,China,2029,2.2406666666666766,-1.2426666666666648,0.31333333333333346,2.4153333333333293,1.166000000000011,0.06399999999999917
COL,Colombia,2029,17.630666666666656,0.2326666666666668,1.0699999999999967,2.9879999999999995,0.788666666666666,-0.16599999999999682
ECU,Ecuador,2029,11.412666666666667,0.26200000000000223,0.8239999999999981,0.5200000000000031,0.16866666666666497,-0.13466666666666782
EGY,Arab Republic of Egypt,2029,2.9633333333333383,2.797333333333313,0.009999999999999995,0.6133333333333155,4.1573333333333835,-0.011333333333333336
ETH,Ethiopia,2029,3.987333333333339,-1.69733333333334,0.44200000000000017,4.27466666666669,0.9073333333333267,0.009333333333333194
FRA,France,2029,1.2700000000000014,0.6833333333333336,0.25399999999999956,2.0760000000000005,0.9986666666666686,0.01133333333333253
DEU,Germany,2029,0.8313333333333333,0.8093333333333348,0.18199999999999972,1.0280000000000005,0.9046666666666656,0.267333333333333
IND,India,2029,8.196666666666658,-0.3713333333333395,-0.3039999999999985,-0.5766666666666822,5.435333333333318,0.24199999999999733
IDN,Indonesia,2029,13.96066666666664,0.7253333333333352,2.144666666666666,9.74733333333333,-1.6606666666666676,1.6866666666666674
IRN,Islamic Republic of Iran,2029,0.2400000000000091,-5.8446666666666545,0.29533333333333345,3.404666666666685,5.027999999999992,-0.11799999999999988
ITA,Italy,2029,2.5553333333333335,1.0340000000000025,-0.23533333333333406,3.0793333333333344,2.2926666666666655,-0.26199999999999957
JPN,Japan,2029,1.5153333333333343,0.16799999999999926,0.9833333333333343,1.882666666666669,0.18399999999999928,0.7306666666666679
KEN,Kenya,2029,4.32600000000005,-1.0579999999999927,0.3500000000000001,4.122666666666646,-0.6340000000000074,-6.666666666657051e-4
KOR,Republic of Korea,2029,3.166666666666668,-0.7453333333333347,1.1600000000000001,3.8720000000000034,-1.0233333333333334,-0.28800000000000026
MYS,Malaysia,2029,17.921333333333337,0.9746666666666677,0.5166666666666693,11.244666666666603,-0.13199999999999967,1.3100000000000023
MEX,Mexico,2029,6.608000000000004,0.010000000000012221,-0.07066666666666688,8.954666666666668,2.4479999999999933,-0.18599999999999994
MAR,Morocco,2029,2.878666666666703,2.024666666666647,0.05133333333333323,5.495333333333335,7.627333333333354,-0.3886666666666666
NGA,Nigeria,2029,7.770666666666671,-0.7680000000000007,-0.10400000000000009,-0.5493333333332657,-0.008666666666670153,0.1626666666666674
PAK,Pakistan,2029,0.9780000000000086,0.7913333333333128,0.02066666666666661,1.6566666666666947,-2.0779999999999745,0.4226666666666672
PER,Peru,2029,14.448666666666682,-0.7406666666666695,0.12199999999999989,1.3826666666666796,1.2666666666666728,0.24666666666666615
PHL,Philippines,2029,16.92999999999998,0.4453333333333358,0.0400000000000027,13.406000000000006,-0.6640000000000015,1.1766666666666694
RUS,Russian Federation,2029,0.6499999999999995,-0.4713333333333303,0.04800000000000004,0.8293333333333335,-0.41000000000000014,-0.020000000000000018
SAU,Saudi Arabia,2029,1.8940000000000339,-12.163333333333355,0.07666666666666669,0.9660000000000366,3.7733333333333405,-0.059999999999999984
SEN,Senegal,2029,3.0633333333332757,3.00866666666667,-0.23266666666666724,0.6586666666667043,2.1159999999999854,0.3620000000000001
ZAF,South Africa,2029,9.287999999999982,2.628,-0.25733333333333297,3.799333333333337,3.4639999999999986,0.21266666666666678
ESP,Spain,2029,3.485333333333344,0.3359999999999985,0.16800000000000015,5.431333333333342,0.671999999999997,-0.4166666666666661
SWE,Sweden,2029,0.003333333333333334,-0.4039999999999999,-0.06599999999999984,0.007333333333333334,-1.035999999999996,0.0906666666666669
THA,Thailand,2029,14.658000000000015,-1.5840000000000032,-0.07066666666666777,4.547333333333427,-3.420666666666669,0.13666666666666671
TUR,Türkiye,2029,3.0346666666666664,-0.9153333333333293,0.6293333333333337,7.080666666666673,5.109999999999999,-0.32533333333333303
GBR,United Kingdom,2029,0.0059999999999999915,0.49733333333333185,-0.08933333333333371,-1.3877787807814457e-17,0.11933333333333351,0.19399999999999995
ARE,United Arab Emirates,2029,0.8873333333333164,-18.680666666666696,0.11333333333333334,1.2073333333333665,-9.954666666666668,-0.07466666666666667
USA,United States of America,2029,4.50866666666667,0.16733333333333178,0.11599999999999877,4.3686666666666625,1.2920000000000051,-0.1286666666666667
VEN,R. B. de Venezuela,2029,16.542666666666662,2.6206666666666685,-0.34400000000000297,6.813999999999993,-3.1826666666666696,-0.4913333333333316
VNM,Vietnam,2029,14.275333333333322,-0.3559999999999981,0.6859999999999999,4.681999999999988,-0.7773333333333312,1.6593333333333362
DZA,Algeria,2030,1.7824999999999989,7.381249999999994,0.053125000000000006,2.734375,1.519375000000025,-0.013124999999999998
ARG,Argentina,2030,2.7324999999999875,0.2931249999999892,-0.342500000000002,5.980625000000025,1.5206249999999955,0.25187500000000185
AUS,Australia,2030,2.7562500000000227,3.4581249999999812,0.35062499999999996,1.5743750000000318,-3.6599999999999966,0.5906249999999993
BGD,Bangladesh,2030,3.0037499999999966,1.0206250000000026,2.2193750000000065,8.940000000000026,0.2637500000000017,-0.2537500000000037
BRA,Brazil,2030,4.460000000000008,0.639374999999994,0.44437500000000085,6.360624999999999,1.0187499999999972,0.01687500000000064
KHM,Cambodia,2030,7.298750000000041,-0.5606249999999946,0.2618749999999981,1.4149999999999636,-0.9962499999999892,-0.061249999999997584
CAN,Canada,2030,0.30312499999999964,-0.7925000000000004,0.08250000000000002,0.18375000000000008,-0.7112500000000033,0.20812500000000034
CHN,China,2030,1.866250000000008,-1.1649999999999991,0.125,1.9924999999999997,0.12750000000000483,-0.4931250000000009
COL,Colombia,2030,7.960000000000008,0.32124999999999915,0.703125,6.485624999999999,-0.3012500000000031,0.07875000000000298
ECU,Ecuador,2030,5.140000000000001,0.030000000000001137,0.08812499999999801,2.4937500000000057,-0.22625000000000028,-0.5200000000000031
EGY,Arab Republic of Egypt,2030,1.9437499999999943,1.2631250000000023,-3.469446951953614e-18,3.078125,3.1475000000000364,-0.0012500000000000046
ETH,Ethiopia,2030,4.647500000000008,0.602499999999992,-0.3168749999999987,3.032499999999999,1.1599999999999966,-0.8256249999999996
FRA,France,2030,2.5500000000000025,-0.12812499999999716,-0.11812500000000004,1.618125000000001,0.6643750000000033,0.16062499999999957
DEU,Germany,2030,1.4074999999999998,-0.44124999999999837,-0.1668750000000001,0.09187499999999993,0.6793750000000003,0.05374999999999974
IND,India,2030,2.7624999999999886,2.0706249999999926,0.146250000000002,-0.15625,2.826874999999987,0.34874999999999723
IDN,Indonesia,2030,8.419374999999974,-0.45437499999999886,0.3324999999999996,9.728749999999991,-0.21625000000000139,-0.2562500000000014
IRN,Islamic Republic of Iran,2030,1.8937500000000114,-0.9137500000000216,-0.07937499999999997,1.9918749999999932,-0.49875000000000114,-0.1856249999999997
ITA,Italy,2030,3.9049999999999976,0.6225000000000023,-0.5300000000000002,4.977500000000003,1.8775000000000013,-0.7331249999999994
JPN,Japan,2030,0.754999999999999,0.15749999999999886,1.193750000000005,2.7025000000000006,0.26624999999999943,0.4506250000000023
KEN,Kenya,2030,3.671250000000015,0.0956250000000054,-0.2625000000000002,2.730624999999975,6.136874999999996,-0.29124999999999934
KOR,Republic of Korea,2030,3.3718749999999993,-0.042500000000000426,0.01875000000000071,2.655000000000001,-1.0718749999999986,0.5643749999999983
MYS,Malaysia,2030,10.05125000000001,0.11687500000000028,1.2437500000000021,8.957499999999953,-0.4424999999999999,-0.328125
MEX,Mexico,2030,3.710624999999993,-1.828124999999993,0.008750000000000036,6.52000000000001,2.6699999999999946,0.3131250000000003
MAR,Morocco,2030,3.1675000000000324,2.254374999999982,0.12312500000000015,4.805000000000007,2.7912500000000193,-0.2237499999999999
NGA,Nigeria,2030,7.041249999999991,-2.079374999999999,-0.40687499999999943,3.3662500000000364,-1.8549999999999898,0.011875000000000746
PAK,Pakistan,2030,1.8075000000000045,-4.198750000000018,0.019374999999999698,2.012500000000017,0.14250000000002672,0.27437500000000004
PER,Peru,2030,2.7643750000000153,0.4868749999999906,0.42375000000000007,3.2087500000000233,1.0843750000000014,0.3625000000000007
PHL,Philippines,2030,9.337499999999977,-0.5574999999999992,-0.6281249999999972,10.693125000000009,-0.30375000000000263,1.0656250000000007
RUS,Russian Federation,2030,0.3281249999999991,-0.35749999999999815,0.03562500000000002,0.5149999999999997,-0.6750000000000043,-0.028124999999999956
SAU,Saudi Arabia,2030,3.3225000000000193,1.6374999999999886,0.0062500000000000056,1.9087500000000261,-6.493750000000006,-0.009374999999999994
SEN,Senegal,2030,3.162499999999966,5.267499999999984,-0.3775000000000004,-1.4731249999999818,-2.9662500000000023,0.8831250000000002
ZAF,South Africa,2030,7.226249999999993,-3.367500000000007,-0.25062499999999943,3.0275000000000034,-0.2774999999999963,-0.15687499999999988
ESP,Spain,2030,3.8487500000000097,2.0024999999999977,-0.3956249999999999,6.048125000000006,4.042500000000004,-0.35312499999999947
SWE,Sweden,2030,0.03125,0.39000000000000057,0.05062500000000014,0.01625,-0.4087499999999977,0.06625000000000014
THA,Thailand,2030,8.604375000000005,0.4743749999999949,-0.10374999999999979,0.5975000000000819,-0.6099999999999994,-0.20937500000000142
TUR,Türkiye,2030,2.488749999999996,-0.6049999999999969,0.25249999999999995,6.7037500000000065,3.7406249999999943,-0.2393749999999999
GBR,United Kingdom,2030,0.005624999999999991,-0.5556249999999991,-0.2806250000000001,-1.3877787807814457e-17,0.2993749999999995,0.06000000000000005
ARE,United Arab Emirates,2030,2.603749999999991,-1.6225000000000023,-0.071875,-0.021249999999980673,-0.4918750000000216,-0.05125000000000002
USA,United States of America,2030,3.711250000000007,-0.5650000000000013,0.14624999999999932,3.148750000000007,0.31125000000000114,-0.026875000000000426
VEN,R. B. de Venezuela,2030,8.439999999999998,-1.358749999999997,-0.060000000000002274,9.83812500000002,-1.9056250000000041,-0.6293749999999978
VNM,Vietnam,2030,8.873750000000001,1.860000000000003,0.6149999999999984,7.623750000000001,-1.338124999999998,-0.1599999999999966
DZA,Algeria,2031,4.181176470588241,-13.06235294117647,-0.006470588235294117,3.881764705882375,-11.784117647058792,-0.002941176470588225
ARG,Argentina,2031,0.5764705882352956,-0.5805882352941296,0.5623529411764672,4.480588235294128,-0.42294117647058727,0.06764705882353184
AUS,Australia,2031,6.923529411764719,11.141764705882352,-0.39470588235294146,5.368823529411799,5.289411764705875,-0.06529411764705939
BGD,Bangladesh,2031,9.10470588235296,3.1535294117647084,-1.9111764705882273,5.8729411764706185,-1.5399999999999991,-0.9352941176470608
BRA,Brazil,2031,17.129411764705907,1.7123529411764693,0.1452941176470599,12.085294117647067,-1.309411764705878,-0.49235294117647044
KHM,Cambodia,2031,9.17529411764707,-1.2523529411764684,0.9052941176470561,4.597647058823554,-0.5799999999999912,0.18705882352941394
CAN,Canada,2031,0.25705882352941156,-0.2847058823529416,0.17176470588235304,0.5870588235294121,-0.3023529411764727,0.2147058823529413
CHN,China,2031,2.8764705882353,-0.0423529411764747,0.12705882352941167,2.90117647058824,0.16705882352941614,-0.30411764705882494
COL,Colombia,2031,17.25176470588238,0.9329411764705888,0.9629411764705829,13.86882352941177,0.7517647058823513,-0.04823529411764582
ECU,Ecuador,2031,12.517647058823535,-0.40470588235293903,1.0899999999999963,11.796470588235309,-0.10000000000000142,-1.3270588235294127
EGY,Arab Republic of Egypt,2031,4.652941176470591,-3.3100000000000023,-3.469446951953614e-18,3.4241176470588357,3.2164705882353815,-0.0011764705882352997
ETH,Ethiopia,2031,6.708235294117628,-0.8541176470588283,-0.025294117647058023,3.5694117647059045,-1.1388235294117734,0.06058823529411761
FRA,France,2031,0.7905882352941198,-0.42176470588235304,-0.017058823529411793,2.6900000000000013,0.3147058823529463,-0.14058823529411812
DEU,Germany,2031,-0.03058823529411736,-0.3588235294117652,0.04058823529411759,1.6205882352941172,1.0252941176470607,-0.1847058823529415
IND,India,2031,5.188235294117618,0.6970588235294173,0.17529411764706104,2.7423529411764775,1.7288235294117555,-0.4905882352941191
IDN,Indonesia,2031,10.54058823529411,1.727647058823531,-0.6941176470588246,12.620000000000005,1.4152941176470577,-0.7023529411764713
IRN,Islamic Republic of Iran,2031,3.82470588235293,-4.718823529411793,0.11352941176470588,3.7664705882353076,-1.6364705882352837,0.14529411764705902
ITA,Italy,2031,1.3223529411764687,-0.11999999999999744,0.4047058823529408,7.310588235294123,2.1999999999999993,-0.40764705882352903
JPN,Japan,2031,2.0376470588235307,-0.15294117647058947,-0.43882352941175995,1.6776470588235277,0.015294117647059124,-0.11235294117646788
KEN,Kenya,2031,6.9470588235294315,-0.24882352941175867,-0.3600000000000003,3.6052941176470483,-0.34176470588236185,0.2717647058823536
KOR,Republic of Korea,2031,2.9758823529411806,-0.28470588235293803,0.11176470588235432,0.18352941176470594,0.779411764705884,0.7005882352941164
MYS,Malaysia,2031,16.83882352941177,0.6464705882352941,0.050588235294121375,13.183529411764653,0.750588235294118,-0.44999999999999574
MEX,Mexico,2031,4.819411764705876,-2.633529411764698,0.2529411764705891,6.070588235294139,-1.4494117647058857,0.012352941176470011
MAR,Morocco,2031,3.178823529411787,-11.082941176470598,-0.015882352941176237,4.249411764705883,-2.6623529411764366,-0.21058823529411752
NGA,Nigeria,2031,9.309411764705885,-0.07470588235294429,-0.37352941176470456,8.194117647058874,-1.0399999999999778,0.10529411764705898
PAK,Pakistan,2031,-0.8023529411764798,-1.9847058823529693,0.2252941176470582,3.2494117647059113,-3.094117647058809,-0.10882352941176432
PER,Peru,2031,11.486470588235306,1.0511764705882243,0.4270588235294106,8.582352941176495,-1.04999999999999,-0.11058823529411654
PHL,Philippines,2031,6.792941176470578,1.6211764705882352,0.17117647058823593,10.31823529411767,0.9847058823529409,1.078235294117647
RUS,Russian Federation,2031,0.9299999999999997,-0.17647058823528994,0.014705882352941346,0.8235294117647056,-0.9176470588235333,0.04882352941176471
SAU,Saudi Arabia,2031,4.623529411764707,-4.576470588235281,-0.031764705882352945,5.928235294117684,7.328235294117633,0.009999999999999981
SEN,Senegal,2031,3.8799999999999955,-6.3458823529411745,-0.05411764705882405,2.8205882352941103,1.641176470588249,0.26647058823529424
ZAF,South Africa,2031,4.485882352941175,1.5458823529411774,0.1782352941176475,4.7223529411764815,2.5811764705882396,0.1723529411764706
ESP,Spain,2031,0.7329411764706038,-2.538823529411765,0.07941176470588251,3.9135294117647206,1.1882352941176535,-0.021764705882352242
SWE,Sweden,2031,0.010588235294117648,0.0847058823529423,0.047647058823529376,-0.003529411764705882,-0.3188235294117625,0.2129411764705884
THA,Thailand,2031,11.910000000000025,-3.666470588235299,0.5235294117647058,6.049411764705951,-1.8541176470588283,-0.027647058823529136
TUR,Türkiye,2031,3.8858823529411737,1.1905882352941148,0.049411764705882266,5.161176470588245,-0.13117647058823678,0.5935294117647061
GBR,United Kingdom,2031,0.00529411764705881,0.19235294117646973,0.2817647058823529,0.009411764705882328,-0.38647058823529257,0.00941176470588223
ARE,United Arab Emirates,2031,3.0058823529411995,-7.607058823529428,-0.08647058823529412,5.250588235294117,16.88294117647058,0.14941176470588233
USA,United States of America,2031,1.9870588235294164,-0.2494117647058829,0.22235294117646998,3.622352941176466,0.08588235294118007,0.31352941176470583
VEN,R. B. de Venezuela,2031,17.10117647058823,2.024705882352947,0.1599999999999966,12.91117647058826,2.2535294117647027,-0.6770588235294088
VNM,Vietnam,2031,8.107058823529428,0.6776470588235313,1.3129411764705878,5.885882352941167,1.1876470588235293,-0.6400000000000006
DZA,Algeria,2032,5.214444444444467,-6.254444444444459,-0.034444444444444444,5.356666666666683,2.9805555555555543,0.006666666666666682
ARG,Argentina,2032,1.1488888888888908,-1.4833333333333343,0.12499999999999822,3.7500000000000213,1.3855555555555554,-0.12499999999999734
AUS,Australia,2032,8.4938888888888755,1.3522222222222098,-0.1555555555555559,8.130555555555588,3.8244444444444383,-0.07111111111111112
BGD,Bangladesh,2032,4.99111111111111,-3.1227777777777774,0.7733333333333405,7.5583333333333655,-2.3988888888888837,-0.5244444444444483
BRA,Brazil,2032,19.46444444444444,3.591111111111111,0.42055555555555735,14.407777777777767,1.3227777777777803,0.30944444444444485
KHM,Cambodia,2032,10.223888888888894,1.0744444444444454,-0.24055555555555586,7.8366666666667015,3.8155555555555694,0.025555555555557774
CAN,Canada,2032,0.3277777777777775,-0.3633333333333333,0.35111111111111093,1.0738888888888893,-0.03999999999999915,0.1461111111111113
CHN,China,2032,3.377777777777787,-1.201666666666675,-0.13500000000000068,2.9194444444444443,-0.6261111111111077,0.052777777777777146
COL,Colombia,2032,16.907222222222202,-0.18611111111111178,1.7122222222222199,18.009444444444455,0.48333333333333073,0.34166666666666856
ECU,Ecuador,2032,14.62722222222223,-0.5522222222222197,0.47222222222222143,13.370000000000005,0.018888888888886513,-0.03500000000000014
EGY,Arab Republic of Egypt,2032,3.0344444444444605,1.624444444444464,-3.469446951953614e-18,6.8983333333333405,-4.479999999999961,-0.010555555555555563
ETH,Ethiopia,2032,5.353333333333325,-0.7122222222222305,0.24055555555555674,6.516111111111115,-0.24444444444445423,-0.3394444444444442
FRA,France,2032,1.64388888888889,-0.81388888888889,0.10666666666666735,2.9088888888888906,-0.34499999999999886,0.008888888888888502
DEU,Germany,2032,0.018333333333333535,-0.8016666666666641,-0.1033333333333335,3.2683333333333335,-0.37277777777777743,0.11833333333333318
IND,India,2032,7.553888888888849,-2.930555555555557,0.15611111111111242,5.810555555555538,-2.928888888888906,0.7833333333333314
IDN,Indonesia,2032,15.46111111111108,0.6400000000000023,2.3572222222222194,10.454999999999984,-0.797777777777779,0.7061111111111096
IRN,Islamic Republic of Iran,2032,2.884999999999991,1.0494444444444468,0.2961111111111112,5.398888888888877,4.914444444444456,0.22222222222222254
ITA,Italy,2032,4.33722222222222,-1.9833333333333307,-0.16555555555555657,3.2777777777777786,0.3305555555555557,-0.0638888888888891
JPN,Japan,2032,0.6588888888888889,0.3466666666666658,0.237222222222222,2.613888888888887,0.1466666666666665,0.7250000000000014
KEN,Kenya,2032,4.558888888888873,0.001111111111121943,0.46277777777777773,6.24777777777777,-0.9555555555555628,-0.43277777777777704
KOR,Republic of Korea,2032,0.704444444444448,-0.37277777777777743,2.5233333333333334,1.2311111111111117,-0.8411111111111111,0.14222222222221959
MYS,Malaysia,2032,19.256111111111096,-0.5038888888888877,0.6711111111111165,13.508888888888833,0.028888888888888964,-0.49111111111110617
MEX,Mexico,2032,6.922222222222189,1.5455555555555591,0.3711111111111114,8.330555555555577,2.6072222222222194,-0.14888888888888907
MAR,Morocco,2032,5.051666666666691,-2.2222222222222285,-0.09999999999999964,4.75,1.952777777777797,-0.0950000000000002
NGA,Nigeria,2032,7.082777777777835,1.1383333333333354,0.2988888888888903,8.91944444444448,-3.3338888888888647,0.4111111111111123
PAK,Pakistan,2032,2.3211111111111222,4.566666666666649,0.2127777777777773,3.17277777777781,-0.5233333333333121,0.010555555555555873
PER,Peru,2032,13.42666666666669,-0.735555555555564,0.6961111111111116,11.108888888888913,-0.04722222222221717,0.5472222222222243
PHL,Philippines,2032,13.3761111111111,-0.8583333333333325,0.8322222222222244,14.665555555555528,0.3161111111111108,-1.1161111111111097
RUS,Russian Federation,2032,0.793333333333333,-0.43111111111110745,0.023333333333333428,1.429444444444444,-0.5927777777777798,0.02722222222222226
SAU,Saudi Arabia,2032,1.8733333333333633,-3.774444444444441,-0.03,6.307222222222265,7.59166666666664,0
SEN,Senegal,2032,3.522777777777776,6.019999999999982,-0.2400000000000011,0.34055555555556793,2.258333333333354,0.5255555555555556
ZAF,South Africa,2032,8.656666666666666,4.8033333333333275,0.21555555555555594,5.848333333333343,1.6727777777777817,-0.15833333333333321
ESP,Spain,2032,4.800555555555569,0.8322222222222209,0.11277777777777809,4.971111111111121,-0.32277777777776606,-0.1999999999999993
SWE,Sweden,2032,0.019444444444444445,-0.8455555555555563,-0.11555555555555563,0.034444444444444444,-0.1027777777777743,0.45611111111111113
THA,Thailand,2032,11.41833333333335,1.0233333333333334,0.42833333333333456,6.808888888888987,2.2249999999999943,-0.5172222222222249
TUR,Türkiye,2032,3.7266666666666666,1.6627777777777766,0.008888888888888946,5.696111111111122,4.201666666666661,-0.4594444444444443
GBR,United Kingdom,2032,0.0049999999999999906,0.4933333333333323,0.1716666666666664,0.008888888888888863,0.48499999999999943,0.046666666666666856
ARE,United Arab Emirates,2032,2.1966666666666868,2.8833333333333258,0.06944444444444443,7.291666666666714,-11.859444444444478,0.06555555555555553
USA,United States of America,2032,0.9227777777777746,-0.24500000000000455,0.5122222222222215,3.3644444444444446,-1.0805555555555522,0.10722222222222211
VEN,R. B. de Venezuela,2032,17.30333333333334,-1.0816666666666634,0.13222222222221802,13.053333333333342,0.5794444444444409,0.3616666666666699
VNM,Vietnam,2032,11.085000000000008,2.5194444444444457,0.19166666666666288,9.95999999999998,-0.4933333333333323,0.7083333333333357
DZA,Algeria,2033,3.841052631578947,1.7578947368420756,0.014736842105263132,3.1894736842105544,2.2647368421052647,-0.02210526315789474
ARG,Argentina,2033,3.002105263157894,0.9157894736841996,0.1563157894736822,3.931578947368429,1.4547368421052624,0.34578947368421176
AUS,Australia,2033,3.3857894736842127,-5.824210526315795,0.45894736842105166,7.939473684210526,0.3926315789473733,-0.21894736842105234
BGD,Bangladesh,2033,2.94736842105263,-0.4668421052631473,3.2242105263157974,8.496315789473726,3.4968421052631626,-0.44000000000000483
BRA,Brazil,2033,9.421052631578988,-0.2263157894736878,0.3415789473684221,10.021052631578954,5.620526315789469,-0.7584210526315793
KHM,Cambodia,2033,8.624736842105278,1.141052631578944,0.19842105263157706,10.465263157894753,-1.8610526315789429,0.7631578947368443
CAN,Canada,2033,0.6515789473684208,-0.18315789473684418,0.19052631578947388,0.07947368421052659,-0.10421052631578931,0.11947368421052662
CHN,China,2033,2.4610526315789585,-0.655263157894737,0.014210526315789451,3.618421052631575,-0.536315789473683,-0.03526315789473777
COL,Colombia,2033,4.677368421052648,-1.2847368421052634,0.7978947368420997,17.65842105263158,0.059999999999996945,0.4089473684210496
ECU,Ecuador,2033,4.08052631578947,-0.7884210526315787,-0.3957894736842107,8.943157894736842,-0.550526315789476,0.2889473684210522
EGY,Arab Republic of Egypt,2033,4.267368421052652,4.6273684210526085,-0.00947368421052632,2.3857894736842127,9.180000000000007,-0.01947368421052632
ETH,Ethiopia,2033,9.685263157894752,2.707368421052621,-0.28368421052631554,6.675263157894761,-0.8189473684210569,-0.23631578947368403
FRA,France,2033,2.4005263157894756,0.034210526315789025,0.27157894736842136,2.878947368421052,-0.6678947368421007,0.17894736842105186
DEU,Germany,2033,0.7468421052631582,0.5478947368421085,-0.1926315789473687,2.452105263157894,-0.19210526315789345,0.0363157894736843
IND,India,2033,3.2626315789473495,1.5057894736842172,0.22368421052631682,2.596315789473664,-0.1505263157894916,0.6852631578947346
IDN,Indonesia,2033,14.031578947368416,-0.7010526315789454,0.8689473684210505,15.655263157894723,0.570526315789472,0.47947368421052516
IRN,Islamic Republic of Iran,2033,3.6615789473684117,-0.6921052631578846,-0.155263157894737,4.347368421052636,4.030526315789473,-0.026315789473683848
ITA,Italy,2033,5.643684210526313,-0.5999999999999943,0.2884210526315769,4.924210526315793,-0.5110526315789485,-0.10789473684210549
JPN,Japan,2033,2.0831578947368428,0.13894736842105182,0.49947368421052474,4.532105263157895,0.2431578947368429,-0.8194736842105286
KEN,Kenya,2033,7.426315789473676,-2.3578947368420913,0.07842105263157828,5.378947368421052,-3.8705263157894763,0.22473684210526335
KOR,Republic of Korea,2033,6.152631578947371,0.6226315789473702,-0.9726315789473716,5.448421052631581,-0.038947368421052175,1.5842105263157897
MYS,Malaysia,2033,16.33842105263156,-0.183684210526315,1.933684210526316,17.67684210526312,0.7378947368421045,0.23578947368421765
MEX,Mexico,2033,7.457894736842093,5.964210526315796,-0.37789473684210595,5.91210526315794,-2.8921052631579016,0.019999999999999574
MAR,Morocco,2033,3.6205263157894905,2.053684210526299,-0.07578947368421018,6.034736842105261,6.3500000000000085,-0.1657894736842105
NGA,Nigeria,2033,6.53947368421052,-1.289999999999992,0.42526315789473834,5.9963157894737265,-0.609999999999971,0.7210526315789485
PAK,Pakistan,2033,0.9294736842105351,-3.3000000000000114,-0.5657894736842111,3.0721052631579084,1.2000000000000028,-0.10368421052631493
PER,Peru,2033,3.0663157894737054,-0.6684210526315866,0.31842105263157805,9.292631578947365,0.608947368421056,0.025789473684211472
PHL,Philippines,2033,20.885789473684184,0.16263157894736757,-0.28210526315789153,15.191578947368413,-0.6289473684210538,0.1647368421052633
RUS,Russian Federation,2033,0.6568421052631566,-0.6642105263157845,0.12631578947368438,0.7289473684210526,-0.0026315789473692064,0.15842105263157902
SAU,Saudi Arabia,2033,4.057894736842115,1.682105263157922,-0.07578947368421052,4.004736842105274,4.179473684210507,-0.0568421052631579
SEN,Senegal,2033,1.082631578947371,-2.775789473684199,-0.3315789473684223,3.6100000000000136,2.9447368421052715,-0.4968421052631573
ZAF,South Africa,2033,8.551578947368412,3.6221052631578843,-0.07052631578947333,7.861578947368443,3.6121052631578934,-0.0457894736842106
ESP,Spain,2033,3.373157894736856,-0.4810526315789474,0.021578947368421364,4.415789473684221,-0.2868421052631476,0.03789473684210565
SWE,Sweden,2033,-0.009999999999999998,0.17473684210526486,0.08947368421052615,0.05157894736842105,-0.10684210526315852,0.11947368421052662
THA,Thailand,2033,7.4731578947368575,-1.9200000000000017,-0.03947368421052744,10.950526315789546,-1.0373684210526335,0.33421052631578796
TUR,Türkiye,2033,7.272631578947369,4.104736842105261,-0.34210526315789425,5.036315789473697,4.132105263157882,-0.20789473684210558
GBR,United Kingdom,2033,0.0047368421052631365,0.0884210526315794,0.22894736842105257,0.008421052631578926,-0.061578947368420955,0.31894736842105287
ARE,United Arab Emirates,2033,3.0852631578947296,6.113684210526287,-0.03842105263157894,3.544736842105266,6.006842105263104,-0.013684210526315799
USA,United States of America,2033,6.529999999999994,1.0752631578947351,0.06842105263157894,2.2589473684210475,-0.26578947368420813,-0.012105263157894619
VEN,R. B. de Venezuela,2033,10.1684210526316,-1.0910526315789468,0.3147368421052583,13.56000000000003,-1.0710526315789508,-0.5952631578947347
VNM,Vietnam,2033,10.69105263157897,3.0784210526315796,0.35210526315789537,12.145263157894703,-0.20210526315789323,-0.45631578947367757
DZA,Algeria,2034,4.703499999999991,-6.319500000000005,-0.0050000000000000044,5.300500000000028,-1.0784999999999911,0.007500000000000007
ARG,Argentina,2034,1.3035000000000068,-0.7830000000000013,0.10099999999999731,3.146000000000022,0.8024999999999949,-0.17499999999999893
AUS,Australia,2034,6.759999999999991,0.7654999999999887,-0.09600000000000097,6.782499999999999,-1.7550000000000097,0.09599999999999964
BGD,Bangladesh,2034,2.2394999999999925,-4.993999999999993,1.6475000000000115,9.126000000000005,-0.23100000000000165,-0.14250000000000185
BRA,Brazil,2034,5.653500000000008,1.3810000000000002,0.35299999999999976,11.372500000000002,1.3970000000000056,-0.08399999999999963
KHM,Cambodia,2034,7.319500000000062,-1.6044999999999945,0.2644999999999982,8.735500000000002,0.711500000000008,-1.0229999999999997
CAN,Canada,2034,0.6664999999999996,-0.9340000000000046,0.08599999999999985,0.7690000000000001,0.2524999999999977,0.24650000000000016
CHN,China,2034,2.6040000000000134,-2.6840000000000046,0.4314999999999998,1.9364999999999952,-0.5570000000000022,0.1089999999999991
COL,Colombia,2034,6.314999999999998,-0.30850000000000044,0.22599999999999554,18.495000000000005,0.6079999999999988,-0.9320000000000022
ECU,Ecuador,2034,9.177499999999995,-0.5969999999999995,-0.5375000000000014,6.576999999999998,-0.7605000000000022,-0.32399999999999807
EGY,Arab Republic of Egypt,2034,3.5600000000000307,-4.781000000000006,4.999999999999935e-4,6.569999999999993,0.8930000000000291,0.019499999999999997
ETH,Ethiopia,2034,6.445999999999998,0.9569999999999865,0.23399999999999999,6.265500000000031,-0.008500000000005059,0.5164999999999997
FRA,France,2034,3.6485000000000003,0.27949999999999875,-0.2739999999999996,1.5665000000000013,0.002000000000005997,-0.13400000000000034
DEU,Germany,2034,2.3149999999999995,-0.2679999999999989,-0.08800000000000008,1.3890000000000002,-0.44849999999999923,0.3290000000000002
IND,India,2034,5.455499999999972,-1.8944999999999936,-0.7754999999999992,5.430499999999995,-3.335000000000008,-0.16600000000000037
IDN,Indonesia,2034,13.538999999999987,0.008500000000002395,0.01799999999999713,14.92949999999999,-0.389000000000002,0.44599999999999795
IRN,Islamic Republic of Iran,2034,5.568499999999972,-1.7405000000000257,-0.21399999999999997,5.659500000000008,-2.5740000000000123,-0.25299999999999967
ITA,Italy,2034,7.3565000000000005,-0.864499999999996,-0.1250000000000009,8.715500000000002,3.7989999999999995,0.5244999999999997
JPN,Japan,2034,1.0954999999999977,-0.4474999999999998,0.8355000000000032,1.6265,-0.44349999999999845,1.444499999999998
KEN,Kenya,2034,4.946000000000026,-1.1949999999999932,0.511499999999999,4.758499999999998,0.26549999999998875,0.27050000000000063
KOR,Republic of Korea,2034,1.6840000000000046,-0.5104999999999968,-0.2590000000000039,1.243000000000002,0.7515000000000036,1.2104999999999997
MYS,Malaysia,2034,16.348000000000013,0.5760000000000005,0.4975000000000023,17.36299999999997,0.18799999999999972,1.9720000000000049
MEX,Mexico,2034,3.6839999999999975,-1.3260000000000005,-0.03599999999999959,7.2885000000000275,-0.28699999999999903,0.10449999999999982
MAR,Morocco,2034,6.774000000000015,-4.5470000000000255,0.3460000000000003,4.4694999999999965,6.697500000000019,0.1844999999999999
NGA,Nigeria,2034,8.787000000000035,0.10449999999998738,0.11900000000000155,10.066500000000019,0.6080000000000325,-0.4169999999999989
PAK,Pakistan,2034,3.077500000000015,0.10449999999997317,-0.24300000000000033,4.942000000000036,1.102000000000018,-0.2789999999999999
PER,Peru,2034,5.953000000000017,0.01099999999999568,0.27399999999999913,10.367000000000004,-1.1029999999999944,-0.963499999999998
PHL,Philippines,2034,11.462499999999977,-0.33000000000000185,0.6345000000000027,18.545500000000004,0.0389999999999997,-1.2495000000000012
RUS,Russian Federation,2034,0.4529999999999994,-0.08949999999999392,0.139,0.37899999999999956,0.2729999999999997,0.12200000000000011
SAU,Saudi Arabia,2034,4.301500000000004,5.379000000000019,-0.014999999999999986,4.279500000000013,-11.552500000000009,-0.04450000000000001
SEN,Senegal,2034,2.615000000000009,-5.8004999999999995,0.6159999999999992,2.660000000000025,3.6335000000000264,0.16450000000000076
ZAF,South Africa,2034,11.002499999999998,3.29849999999999,-0.17149999999999954,5.910500000000013,0.28699999999999903,-0.3474999999999997
ESP,Spain,2034,6.311000000000007,0.7494999999999976,0.020500000000000185,3.7675000000000125,4.221000000000011,0.08350000000000035
SWE,Sweden,2034,1.734723475976807e-18,0.26099999999999923,0.17999999999999994,0.03,0.2690000000000019,0.27500000000000013
THA,Thailand,2034,7.0330000000000155,-1.2445000000000022,0.5705000000000009,10.792500000000018,1.2565000000000026,-0.04350000000000165
TUR,Türkiye,2034,3.897500000000001,0.042499999999996874,-0.0114999999999994,7.910000000000011,0.02099999999999369,0.0019999999999997797
GBR,United Kingdom,2034,0.004499999999999976,-0.9990000000000006,0.42649999999999944,0.007999999999999965,0.24549999999999983,0.18900000000000006
ARE,United Arab Emirates,2034,2.5889999999999986,2.492500000000007,-0.055499999999999994,3.301000000000016,2.0394999999999754,-0.146
USA,United States of America,2034,3.9329999999999927,-0.24200000000000443,0.1695000000000002,6.050499999999992,1.2959999999999994,-0.49600000000000044
VEN,R. B. de Venezuela,2034,8.130500000000012,-4.2094999999999985,0.6314999999999955,19.988000000000056,2.326499999999996,-1.6199999999999974
VNM,Vietnam,2034,8.389500000000027,-1.0179999999999971,1.0375000000000014,10.464499999999987,2.7055000000000042,-0.4619999999999962
DZA,Algeria,2035,5.250952380952384,1.8195238095238153,-0.01428571428571429,5.705238095238116,-5.522380952380928,-0.030952380952380953
ARG,Argentina,2035,2.460476190476193,0.25428571428571445,-0.2657142857142878,3.6342857142857383,0.40238095238094473,0.05238095238095397
AUS,Australia,2035,4.990476190476187,-2.6995238095238108,-0.0723809523809531,4.9833333333333485,-3.9095238095238187,-0.16571428571428548
BGD,Bangladesh,2035,7.304285714285697,0.691428571428581,2.6833333333333442,10.320000000000022,5.208571428571425,-1.6214285714285772
BRA,Brazil,2035,10.193809523809534,-0.008571428571428896,0.2314285714285731,14.373809523809513,-0.28857142857143003,0.5295238095238108
KHM,Cambodia,2035,9.561428571428621,0.10999999999999943,-0.6433333333333344,4.776666666666699,-0.16047619047618866,1.6447619047619053
CAN,Canada,2035,1.2061904761904763,-0.20380952380952522,0.3295238095238098,0.45619047619047626,-1.37857142857143,0.19666666666666677
CHN,China,2035,4.137142857142862,-0.2514285714285762,0.07761904761904681,3.3109523809523793,-1.0542857142857116,0.2752380952380955
COL,Colombia,2035,12.071428571428584,-0.23666666666666814,-0.3180952380952391,16.214285714285722,-0.5542857142857169,1.1123809523809491
ECU,Ecuador,2035,8.016666666666673,-0.025714285714284912,0.8976190476190453,13.511428571428574,0.7233333333333309,-0.3276190476190486
EGY,Arab Republic of Egypt,2035,6.504761904761921,-0.7057142857142935,-0.009047619047619053,6.638095238095218,9.412380952381,-4.7619047619048074e-4
ETH,Ethiopia,2035,5.805714285714288,-0.4885714285714329,0.10857142857142854,5.795714285714297,0.7061904761904714,0.5776190476190468
FRA,France,2035,3.1223809523809543,-0.6576190476190469,-0.18476190476190446,2.36809523809524,-0.6361904761904711,0.08190476190476126
DEU,Germany,2035,0.10000000000000053,-1.4361904761904754,0.27809523809523795,0.8942857142857141,-0.45571428571428285,0.21809523809523812
IND,India,2035,5.338571428571413,-1.8423809523809496,0.09952380952381112,3.238571428571447,-0.15714285714287257,1.308571428571426
IDN,Indonesia,2035,14.494285714285724,-1.3061904761904746,0.7790476190476134,13.2852380952381,-0.3514285714285732,0.7771428571428558
IRN,Islamic Republic of Iran,2035,4.636666666666628,-3.238571428571447,0.1104761904761904,7.1423809523809325,-5.0800000000000125,0.07333333333333325
ITA,Italy,2035,6.330000000000002,0.2719047619047643,-0.16666666666666785,3.9385714285714286,1.722857142857137,0.3185714285714276
JPN,Japan,2035,5.309999999999999,0.1833333333333318,-0.8138095238095211,3.701428571428572,0.04428571428571537,0.7852380952380962
KEN,Kenya,2035,5.95809523809524,0.27142857142857224,-0.17000000000000037,5.855714285714299,1.9861904761904725,0.3814285714285721
KOR,Republic of Korea,2035,5.575238095238095,-0.08619047619047393,0.515238095238093,7.8409523809523805,-0.5033333333333303,0.21952380952381034
MYS,Malaysia,2035,17.121904761904773,0.33904761904761926,-0.630952380952376,13.22190476190471,0.16000000000000014,0.220952380952383
MEX,Mexico,2035,5.060952380952358,3.1942857142857193,-0.14857142857142858,9.617619047619087,3.012380952380944,-0.07190476190476236
MAR,Morocco,2035,5.746666666666684,4.5457142857142685,0.053333333333333455,5.570952380952377,-1.1071428571428328,0.26142857142857134
NGA,Nigeria,2035,8.635238095238094,-1.1671428571428635,0.5038095238095242,7.55857142857144,-0.6209523809523603,0.5647619047619061
PAK,Pakistan,2035,2.2547619047619207,-1.4719047619047956,-0.06952380952380954,4.849523809523845,1.401904761904774,0.22952380952380969
PER,Peru,2035,6.0980952380952544,-0.3228571428571456,0.21333333333333115,12.263809523809527,-0.031428571428563146,0.07285714285714384
PHL,Philippines,2035,12.811904761904742,0.04761904761904745,0.5280952380952435,14.148095238095237,-0.3533333333333335,-0.485238095238099
RUS,Russian Federation,2035,0.39333333333333265,0.048095238095243076,0.2561904761904761,0.8942857142857141,-1.130476190476191,0.08761904761904771
SAU,Saudi Arabia,2035,5.487142857142857,-4.5247619047619025,0.01428571428571429,5.485238095238117,-7.669047619047632,0.09095238095238098
SEN,Senegal,2035,3.9761904761904816,-0.838571428571413,-0.02285714285714313,1.7809523809524421,-2.9204761904761654,0.7661904761904768
ZAF,South Africa,2035,2.9071428571428584,-2.353809523809524,0.45571428571428596,0.7528571428571524,0.587619047619043,0.49761904761904807
ESP,Spain,2035,6.105714285714299,0.23761904761904873,-0.21857142857142842,6.330952380952397,2.9152380952381023,-0.34904761904761905
SWE,Sweden,2035,0.05714285714285715,0.10571428571428854,0.21904761904761894,0.009523809523809525,-0.8580952380952365,0.023809523809523947
THA,Thailand,2035,11.031428571428592,3.7195238095237997,0.11476190476190595,8.478571428571456,0.7776190476190479,-0.05095238095238308
TUR,Türkiye,2035,6.99761904761904,2.392857142857146,-0.20142857142857107,5.104761904761908,0.9533333333333402,-0.41714285714285726
GBR,United Kingdom,2035,0.004285714285714268,-0.9228571428571417,-0.10809523809523869,0.007619047619047595,-0.1185714285714301,0.34190476190476193
ARE,United Arab Emirates,2035,2.827619047619038,-4.797619047619037,0.032857142857142876,6.039047619047636,-29.19095238095241,0.05142857142857141
USA,United States of America,2035,3.8409523809523805,0.41714285714285637,0.18047619047619,6.162380952380943,0.23428571428571132,0.1371428571428579
VEN,R. B. de Venezuela,2035,14.30523809523811,0.5338095238095235,-0.0557142857142896,14.550476190476246,3.3490476190476173,0.30476190476190723
VNM,Vietnam,2035,11.570952380952406,2.6780952380952385,-0.03095238095238173,7.25190476190474,-0.09952380952380935,0.7028571428571482
DZA,Algeria,2036,3.8190909090909315,-3.6277272727272702,0.005454545454545462,4.5677272727272396,-7.3236363636363535,-0.01999999999999999
ARG,Argentina,2036,4.5059090909090855,0.20454545454545325,-0.4159090909090928,5.865000000000016,-0.9236363636363691,-0.5322727272727263
AUS,Australia,2036,3.73272727272726,-9.936363636363637,0.9236363636363625,6.37954545454545,3.4177272727272623,-0.3777272727272729
BGD,Bangladesh,2036,8.814545454545424,4.821818181818195,-0.5122727272727161,12.103636363636383,4.780909090909091,-0.6695454545454567
BRA,Brazil,2036,7.582727272727311,1.8627272727272697,-0.2945454545454531,18.397727272727252,-0.6381818181818204,0.31454545454545624
KHM,Cambodia,2036,10.07181818181823,3.2740909090909156,-0.490000000000002,11.489545454545521,-2.1386363636363583,1.0736363636363642
CAN,Canada,2036,0.8840909090909093,-0.595454545454551,0.20000000000000018,0.5977272727272731,0.0872727272727225,0.09227272727272728
CHN,China,2036,2.8704545454545567,0.14181818181817363,0.10272727272727167,3.7045454545454533,-0.8918181818181807,-0.22409090909091045
COL,Colombia,2036,11.255454545454569,-0.15909090909091006,1.8822727272727242,20.68909090909088,0.23454545454545261,-0.34136363636363853
ECU,Ecuador,2036,7.327727272727273,-0.2345454545454544,0.30318181818181245,16.104545454545452,-0.989545454545457,-0.3890909090909105
EGY,Arab Republic of Egypt,2036,0.6822727272727604,-14.419090909090926,9.090909090909011e-4,6.555909090909097,-1.7636363636363512,-4.5454545454546094e-4
ETH,Ethiopia,2036,5.11227272727271,0.28772727272725973,0.3518181818181825,6.095454545454572,1.4281818181818124,0.5990909090909096
FRA,France,2036,2.5986363636363663,0.6036363636363653,-0.34818181818181815,3.749545454545453,-0.1586363636363579,-0.3131818181818189
DEU,Germany,2036,1.0309090909090912,0.4427272727272751,0.1318181818181816,1.9227272727272728,-1.2272727272727249,0.3036363636363639
IND,India,2036,3.683181818181822,-1.7299999999999898,1.0209090909090914,5.773636363636399,0.8140909090908934,0.017727272727270815
IDN,Indonesia,2036,16.069090909090903,-0.2063636363636352,1.669545454545446,16.38500000000002,0.2754545454545445,1.1236363636363649
IRN,Islamic Republic of Iran,2036,2.908181818181788,0.7554545454545405,0.17227272727272713,5.013636363636351,-0.08590909090912646,0.18454545454545457
ITA,Italy,2036,5.62227272727273,-0.08409090909090722,-0.6650000000000018,5.05772727272727,0.04090909090908568,0.3709090909090902
JPN,Japan,2036,2.8922727272727258,0.17499999999999716,-0.7959090909090882,4.7645454545454555,0.22363636363636452,0.4631818181818197
KEN,Kenya,2036,6.107272727272743,2.5690909090909173,0.01909090909090816,8.329090909090894,3.6713636363636226,0.20181818181818212
KOR,Republic of Korea,2036,4.329090909090908,-0.2636363636363619,2.3149999999999977,8.505909090909093,0.5409090909090928,-0.9168181818181793
MYS,Malaysia,2036,16.362727272727312,-0.07727272727272716,0.9250000000000043,18.83499999999995,0.50590909090909,0.8599999999999994
MEX,Mexico,2036,6.654090909090911,0.7009090909091,0.23999999999999932,10.631363636363687,-2.365000000000009,0.06500000000000039
MAR,Morocco,2036,4.616818181818189,1.7904545454545229,0.3372727272727274,7.3031818181818124,-1.3240909090908985,-0.1227272727272728
NGA,Nigeria,2036,9.78909090909093,-0.44590909090909747,0.1277272727272729,5.181818181818187,-0.7263636363636152,0.873181818181819
PAK,Pakistan,2036,1.5795454545454959,-1.6245454545454692,0.18181818181818166,2.939545454545481,0.3550000000000182,0.35272727272727344
PER,Peru,2036,7.625000000000014,-0.8236363636363677,-0.054090909090909634,13.825454545454548,-1.7863636363636317,0.11727272727272897
PHL,Philippines,2036,15.551363636363618,0.4654545454545431,1.9931818181818208,11.75818181818181,-0.3181818181818201,0.7681818181818159
RUS,Russian Federation,2036,1.0722727272727264,-0.5172727272727222,0.13954545454545464,1.1018181818181816,0.4959090909090911,0.05500000000000016
SAU,Saudi Arabia,2036,2.5649999999999693,-5.655454545454546,0.013636363636363641,6.390909090909105,-12.789999999999992,0.08681818181818185
SEN,Senegal,2036,4.415909090909054,-0.38999999999998636,0.3981818181818171,2.320454545454595,-6.796818181818168,0.397272727272727
ZAF,South Africa,2036,5.686363636363637,-1.960454545454546,0.20590909090909149,6.245454545454564,-4.794090909090919,0.3700000000000001
ESP,Spain,2036,5.5131818181818275,1.00954545454546,0.14454545454545453,6.157727272727293,3.231363636363639,-0.04681818181818187
SWE,Sweden,2036,0.006818181818181817,-1.0540909090909079,-0.05818181818181811,0.1618181818181818,0.7654545454545456,-0.005909090909090642
THA,Thailand,2036,12.639545454545441,-1.1936363636363723,-0.23409090909090935,15.023181818181854,-0.0690909090909102,1.039545454545454
TUR,Türkiye,2036,4.760909090909088,0.3463636363636411,-0.058636363636363154,6.142272727272733,0.4899999999999949,0.27954545454545476
GBR,United Kingdom,2036,0.004090909090909062,0.16909090909090985,0.25954545454545386,0.007272727272727236,-0.8004545454545475,0.2786363636363638
ARE,United Arab Emirates,2036,2.7372727272727673,2.2263636363636294,0.1745454545454545,4.666818181818201,7.263181818181778,-0.05590909090909091
USA,United States of America,2036,6.215000000000003,-0.413181818181819,-0.056818181818182545,5.004090909090905,-1.561363636363641,-0.08863636363636296
VEN,R. B. de Venezuela,2036,13.168181818181807,-0.759999999999998,1.0445454545454513,20.236818181818222,0.7722727272727283,-0.6922727272727265
VNM,Vietnam,2036,10.357727272727288,0.47545454545454646,-0.20136363636363797,10.46363636363634,0.8499999999999979,-0.06409090909090409
DZA,Algeria,2037,5.527826086956566,-5.670000000000016,-0.004347826086956524,4.88565217391303,-10.678260869565179,0.019130434782608674
ARG,Argentina,2037,4.616086956521741,1.7452173913043438,0.6543478260869549,4.663043478260889,-0.09913043478261585,0.4282608695652179
AUS,Australia,2037,10.371304347826054,9.013913043478269,-0.1591304347826097,8.876086956521732,8.204782608695652,-0.2560869565217394
BGD,Bangladesh,2037,9.301739130434754,-0.03652173913042134,-0.7291304347825971,9.348695652173916,4.123478260869561,-1.4247826086956579
BRA,Brazil,2037,22.06000000000006,-0.5043478260869563,-0.16695652173912912,19.24304347826086,1.245217391304351,-0.23478260869565126
KHM,Cambodia,2037,14.636521739130501,0.7404347826087019,0.29652173913043356,16.021304347826117,4.803043478260868,-0.2930434782608682
CAN,Canada,2037,0.3769565217391304,0.004347826086952722,0.10521739130434815,0.39956521739130446,-0.46173913043478265,0.13608695652173886
CHN,China,2037,3.9891304347826164,-0.42869565217392847,0.04086956521738916,4.58608695652174,-0.6521739130434767,-0.2908695652173918
COL,Colombia,2037,22.48347826086959,-0.5347826086956537,-0.9065217391304365,23.40521739130432,-0.2826086956521756,-0.36478260869565204
ECU,Ecuador,2037,16.268260869565225,-0.43478260869565233,0.6534782608695586,20.65565217391304,-0.4300000000000015,0.986086956521735
EGY,Arab Republic of Egypt,2037,2.6326086956521806,-2.7060869565217445,8.695652173912986e-4,5.457826086956487,-0.720869565217356,-4.34782608695658e-4
ETH,Ethiopia,2037,7.434347826086935,-0.16478260869566697,0.4704347826086952,9.991304347826116,0.4095652173913038,0.6878260869565223
FRA,France,2037,1.8543478260869577,-0.0730434782608711,-0.14173913043478237,4.705652173913043,-0.2569565217391272,0.42739130434782524
DEU,Germany,2037,0.9765217391304342,1.3417391304347852,-0.07478260869565267,3.4652173913043463,0.6147826086956538,0.213913043478261
IND,India,2037,9.673478260869558,0.6791304347826213,-0.36260869565217213,12.046086956521748,0.1282608695652101,-0.011739130434785139
IDN,Indonesia,2037,19.110434782608706,1.2947826086956526,-0.5073913043478306,19.862173913043478,1.9469565217391285,0.7973913043478262
IRN,Islamic Republic of Iran,2037,6.091304347826053,4.931304347826085,-0.21782608695652184,4.661739130434768,2.691739130434769,0.18608695652173934
ITA,Italy,2037,6.095217391304349,1.3734782608695681,-0.5882608695652181,7.755217391304349,0.25913043478260533,-0.9652173913043489
JPN,Japan,2037,2.0586956521739133,0.2247826086956497,0.08043478260869819,2.787826086956521,0.682608695652176,1.1891304347826086
KEN,Kenya,2037,6.8365217391304896,2.28521739130435,0.34347826086956523,9.392173913043479,1.9334782608695562,0.23130434782608722
KOR,Republic of Korea,2037,3.0121739130434797,-0.22347826086956246,-1.4491304347826066,5.6491304347826095,0.23043478260869676,-0.4847826086956495
MYS,Malaysia,2037,21.782608695652186,0.012173913043477924,1.104782608695654,22.387391304347773,0.10130434782608688,0.7843478260869574
MEX,Mexico,2037,9.569130434782608,1.6460869565217422,0.019130434782608674,9.40391304347827,-3.017826086956532,0.04304347826086907
MAR,Morocco,2037,5.171739130434787,0.9760869565217121,-0.22260869565217378,8.324782608695642,3.5543478260869676,-0.002608695652174031
NGA,Nigeria,2037,12.175652173913022,-2.1865217391304412,0.17000000000000082,8.715652173913043,1.897391304347849,1.1126086956521748
PAK,Pakistan,2037,4.590869565217417,-2.1756521739130648,-0.23739130434782663,4.074347826086978,-1.3726086956521613,0.17478260869565299
PER,Peru,2037,13.740434782608716,-0.4243478260869722,-0.2334782608695658,15.491304347826087,0.3860869565217442,0.4852173913043494
PHL,Philippines,2037,15.343913043478238,-0.44434782608695755,0.2900000000000027,22.753913043478235,0.3078260869565206,-0.40347826086956573
RUS,Russian Federation,2037,0.9491304347826084,-0.7243478260869551,-4.3478260869567187e-4,1.1973913043478257,-0.5682608695652185,0.12913043478260877
SAU,Saudi Arabia,2037,4.069999999999965,4.2321739130435105,-0.006086956521739101,4.659130434782611,7.355652173913029,0.025652173913043502
SEN,Senegal,2037,5.017826086956518,2.8408695652174174,0.9643478260869554,5.280434782608722,-4.836956521739097,-0.03130434782608704
ZAF,South Africa,2037,8.892173913043479,1.83608695652174,0.4265217391304348,9.33130434782609,-0.654347826086962,0.22956521739130453
ESP,Spain,2037,5.091739130434789,0.20043478260869563,-0.17739130434782613,9.572608695652193,-2.0360869565217357,-0.0543478260869561
SWE,Sweden,2037,0.006521739130434781,0.26391304347826505,0.040000000000000036,0.0017391304347826077,-1.2573913043478235,0.2430434782608697
THA,Thailand,2037,15.97347826086957,2.454782608695645,0.2639130434782597,16.531739130434858,3.9034782608695693,0.7265217391304315
TUR,Türkiye,2037,6.658260869565211,-1.065217391304337,-0.14217391304347782,5.770000000000003,0.3539130434782578,0.1143478260869566
GBR,United Kingdom,2037,0.003913043478260839,-0.17304347826086897,-0.010000000000000675,0.006956521739130403,0.353478260869565,0.6013043478260873
ARE,United Arab Emirates,2037,4.053043478260918,6.778260869565202,0.0043478260869565105,2.828260869565213,-3.4213043478261227,-0.1108695652173913
USA,United States of America,2037,2.6734782608695724,-0.7586956521739197,0.24217391304347746,5.140434782608693,-0.0013043478260854613,0.46999999999999975
VEN,R. B. de Venezuela,2037,21.26173913043479,0.9947826086956546,-1.2965217391304371,22.178695652173985,3.8760869565217355,-0.4326086956521724
VNM,Vietnam,2037,13.494347826086965,2.377391304347828,0.19956521739130295,16.933913043478242,1.281739130434783,-0.41521739130434554
DZA,Algeria,2038,3.83125000000004,-2.01249999999996,0.005416666666666681,7.279166666666612,-12.724999999999966,-0.03916666666666668
ARG,Argentina,2038,1.7979166666666586,0.7908333333333317,0.59833333333333,4.861666666666679,0.23083333333332234,0.16125000000000078
AUS,Australia,2038,9.105416666666656,3.9712499999999977,-0.1141666666666672,10.739166666666705,2.0649999999999835,-0.005833333333333801
BGD,Bangladesh,2038,12.87208333333328,4.258333333333354,0.5470833333333438,14.11499999999998,-1.194583333333341,-0.1579166666666758
BRA,Brazil,2038,24.734583333333376,-0.7037500000000065,-0.09291666666666565,23.884583333333296,2.6499999999999986,-0.29208333333333236
KHM,Cambodia,2038,11.439166666666722,2.932916666666671,0.7633333333333319,10.015833333333376,1.1625000000000014,1.7987500000000018
CAN,Canada,2038,0.4187500000000002,0.0329166666666616,0.0625,1.2933333333333334,-0.16458333333333286,0.09208333333333307
CHN,China,2038,5.097500000000004,-1.8675000000000068,0.029583333333332185,4.279999999999994,0.11291666666666345,0.23874999999999957
COL,Colombia,2038,22.77333333333334,0.30208333333333215,1.7283333333333353,21.960416666666646,0.3329166666666641,-0.32083333333333286
ECU,Ecuador,2038,18.494166666666672,-0.48375000000000057,1.33541666666666,17.140416666666653,0.36416666666666586,0.197499999999998
EGY,Arab Republic of Egypt,2038,6.375416666666695,-4.2608333333333235,0.010416666666666657,8.105416666666628,4.819583333333355,0.00916666666666666
ETH,Ethiopia,2038,9.33833333333331,0.0049999999999954525,-0.30625000000000036,8.83708333333334,-2.9329166666666637,0.151250000000001
FRA,France,2038,2.160416666666668,-0.19458333333333044,0.046250000000000124,2.7941666666666656,-0.8979166666666636,-0.11750000000000016
DEU,Germany,2038,1.635416666666666,-2.2887499999999985,0.12958333333333294,1.701249999999999,-0.5320833333333308,0.20500000000000007
IND,India,2038,9.663333333333327,-1.3041666666666458,0.24666666666666792,10.40375000000003,-2.177083333333357,-0.5000000000000018
IDN,Indonesia,2038,21.3425,0.713750000000001,-0.6108333333333356,21.900000000000034,0.6870833333333319,0.7737499999999997
IRN,Islamic Republic of Iran,2038,6.038749999999965,-0.3820833333333553,-0.007500000000000062,4.486666666666679,-3.5058333333333564,0.0920833333333333
ITA,Italy,2038,4.767916666666661,2.0829166666666694,-0.3337500000000011,6.492916666666673,2.8549999999999933,-0.139166666666668
JPN,Japan,2038,3.467916666666664,-0.3691666666666684,0.6712500000000041,3.725833333333334,-0.02624999999999922,0.4591666666666683
KEN,Kenya,2038,6.896666666666704,-1.9308333333333252,0.4633333333333334,10.534166666666664,-3.437083333333348,0.09708333333333341
KOR,Republic of Korea,2038,6.039583333333333,-1.4599999999999973,1.0166666666666657,7.320833333333333,-0.10500000000000043,1.1358333333333341
MYS,Malaysia,2038,27.238333333333344,0.5483333333333329,0.5029166666666711,23.898333333333284,-0.11374999999999957,0.7133333333333347
MEX,Mexico,2038,9.86041666666668,1.0120833333333366,0.05666666666666664,10.74666666666667,-2.0008333333333397,0.15625
MAR,Morocco,2038,6.940000000000012,5.8037499999999795,-0.0024999999999999467,7.4316666666666436,5.131250000000023,-0.2708333333333335
NGA,Nigeria,2038,14.58166666666665,-2.066666666666677,0.36416666666666764,9.60791666666671,-1.1716666666666384,0.52000000000000135
PAK,Pakistan,2038,4.8691666666667,-3.675833333333344,0.06958333333333311,4.7958333333333485,-0.050416666666663446,0.08125000000000071
PER,Peru,2038,14.998333333333349,-0.3300000000000125,0.18833333333333258,15.717916666666667,2.286666666666669,0.2350000000000012
PHL,Philippines,2038,22.52458333333331,-0.41625000000000156,0.4408333333333374,23.645833333333314,1.512083333333333,-0.23333333333333428
RUS,Russian Federation,2038,1.4941666666666658,-0.013749999999998153,0.047499999999999876,1.0708333333333329,-0.08458333333333101,0.0854166666666667
SAU,Saudi Arabia,2038,6.554999999999978,-1.1383333333332928,-0.0058333333333333015,4.464999999999975,-2.5629166666666663,-0.023333333333333345
SEN,Senegal,2038,5.115416666666647,3.8725000000000307,-0.37916666666666776,5.4150000000000205,0.9804166666666845,0.2287499999999998
ZAF,South Africa,2038,12.671250000000015,3.0245833333333323,-0.3099999999999996,10.197916666666686,4.5862499999999855,0.2295833333333328
ESP,Spain,2038,6.748333333333342,5.290416666666665,-0.18916666666666693,8.541250000000012,3.539999999999999,-0.40666666666666673
SWE,Sweden,2038,0.006249999999999997,-0.36999999999999744,0.21083333333333343,0.020833333333333332,0.75,0.14666666666666672
THA,Thailand,2038,18.039166666666688,0.09083333333332888,0.4158333333333317,12.46958333333339,-0.6195833333333312,-0.0033333333333356308
TUR,Türkiye,2038,7.262499999999989,0.09083333333334309,0.3333333333333339,4.676666666666669,-3.532499999999999,0.23416666666666686
GBR,United Kingdom,2038,0.0037499999999999756,-1.2104166666666654,0.26833333333333265,0.006666666666666626,-0.40875000000000306,-0.01791666666666636
ARE,United Arab Emirates,2038,4.7754166666667,-3.1929166666666617,-0.04375,5.067916666666662,-14.443333333333356,-0.048750000000000016
USA,United States of America,2038,4.622500000000002,0.1929166666666653,0.21291666666666664,7.56166666666666,0.4683333333333337,0.1150000000000011
VEN,R. B. de Venezuela,2038,22.608750000000015,2.8604166666666657,-0.39916666666666956,23.017916666666707,2.1716666666666633,0.5629166666666681
VNM,Vietnam,2038,18.701250000000016,0.8408333333333324,-0.3070833333333347,18.346249999999998,0.5000000000000036,0.18666666666667098
DZA,Algeria,2039,4.225200000000029,2.74320000000003,-0.023599999999999982,4.280799999999971,13.579200000000014,0.01999999999999999
ARG,Argentina,2039,1.8027999999999906,1.421599999999998,0.3919999999999968,4.600000000000023,0.720799999999997,0.5099999999999998
AUS,Australia,2039,6.523599999999988,2.54519999999998,0.12079999999999957,6.728800000000007,-0.03360000000000696,0.28239999999999954
BGD,Bangladesh,2039,15.457999999999942,-2.2095999999999805,-0.28119999999999123,14.33759999999998,-0.7340000000000089,-2.2156000000000056
BRA,Brazil,2039,17.198000000000008,3.701999999999998,0.24680000000000035,14.749999999999972,3.1199999999999974,0.5068000000000001
KHM,Cambodia,2039,9.973600000000033,-1.3507999999999925,1.1456,10.728800000000035,1.7687999999999988,1.0451999999999995
CAN,Canada,2039,0.5460000000000003,-0.554000000000002,0.2616000000000005,0.7904000000000004,-0.4651999999999994,0.13639999999999963
CHN,China,2039,3.2232000000000127,0.568799999999996,0.19159999999999844,3.3695999999999984,-0.8899999999999935,0.1524000000000001
COL,Colombia,2039,19.232,0.3667999999999978,0.1903999999999968,18.77799999999999,0.5499999999999972,2.591199999999997
ECU,Ecuador,2039,16.13199999999999,0.40920000000000023,1.2915999999999919,10.771599999999992,-0.0536000000000012,0.9191999999999965
EGY,Arab Republic of Egypt,2039,5.832400000000035,-1.008800000000008,0.009999999999999992,5.5251999999999555,-2.7171999999999343,-8.000000000000056e-4
ETH,Ethiopia,2039,9.233599999999996,2.6159999999999926,0.18599999999999994,7.763599999999997,-0.7131999999999934,-0.008399999999999075
FRA,France,2039,1.6420000000000012,0.5140000000000029,0.11160000000000059,2.4136000000000006,0.04040000000000532,-0.07440000000000069
DEU,Germany,2039,2.395599999999999,0.3180000000000014,-0.13480000000000047,0.8171999999999988,-0.10759999999999792,0.10080000000000022
IND,India,2039,6.876800000000003,0.14960000000000662,-0.022399999999997533,9.536400000000015,5.858799999999974,-0.2784000000000013
IDN,Indonesia,2039,18.1464,-0.3995999999999995,0.10479999999999379,19.21920000000003,-0.3388000000000009,0.45479999999999876
IRN,Islamic Republic of Iran,2039,4.875599999999963,8.301999999999992,0.0023999999999999577,5.900800000000004,-0.620000000000033,0.10760000000000014
ITA,Italy,2039,4.490799999999997,1.3276000000000039,0.7835999999999981,8.470000000000006,1.7711999999999968,-0.6808000000000014
JPN,Japan,2039,2.9739999999999966,-0.3928000000000029,-1.3716000000000008,2.9720000000000013,0.13800000000000168,0.5944000000000003
KEN,Kenya,2039,6.736000000000018,-3.216799999999992,0.022399999999999753,5.869599999999991,-1.1396000000000157,0.3812000000000002
KOR,Republic of Korea,2039,2.8699999999999974,0.0768000000000022,-0.6271999999999984,3.696800000000003,-0.6288000000000018,-0.20560000000000045
MYS,Malaysia,2039,18.785600000000017,-0.19360000000000088,1.4044000000000025,20.523199999999974,-0.5411999999999999,2.700800000000001
MEX,Mexico,2039,12.173200000000008,2.1044000000000054,-0.40640000000000054,12.380800000000022,2.696799999999996,-0.26280000000000037
MAR,Morocco,2039,7.622400000000013,2.17319999999998,0.12240000000000006,7.652799999999985,2.7180000000000177,-0.32720000000000005
NGA,Nigeria,2039,11.300799999999981,0.809599999999989,-0.14000000000000057,11.047599999999989,-2.4303999999999775,0.19200000000000017
PAK,Pakistan,2039,2.9848000000000354,3.6807999999999765,-0.3268,5.03600000000003,-1.0468000000000046,0.19320000000000048
PER,Peru,2039,14.216000000000008,1.2575999999999894,0.26720000000000077,10.471599999999995,1.5040000000000049,-0.03359999999999985
PHL,Philippines,2039,19.58839999999998,-0.28439999999999976,1.0952000000000055,21.25999999999999,-0.38200000000000145,-0.3008000000000024
RUS,Russian Federation,2039,1.6167999999999996,-0.6660000000000004,0.08400000000000007,1.411999999999999,-0.5228000000000002,0.04360000000000008
SAU,Saudi Arabia,2039,5.332799999999963,1.0000000000000284,-0.015199999999999991,8.068799999999982,3.4244000000000483,0.015999999999999986
SEN,Senegal,2039,5.2468000000000075,6.511200000000002,-0.056800000000001294,5.073599999999999,-1.1131999999999778,-0.3275999999999999
ZAF,South Africa,2039,8.612400000000008,3.5851999999999933,0.29760000000000053,11.374000000000024,3.7883999999999887,0.02839999999999998
ESP,Spain,2039,6.5552000000000135,1.881999999999998,0.46159999999999934,8.63160000000002,4.0512000000000015,-0.19839999999999947
SWE,Sweden,2039,0.0348,0.009600000000002495,0.1352,-0.0088,-0.4416000000000011,0.3808
THA,Thailand,2039,12.709600000000023,-2.6776000000000053,0.6391999999999971,11.644400000000076,0.490000000000002,-0.03200000000000358
TUR,Türkiye,2039,6.856799999999993,1.3832000000000093,-0.006399999999999295,5.987200000000001,-0.799199999999999,-0.034399999999999764
GBR,United Kingdom,2039,0.0035999999999999643,-0.3940000000000019,0.14239999999999986,0.01599999999999996,-0.9780000000000015,-0.06519999999999948
ARE,United Arab Emirates,2039,4.949200000000019,4.768400000000014,-0.013200000000000003,7.735600000000005,6.0639999999999645,-0.00839999999999999
USA,United States of America,2039,5.407200000000003,-0.14120000000000488,0.29079999999999906,6.452799999999989,0.30560000000000187,-0.004799999999999471
VEN,R. B. de Venezuela,2039,22.90439999999998,1.1907999999999994,-1.1224000000000025,18.852400000000046,-1.342400000000005,1.7980000000000018
VNM,Vietnam,2039,10.004400000000032,-2.0440000000000005,1.3659999999999997,14.310000000000002,-0.8735999999999962,-0.2719999999999949
DZA,Algeria,2040,4.187692307692345,6.11846153846156,-0.02269230769230765,5.558461538461529,-2.654615384615397,0
ARG,Argentina,2040,6.089230769230767,0.7899999999999991,-0.42115384615384865,6.144230769230781,-0.2973076923076974,0.26923076923077005
AUS,Australia,2040,7.397692307692267,2.6588461538461416,-0.13384615384615461,4.93153846153848,-0.8688461538461638,-0.0361538461538462
BGD,Bangladesh,2040,15.526923076922998,1.0388461538461726,-2.4915384615384504,8.449615384615385,0.3134615384615316,-0.2746153846153909
BRA,Brazil,2040,16.171153846153857,1.2038461538461576,0.7180769230769233,13.69230769230768,1.78846153846154,0.24692307692307836
KHM,Cambodia,2040,9.051538461538541,-2.058461538461536,0.17846153846153712,11.479615384615443,1.3546153846153857,-0.19692307692307764
CAN,Canada,2040,0.7076923076923078,-0.9461538461538481,0.10730769230769255,1.1926923076923082,-0.5049999999999955,0.15038461538461556
CHN,China,2040,5.512692307692319,0.37384615384615216,0.13615384615384496,3.7976923076923086,-0.3557692307692264,0.24269230769230798
COL,Colombia,2040,13.425000000000011,0.1892307692307682,-0.36499999999999844,18.575000000000017,0.18269230769230482,1.347307692307691
ECU,Ecuador,2040,13.934615384615384,-0.6642307692307678,0.32846153846153214,13.001538461538445,0.5350000000000001,0.8069230769230735
EGY,Arab Republic of Egypt,2040,2.598461538461578,1.0299999999999727,0.01923076923076922,6.99538461538458,9.368076923076956,-7.692307692307755e-4
ETH,Ethiopia,2040,7.455384615384617,-1.2442307692307821,0.03461538461538538,10.676538461538485,3.920000000000009,0.2611538461538476
FRA,France,2040,2.684615384615384,-0.4673076923076884,0.30923076923076964,2.234230769230768,1.5003846153846219,-0.29269230769230825
DEU,Germany,2040,0.5726923076923072,-0.9249999999999989,0.43769230769230716,0.583846153846153,1.646538461538464,-0.2011538461538458
IND,India,2040,4.910384615384601,0.02846153846154209,-0.031153846153843645,5.477307692307676,-1.3569230769230956,1.1073076923076908
IDN,Indonesia,2040,16.342692307692317,0.6157692307692333,0.6007692307692274,18.855000000000018,-0.2392307692307707,1.4276923076923076
IRN,Islamic Republic of Iran,2040,5.418846153846118,-0.2673076923076678,-0.05538461538461559,6.02000000000001,-2.8173076923077076,-0.011923076923076703
ITA,Italy,2040,5.443076923076916,-1.2234615384615353,0.35923076923076813,7.923076923076927,2.6069230769230707,-0.39500000000000135
JPN,Japan,2040,5.503846153846151,0.31461538461538296,-0.3765384615384626,2.7903846153846175,0.9980769230769244,0.18692307692307608
KEN,Kenya,2040,7.294230769230808,1.4069230769230785,-0.045769230769230784,11.499615384615396,-0.09576923076923549,0.20307692307692315
KOR,Republic of Korea,2040,8.932692307692307,0.3911538461538484,0.3680769230769201,4.996923076923082,1.010769230769231,0.33115384615384613
MYS,Malaysia,2040,17.3996153846154,0.10230769230769265,0.6003846153846197,20.685769230769182,-0.3280769230769227,0.5007692307692331
MEX,Mexico,2040,11.878076923076947,0.46576923076924004,-0.07346153846153936,12.92384615384617,2.823846153846148,-0.012307692307691909
MAR,Morocco,2040,5.90615384615387,4.368461538461531,-0.1515384615384614,6.829615384615366,0.22884615384616325,-0.30500000000000005
NGA,Nigeria,2040,12.010384615384623,1.9611538461538345,0.10576923076922995,7.6226923076923185,0.4226923076923299,0.6365384615384615
PAK,Pakistan,2040,4.87961538461542,1.6642307692307412,-0.28538461538461535,6.0826923076923265,0.3492307692307577,0.022307692307693028
PER,Peru,2040,9.351923076923072,0.2765384615384505,0.38192307692307637,11.126538461538445,-0.13076923076922498,0.5830769230769235
PHL,Philippines,2040,14.229230769230753,-0.12923076923076948,2.7742307692307726,23.730769230769226,0.026923076923077716,0.9703846153846172
RUS,Russian Federation,2040,1.064230769230769,-1.198076923076922,0.1576923076923078,1.549999999999999,-0.021923076923080487,0.0900000000000003
SAU,Saudi Arabia,2040,4.96423076923071,3.000000000000057,0.004615384615384632,5.383461538461518,-1.6015384615384392,-0.0038461538461538602
SEN,Senegal,2040,6.1892307692307895,-2.7680769230769044,0.003076923076922089,4.926538461538485,0.9969230769231103,0.23307692307692296
ZAF,South Africa,2040,5.521538461538469,-0.023846153846157847,0.2669230769230775,11.696153846153862,-0.5400000000000063,-0.06884615384615378
ESP,Spain,2040,5.341538461538477,3.559615384615377,-0.219615384615385,7.2419230769230865,2.991538461538461,0.0015384615384617106
SWE,Sweden,2040,-0.014615384615384617,-0.45230769230768786,-0.11999999999999988,0.010769230769230767,-0.5207692307692291,0.26038461538461566
THA,Thailand,2040,11.566923076923104,0.14653846153845507,0.2107692307692286,18.004230769230844,1.1057692307692264,-0.9346153846153875
TUR,Türkiye,2040,7.814230769230768,3.3203846153846257,0.11884615384615493,7.151153846153846,2.520000000000003,-0.10038461538461485
GBR,United Kingdom,2040,0.0034615384615384326,0.33269230769230695,-0.12269230769230832,0.005769230769230735,-0.42115384615384954,0.4373076923076922
ARE,United Arab Emirates,2040,5.662692307692339,5.57538461538465,-0.012692307692307697,5.226538461538468,4.705769230769221,-0.11384615384615385
USA,United States of America,2040,5.305000000000007,0.46038461538461206,0.10653846153846125,9.09884615384614,0.11115384615384727,-0.05269230769230848
VEN,R. B. de Venezuela,2040,17.43692307692305,1.9815384615384595,0.084230769230766,19.790769230769286,2.4111538461538444,-0.11730769230769056
VNM,Vietnam,2040,9.888846153846174,-0.11923076923076792,-0.7923076923076948,14.211538461538453,0.8426923076923103,-0.049999999999993605
DZA,Algeria,2041,3.040740740740773,-5.644444444444417,-0.0025925925925925908,3.272592592592588,-4.588148148148122,0.019259259259259254
ARG,Argentina,2041,4.708148148148155,-0.568148148148147,0.5574074074074042,6.687037037037044,0.7633333333333283,0.04740740740740712
AUS,Australia,2041,6.5459259259259,-1.2625925925926111,0.0733333333333328,9.284444444444489,-0.9522222222222183,0.07111111111111112
BGD,Bangladesh,2041,14.585925925925864,1.8285185185185355,-2.1681481481481377,9.552222222222213,0.16703703703703354,-1.84370370370371
BRA,Brazil,2041,23.612962962962996,0.4851851851851805,0.2003703703703703,15.342222222222205,1.5200000000000031,0.29555555555555735
KHM,Cambodia,2041,11.92296296296297,1.099259259259263,0.8555555555555561,13.259629629629671,0.13925925925926208,0.24370370370370154
CAN,Canada,2041,0.7777777777777777,-0.10222222222222754,0.1033333333333335,1.0425925925925923,-0.12037037037036669,0.2314814814814814
CHN,China,2041,5.279629629629639,-0.34296296296296447,0.2370370370370356,4.340740740740742,-1.3151851851851788,0.1085185185185189
COL,Colombia,2041,20.08259259259259,0.6925925925925913,0.8811111111111103,22.798148148148158,0.9751851851851825,-0.6862962962963017
ECU,Ecuador,2041,19.995555555555555,0.9011111111111134,1.8088888888888839,18.336296296296297,-0.6403703703703716,0.22814814814814355
EGY,Arab Republic of Egypt,2041,5.188888888888897,-3.938518518518549,0.008888888888888877,4.752592592592578,5.535185185185242,-0.010370370370370375
ETH,Ethiopia,2041,9.885185185185208,0.39074074074073906,0.5533333333333337,5.947777777777816,-2.2437037037036944,1.1759259259259265
FRA,France,2041,3.0859259259259257,-0.1803703703703725,0.48074074074074113,3.528518518518517,-0.48111111111110816,-0.11814814814814856
DEU,Germany,2041,2.0344444444444436,0.6403703703703716,0.3251851851851846,3.133333333333332,-0.37888888888888594,-0.02037037037037015
IND,India,2041,10.198148148148164,2.0303703703703775,-0.5403703703703666,9.174444444444447,0.9948148148148022,0.7966666666666651
IDN,Indonesia,2041,20.792962962962974,0.053703703703705585,0.33777777777777374,19.64925925925931,-0.10518518518518594,0.5851851851851855
IRN,Islamic Republic of Iran,2041,3.8892592592592337,-2.4722222222222285,0.22592592592592586,5.537037037037038,-1.9329629629629892,0.027037037037037415
ITA,Italy,2041,4.480740740740735,0.9596296296296281,0.4133333333333322,7.331111111111117,2.789629629629623,0.3899999999999988
JPN,Japan,2041,3.884444444444444,0.17777777777777537,0.07074074074073877,5.518148148148146,0.31592592592592794,-1.0525925925925925
KEN,Kenya,2041,9.152222222222264,-3.151851851851852,-0.3329629629629629,5.854444444444454,-1.52703703703704,0.657777777777778
KOR,Republic of Korea,2041,6.560370370370368,1.4648148148148152,0.7877777777777766,7.5659259259259315,1.5800000000000054,-1.9729629629629635
MYS,Malaysia,2041,24.863333333333316,0.8207407407407414,-0.07666666666666444,20.35296296296289,-0.6048148148148149,0.15481481481481651
MEX,Mexico,2041,9.675925925925924,-0.3507407407407328,-0.14777777777777867,10.96222222222221,0.8222222222222157,-0.11777777777777843
MAR,Morocco,2041,3.414814814814818,2.1844444444444235,0.046666666666666856,4.939629629629621,2.098148148148155,-0.17814814814814817
NGA,Nigeria,2041,12.239629629629576,1.0411111111111069,-0.16777777777777825,13.27222222222224,-0.35370370370368676,0.006296296296296688
PAK,Pakistan,2041,3.5048148148148357,-3.241111111111138,0.14888888888888907,7.272962962962993,-1.1851851851851904,0.41629629629629683
PER,Peru,2041,14.773703703703703,1.0848148148148056,0.6277777777777764,11.658148148148129,-0.3474074074074025,0.86962962962963
PHL,Philippines,2041,24.352592592592572,0.18370370370370281,0.37962962962962976,19.991851851851862,-0.9370370370370367,1.9840740740740763
RUS,Russian Federation,2041,0.9285185185185174,0.39666666666667183,0.1903703703703703,2.031851851851851,-0.14629629629630259,2.220446049250313e-16
SAU,Saudi Arabia,2041,4.684074074074033,-1.1940740740740239,0.004444444444444473,8.641111111111115,-4.219259259259246,0.005925925925925918
SEN,Senegal,2041,5.30518518518528,2.158888888888896,-0.7770370370370383,6.9781481481481364,2.712592592592614,-0.4881481481481482
ZAF,South Africa,2041,7.329629629629636,-3.4992592592592615,-0.07037037037036953,11.744444444444454,-1.7333333333333485,-0.3070370370370368
ESP,Spain,2041,4.4022222222222425,0.548518518518506,0.3566666666666669,6.752222222222237,-0.01777777777777345,0.4155555555555557
SWE,Sweden,2041,0.06296296296296296,1.2688888888888918,0.10592592592592598,0.0488888888888889,0.16296296296296475,0.08703703703703702
THA,Thailand,2041,15.240740740740762,-1.1492592592592672,0.10666666666666558,14.515925925925956,-0.16777777777777914,-0.4281481481481517
TUR,Türkiye,2041,5.46407407407407,-2.8403703703703655,0.46111111111111214,5.1144444444444375,0.7029629629629639,-0.009999999999999343
GBR,United Kingdom,2041,0.022592592592592567,-1.0374074074074073,-0.002592592592593146,0.005555555555555522,-0.12629629629629768,0.026296296296296262
ARE,United Arab Emirates,2041,7.349999999999994,-4.0585185185184685,-0.07,9.000370370370405,7.256666666666661,-0.08074074074074075
USA,United States of America,2041,5.20481481481481,-1.0396296296296335,0.15074074074073973,6.980370370370359,-0.7885185185185186,-0.002592592592592702
VEN,R. B. de Venezuela,2041,19.025185185185194,2.736296296296292,-0.04407407407407682,25.509629629629643,4.5944444444444414,-0.9507407407407378
VNM,Vietnam,2041,18.1603703703704,0.06814814814814696,0.6814814814814802,11.990370370370385,2.294444444444448,0.27925925925926265
DZA,Algeria,2042,7.396785714285727,-2.5403571428571183,0.016785714285714293,6.578928571428577,9.914642857142866,-0.01035714285714287
ARG,Argentina,2042,2.2449999999999903,-0.933571428571426,0.07464285714285346,4.963214285714294,1.7003571428571362,0.25785714285714434
AUS,Australia,2042,7.488571428571419,5.281785714285704,0.022499999999999964,10.283571428571463,2.630357142857136,0.020357142857143185
BGD,Bangladesh,2042,17.526785714285637,-1.1103571428571257,-0.37428571428570123,10.271785714285699,0.04535714285714221,2.657857142857136
BRA,Brazil,2042,16.964642857142877,-1.402857142857144,0.5403571428571414,29.41285714285712,0.44357142857143117,-0.2453571428571415
KHM,Cambodia,2042,8.748928571428564,-4.513571428571424,1.654285714285713,8.678214285714319,-0.9649999999999963,-0.14107142857142918
CAN,Canada,2042,0.6535714285714285,-0.8025000000000055,0.21535714285714302,0.5232142857142859,-0.038928571428570535,0.28107142857142886
CHN,China,2042,4.8885714285714315,0.06464285714285722,0.19964285714285523,4.060357142857136,-1.036785714285699,0.11428571428571477
COL,Colombia,2042,17.186071428571438,0.07964285714285602,1.3510714285714265,35.1657142857143,1.027142857142854,1.6524999999999963
ECU,Ecuador,2042,14.469642857142858,-0.6546428571428553,1.4453571428571408,32.60857142857141,-0.010000000000001563,-0.6864285714285785
EGY,Arab Republic of Egypt,2042,7.530000000000001,-0.3650000000000091,-0.0010714285714285808,6.742857142857133,-1.5089285714284983,-3.571428571428614e-4
ETH,Ethiopia,2042,9.368214285714316,-0.3753571428571476,0.22500000000000053,13.015714285714324,-1.2185714285714226,0.07321428571428612
FRA,France,2042,1.1242857142857137,0.23107142857142904,0.5214285714285714,4.337857142857141,0.7028571428571482,0.3199999999999994
DEU,Germany,2042,1.6435714285714278,0.009999999999999787,0.2846428571428563,0.7649999999999988,2.50821428571429,0.028571428571428914
IND,India,2042,16.121071428571412,4.465000000000003,0.26000000000000334,14.825357142857143,2.521428571428558,-0.60107142857143
IDN,Indonesia,2042,20.908571428571463,-0.7389285714285707,0.7692857142857079,25.851785714285768,-0.4485714285714293,1.7503571428571405
IRN,Islamic Republic of Iran,2042,7.250714285714253,-0.27214285714285325,0.2853571428571431,6.583214285714291,-0.8707142857142856,0.15142857142857147
ITA,Italy,2042,5.429642857142856,0.8482142857142883,0.7071428571428555,4.44642857142858,1.4364285714285678,-0.26035714285714384
JPN,Japan,2042,4.420714285714283,-0.10821428571428804,-0.6067857142857136,3.4503571428571433,0.6325000000000003,-0.29178571428571587
KEN,Kenya,2042,10.975714285714332,1.242142857142852,-0.06071428571428594,11.94214285714287,-1.2507142857142952,0.43178571428571466
KOR,Republic of Korea,2042,4.599999999999998,-0.7957142857142863,1.8685714285714283,2.956428571428578,0.29892857142857565,0.3442857142857143
MYS,Malaysia,2042,23.724642857142868,-0.5585714285714278,0.38892857142857196,29.63535714285706,0.06285714285714317,1.7403571428571425
MEX,Mexico,2042,13.332142857142856,2.1207142857142927,0.2817857142857134,13.588928571428568,0.07928571428570308,0.03107142857142886
MAR,Morocco,2042,7.015000000000029,5.452499999999986,0.06428571428571428,10.712857142857132,-1.1299999999999812,0.09821428571428581
NGA,Nigeria,2042,12.033928571428532,-1.0982142857142918,0.38785714285714157,18.275357142857104,-1.112499999999983,0.5171428571428578
PAK,Pakistan,2042,6.619642857142907,3.0749999999999744,0.018214285714285516,7.254285714285743,1.1810714285714141,-0.341071428571428
PER,Peru,2042,9.983928571428578,-2.290357142857154,-0.08892857142857302,24.10535714285713,-0.5278571428571368,-0.5403571428571414
PHL,Philippines,2042,19.12428571428569,-0.468928571428572,1.9667857142857166,28.130000000000024,-0.3057142857142825,-1.0857142857142854
RUS,Russian Federation,2042,1.1171428571428565,0.2571428571428598,0.08714285714285697,1.043214285714284,-0.710000000000008,0.009642857142857286
SAU,Saudi Arabia,2042,6.956428571428546,1.7992857142857304,-0.014999999999999986,9.103928571428554,-3.7503571428571263,0.0057142857142856995
SEN,Senegal,2042,4.1128571428571945,-1.6596428571428419,0.38857142857142746,7.027857142857158,-0.05535714285710469,-0.6153571428571425
ZAF,South Africa,2042,11.358928571428578,2.951428571428572,-0.17392857142857077,14.854285714285737,4.6832142857142784,0.05107142857142888
ESP,Spain,2042,3.174642857142878,-1.4285714285714377,0.5753571428571425,8.323928571428581,1.2557142857142907,0.2174999999999998
SWE,Sweden,2042,0.1282142857142857,0.1821428571428605,0.005714285714285783,0.008571428571428567,0.35964285714285893,0.006785714285714395
THA,Thailand,2042,14.744642857142878,-3.1525000000000105,0.8839285714285712,15.887500000000102,-2.379642857142862,0.18499999999999694
TUR,Türkiye,2042,6.39714285714286,-0.2510714285714286,0.2710714285714295,5.143928571428567,-1.3857142857142861,0.3085714285714287
GBR,United Kingdom,2042,0.012142857142857122,-0.6917857142857144,0.17107142857142765,0.00535714285714281,0.7846428571428561,-0.13857142857142835
ARE,United Arab Emirates,2042,5.10107142857143,-3.6339285714285268,0.06749999999999998,7.2421428571428805,2.7642857142857054,-0.020000000000000018
USA,United States of America,2042,7.082499999999996,-0.15392857142857252,0.19357142857142762,5.786071428571411,0.4353571428571428,0.40249999999999986
VEN,R. B. de Venezuela,2042,14.951428571428579,0.03499999999999659,0.8639285714285663,32.85285714285715,2.23178571428571,0.8864285714285742
VNM,Vietnam,2042,11.533214285714308,-2.730714285714285,2.0842857142857127,16.57642857142858,0.4864285714285792,1.1564285714285738
DZA,Algeria,2043,3.5693103448276133,1.650689655172414,-0.0031034482758620363,7.713448275862078,-1.5306896551724094,-0.02931034482758621
ARG,Argentina,2043,3.2296551724137856,-1.8765517241379257,0.3906896551724106,7.8141379310344945,1.1879310344827445,0.12344827586206897
AUS,Australia,2043,8.697931034482735,-0.6162068965517307,-0.2582758620689658,7.7179310344828025,-3.6203448275862087,0.23206896551724165
BGD,Bangladesh,2043,15.725172413793047,0.9265517241379513,-1.3462068965517098,17.187931034482745,1.5789655172413788,-0.23379310344827786
BRA,Brazil,2043,12.363103448275893,3.057931034482756,0.2224137931034491,21.10896551724136,4.531724137931036,-0.2175862068965504
KHM,Cambodia,2043,9.045862068965562,-1.567586206896543,-0.9903448275862061,14.355517241379289,0.09172413793104539,1.4279310344827554
CAN,Canada,2043,0.46689655172413813,-1.5279310344827621,0.10172413793103496,0.8527586206896558,-0.858275862068961,0.14586206896551746
CHN,China,2043,4.188965517241385,-1.8975862068965554,-0.019655172413794553,4.847241379310347,-1.2231034482758503,0.004137931034482456
COL,Colombia,2043,19.181034482758605,0.4824137931034471,0.2906896551724145,24.201379310344862,-0.06068965517241587,-0.2100000000000044
ECU,Ecuador,2043,12.078275862068963,0.4975862068965533,0.14034482758620115,16.84689655172413,0.36689655172413715,0.14827586206896015
EGY,Arab Republic of Egypt,2043,4.508965517241421,3.808965517241404,-0.010689655172413803,4.598620689655178,-9.905172413793082,-3.448275862069014e-4
ETH,Ethiopia,2043,8.436896551724146,0.7189655172413723,0.32344827586206915,12.953103448275868,1.3241379310344925,-0.0065517241379309255
FRA,France,2043,1.9931034482758623,0.8217241379310316,0.011034482758620623,7.171724137931033,0.7848275862069016,0.2510344827586195
DEU,Germany,2043,2.7937931034482757,0.8110344827586218,0.09137931034482683,3.866896551724137,1.0796551724137977,-0.1944827586206892
IND,India,2043,10.650689655172414,-0.14965517241378734,0.09655172413793345,10.596896551724143,2.347586206896537,0.8196551724137908
IDN,Indonesia,2043,14.838620689655215,0.12655172413793103,0.4531034482758578,22.923103448275924,-0.6744827586206918,0.38655172413792727
IRN,Islamic Republic of Iran,2043,4.451724137930995,-2.406206896551737,0.08241379310344832,7.090000000000032,-5.4462068965517005,-0.09517241379310337
ITA,Italy,2043,6.806551724137929,-0.07896551724137879,0.13241379310344747,10.269655172413795,2.7386206896551677,0.10586206896551609
JPN,Japan,2043,3.9496551724137916,-0.20103448275862412,0.6500000000000021,4.267931034482757,-0.17137931034482534,1.6686206896551674
KEN,Kenya,2043,5.537931034482767,-1.0986206896551778,0.4241379310344824,10.197931034482764,-2.3179310344827613,0.06931034482758625
KOR,Republic of Korea,2043,8.264827586206891,-0.565517241379311,1.7751724137931042,8.512413793103459,-1.0631034482758643,0.2648275862068985
MYS,Malaysia,2043,15.327241379310351,-0.38482758620689594,0.3175862068965536,23.46724137931028,0.41793103448275826,0.4348275862068931
MEX,Mexico,2043,11.134482758620692,1.2075862068965648,0.29137931034482634,18.170000000000016,-0.30965517241379814,-0.27896551724137986
MAR,Morocco,2043,7.1496551724138016,-2.1796551724138027,0.22620689655172432,11.579310344827562,-1.0524137931034403,-0.18517241379310323
NGA,Nigeria,2043,11.116896551724096,0.02103448275862263,0.2875862068965507,14.30448275862068,-1.4410344827586101,0.1806896551724142
PAK,Pakistan,2043,3.832758620689674,4.10827586206895,-0.10793103448275865,5.246896551724177,1.391379310344817,0.23068965517241447
PER,Peru,2043,10.267241379310335,-0.19344827586207458,0.27137931034482854,13.493448275862065,1.2668965517241446,0.4824137931034489
PHL,Philippines,2043,18.851034482758593,0.145862068965517,0.12241379310345124,24.456551724137938,0.03310344827586498,0.17793103448275716
RUS,Russian Federation,2043,1.6096551724137926,-0.5241379310344847,0.12275862068965515,1.4320689655172396,-1.0137931034482826,0.047931034482758816
SAU,Saudi Arabia,2043,4.631034482758594,2.2779310344828048,0.03379310344827588,7.7375862068965375,6.32379310344831,-0.004137931034482734
SEN,Senegal,2043,4.366896551724153,0.8017241379310462,0.0951724137931027,6.109655172413852,-2.592758620689665,0.5258620689655173
ZAF,South Africa,2043,11.845862068965516,3.3613793103448373,-0.0037931034482752146,13.704827586206918,2.5037931034482597,0.3775862068965523
ESP,Spain,2043,5.758965517241393,3.274482758620678,0.1499999999999999,12.1693103448276,4.736551724137932,-0.3982758620689655
SWE,Sweden,2043,0.03689655172413792,-0.16206896551723915,0.35310344827586193,0.06620689655172413,0.4727586206896568,-0.24448275862068947
THA,Thailand,2043,12.324482758620775,-0.0700000000000145,0.612068965517242,16.739655172413848,3.418275862068967,0.6999999999999975
TUR,Türkiye,2043,7.644137931034486,-0.4258620689655146,-0.20172413793103372,8.34586206896551,4.908965517241377,-0.455172413793103
GBR,United Kingdom,2043,0.011724137931034467,-1.0444827586206902,0.2617241379310338,0.014827586206896518,0.2941379310344807,0.5517241379310347
ARE,United Arab Emirates,2043,2.4534482758621152,0.9134482758621232,0.03620689655172413,7.368965517241378,-0.8455172413793264,0.0193103448275862
USA,United States of America,2043,4.704482758620699,-0.9113793103448309,0.4572413793103438,5.422413793103431,-0.1106896551724148,0.41758620689655057
VEN,R. B. de Venezuela,2043,15.430344827586225,2.3124137931034454,-1.0003448275862112,24.07310344827593,2.0003448275862077,-0.7179310344827545
VNM,Vietnam,2043,11.193448275862096,-2.240689655172414,-0.6234482758620672,17.356551724137944,-1.1910344827586137,1.2613793103448288
DZA,Algeria,2044,4.73599999999999,-2.638333333333321,-0.04166666666666666,5.4553333333333285,0.06700000000000728,-0.04766666666666668
ARG,Argentina,2044,5.751333333333335,-0.5766666666666609,-0.028333333333336874,7.321666666666687,-0.8430000000000035,-0.16100000000000048
AUS,Australia,2044,6.426333333333275,-1.214333333333343,-0.05633333333333379,10.960000000000036,0.5603333333333325,0.02133333333333365
BGD,Bangladesh,2044,15.838999999999942,3.418666666666681,0.2840000000000167,7.8279999999999745,-1.5670000000000002,1.2239999999999966
BRA,Brazil,2044,16.426666666666677,1.409333333333329,-0.152333333333333,20.04766666666663,4.564333333333337,-0.39399999999999835
KHM,Cambodia,2044,5.554333333333432,1.4040000000000035,0.18333333333333357,12.020999999999958,-1.2163333333333242,-0.0020000000000024443
CAN,Canada,2044,1.3986666666666667,0.08899999999999508,0.14666666666666694,0.6503333333333337,-0.7233333333333292,0.25700000000000056
CHN,China,2044,4.822666666666663,0.7853333333333268,0.19366666666666443,5.294666666666664,-0.9503333333333188,0.11999999999999922
COL,Colombia,2044,19.47933333333333,0.6016666666666666,-1.1303333333333327,24.864000000000004,1.748999999999997,0.46399999999999864
ECU,Ecuador,2044,10.573666666666668,0.8676666666666684,0.5706666666666642,17.918999999999983,0.6833333333333318,0.14333333333332732
EGY,Arab Republic of Egypt,2044,2.1160000000000423,2.5510000000000446,-6.666666666666765e-4,6.194999999999993,10.947333333333347,-0.010000000000000007
ETH,Ethiopia,2044,10.88166666666666,0.5789999999999935,0.17733333333333334,13.36233333333334,1.6280000000000072,0.12900000000000045
FRA,France,2044,3.0189999999999984,1.2679999999999971,0.05900000000000016,3.7813333333333325,1.8993333333333382,0.30066666666666597
DEU,Germany,2044,1.8499999999999996,0.18466666666666853,-0.05666666666666731,2.761666666666666,-0.21299999999999564,0.015000000000000346
IND,India,2044,8.787666666666667,4.495333333333363,1.3500000000000014,9.074000000000012,1.9793333333333152,0.5989999999999966
IDN,Indonesia,2044,18.655333333333346,-1.3953333333333333,2.4003333333333288,25.010666666666737,0.846333333333332,1.1759999999999948
IRN,Islamic Republic of Iran,2044,5.182999999999964,2.8360000000000127,-0.10399999999999987,7.539999999999992,2.961666666666673,0.004666666666666597
ITA,Italy,2044,6.125333333333334,1.5766666666666715,-0.09433333333333493,6.660000000000004,0.0759999999999934,0.053999999999998494
JPN,Japan,2044,3.5086666666666666,0.356666666666662,-0.03866666666666774,6.2813333333333325,0.28866666666666774,-0.7070000000000043
KEN,Kenya,2044,8.369333333333344,1.0259999999999962,0.0909999999999993,12.11033333333333,1.5486666666666693,-0.020000000000000018
KOR,Republic of Korea,2044,7.911999999999999,1.4446666666666665,-0.28500000000000014,11.03200000000001,0.44166666666666643,0.6813333333333311
MYS,Malaysia,2044,21.33166666666665,-0.11099999999999977,1.4186666666666667,24.937333333333243,-0.5046666666666662,0.023999999999997357
MEX,Mexico,2044,10.251000000000005,1.7376666666666765,0.2333333333333325,13.852333333333348,2.3106666666666555,0.25233333333333263
MAR,Morocco,2044,7.056333333333356,0.43533333333331825,-0.1389999999999998,6.920666666666648,1.3026666666666813,-0.09199999999999986
NGA,Nigeria,2044,9.750666666666632,-0.26966666666666583,0.1523333333333321,11.043666666666638,-0.7936666666666525,0.5130000000000008
PAK,Pakistan,2044,3.6856666666667195,2.163666666666643,1.0556666666666663,6.609000000000037,-2.6860000000000213,-0.0959999999999992
PER,Peru,2044,9.422333333333313,0.42199999999998994,0.24299999999999855,14.87066666666665,1.1086666666666716,0.6983333333333324
PHL,Philippines,2044,24.30299999999997,-0.7870000000000008,0.39866666666666717,26.164333333333303,-0.2773333333333312,0.48133333333333184
RUS,Russian Federation,2044,1.7879999999999994,0.39233333333333675,0.1476666666666666,1.8773333333333317,-2.0240000000000045,0.22033333333333394
SAU,Saudi Arabia,2044,5.87833333333333,7.209333333333376,-0.005999999999999978,9.277666666666676,-2.0263333333333264,0.015333333333333338
SEN,Senegal,2044,5.236333333333334,3.2013333333333662,-0.7200000000000011,4.900666666666723,4.7050000000000125,0.17966666666666686
ZAF,South Africa,2044,10.870999999999981,0.1463333333333381,-0.04233333333333267,13.721666666666678,5.474999999999994,0.09433333333333405
ESP,Spain,2044,4.117000000000019,1.492999999999995,0.14499999999999957,7.085000000000015,0.2576666666666725,-0.4913333333333334
SWE,Sweden,2044,0.05499999999999999,-0.591666666666665,-0.035666666666666735,0.034999999999999996,-1.4280000000000008,0.10200000000000009
THA,Thailand,2044,9.400333333333379,-1.8173333333333517,0.8236666666666679,12.962666666666678,-0.09833333333332916,1.295333333333332
TUR,Türkiye,2044,7.070333333333338,0.4680000000000035,0.14333333333333398,7.100999999999992,0.32766666666667277,-0.03399999999999981
GBR,United Kingdom,2044,0.0016666666666666496,1.0106666666666655,0.001666666666666039,0.014333333333333295,1.492666666666663,-0.03699999999999948
ARE,United Arab Emirates,2044,5.958000000000027,20.661000000000058,-0.042333333333333334,10.052333333333365,-7.177999999999997,0.00899999999999998
USA,United States of America,2044,5.581999999999994,0.7429999999999986,0.30666666666666487,8.276999999999987,1.9713333333333303,0.29733333333333345
VEN,R. B. de Venezuela,2044,17.545333333333332,-1.331666666666667,-1.2183333333333373,25.107333333333344,4.9979999999999976,-0.7423333333333311
VNM,Vietnam,2044,11.632333333333378,1.343,2.1523333333333383,14.419333333333356,-1.0546666666666589,1.5576666666666732
DZA,Algeria,2045,5.860645161290336,0.5435483870967914,0.008064516129032279,6.140645161290337,-0.8254838709677585,0.011935483870967739
ARG,Argentina,2045,6.746451612903229,-0.7806451612903231,-0.3370967741935509,4.472580645161301,0.8487096774193503,-0.35903225806451644
AUS,Australia,2045,6.267419354838665,2.569999999999993,0.4003225806451609,8.990322580645199,2.719677419354838,-0.06645161290322532
BGD,Bangladesh,2045,14.176451612903179,-0.6787096774193486,2.1522580645161398,9.501290322580644,-2.764838709677413,0.7877419354838686
BRA,Brazil,2045,13.85483870967741,2.3993548387096766,0.08483870967742035,24.2106451612903,3.6816129032258047,0.8090322580645193
KHM,Cambodia,2045,6.642903225806549,-1.3316129032257962,2.0451612903225804,15.688064516129089,-5.764193548387087,-0.4277419354838745
CAN,Canada,2045,0.5793548387096776,0.0958064516128978,0.2774193548387096,1.2390322580645163,0.11290322580645551,0.19064516129032283
CHN,China,2045,4.3283870967742,-0.710967741935491,0.6616129032258051,5.046451612903226,-0.9293548387096564,0.24193548387096708
COL,Colombia,2045,19.61548387096775,0.06935483870967651,1.0738709677419322,27.04258064516131,1.3151612903225782,0.623225806451611
ECU,Ecuador,2045,17.258387096774186,0.3945161290322581,0.5329032258064501,18.037741935483865,-0.4612903225806466,1.754838709677415
EGY,Arab Republic of Egypt,2045,6.605806451612921,-8.699032258064506,0.009032258064516116,6.179032258064524,10.36193548387098,-0.009677419354838715
ETH,Ethiopia,2045,13.666129032258084,0.24096774193547787,-0.43806451612903174,12.815161290322578,-0.776129032258055,0.347419354838709
FRA,France,2045,3.5119354838709658,0.7916129032258041,-0.2041935483870967,2.410967741935483,0.047741935483877285,0.07806451612903098
DEU,Germany,2045,1.2774193548387105,0.11096774193548598,0.119354838709677,1.9177419354838712,0.674516129032261,-0.02419354838709631
IND,India,2045,9.781612903225835,1.3212903225806514,0.10645161290322669,11.142580645161274,-0.3103225806451775,0.6377419354838683
IDN,Indonesia,2045,17.985806451612916,0.7109677419354838,1.5390322580645126,27.668387096774268,0.4319354838709657,1.157419354838705
IRN,Islamic Republic of Iran,2045,7.435161290322526,6.180000000000007,-0.1006451612903223,6.938709677419382,-4.904838709677421,-0.1212903225806452
ITA,Italy,2045,6.4890322580645154,1.6806451612903217,0.26677419354838605,7.248387096774202,1.9025806451612866,0.7877419354838713
JPN,Japan,2045,4.672903225806451,0.5774193548387068,1.2593548387096796,4.085161290322581,-0.24322580645161196,0.23516129032257993
KEN,Kenya,2045,11.94129032258067,-0.0909677419354935,-0.39580645161290384,13.67451612903227,1.7793548387096791,-0.20322580645161237
KOR,Republic of Korea,2045,5.256774193548388,-1.6600000000000001,1.6209677419354804,8.14064516129033,-0.24032258064515943,0.22387096774193438
MYS,Malaysia,2045,17.846774193548384,-0.3203225806451604,1.6729032258064542,31.071612903225713,-0.08193548387096694,2.1232258064516145
MEX,Mexico,2045,12.688064516129032,2.784838709677423,0.041935483870966905,13.76354838709679,-1.4993548387096922,0.050645161290321816
MAR,Morocco,2045,8.009354838709697,-0.6722580645161429,-0.20225806451612893,8.168387096774168,2.150967741935503,0.04645161290322575
NGA,Nigeria,2045,11.090967741935401,1.3358064516128962,0.19580645161290278,13.348709677419322,-1.4841935483870827,0.8738709677419356
PAK,Pakistan,2045,5.9474193548387575,3.245483870967732,-0.39129032258064544,4.489354838709744,-4.854193548387116,0.20709677419354922
PER,Peru,2045,15.089354838709667,-0.32709677419355643,-0.16161290322580513,18.407096774193533,1.0438709677419453,0.5112903225806438
PHL,Philippines,2045,22.85129032258061,-0.43258064516129124,2.089032258064517,29.70419354838708,1.1541935483870986,0.9012903225806426
RUS,Russian Federation,2045,1.4787096774193547,-0.6945161290322588,0.1041935483870966,1.4103225806451603,-0.6619354838709732,0.11645161290322603
SAU,Saudi Arabia,2045,7.517741935483883,-0.4748387096774138,0.032903225806451636,5.688064516129032,-0.1803225806451394,0.005161290322580642
SEN,Senegal,2045,4.593225806451642,8.836774193548422,-0.3967741935483877,5.35225806451615,-4.6693548387096655,-0.4261290322580642
ZAF,South Africa,2045,10.510645161290313,-1.000322580645161,-0.36032258064516043,7.975806451612911,2.3564516129032214,0.3235483870967748
ESP,Spain,2045,7.3809677419355,1.6480645161290255,-0.17903225806451672,8.114516129032268,3.8687096774193606,-0.06903225806451552
SWE,Sweden,2045,0.06290322580645161,1.0822580645161288,0.19774193548387098,0.1403225806451613,-0.11419354838709594,-0.09483870967741925
THA,Thailand,2045,10.006774193548438,-1.9716129032258252,1.677741935483871,14.460645161290358,-1.6822580645161267,1.379354838709677
TUR,Türkiye,2045,9.803548387096782,6.210967741935484,-0.4612903225806444,5.284838709677409,0.41387096774193566,0.06387096774193557
GBR,United Kingdom,2045,0.059677419354838696,0.5135483870967743,-0.04677419354838719,0.004193548387096749,0.22516129032257837,0.1964516129032261
ARE,United Arab Emirates,2045,7.87548387096777,-1.344193548387068,-0.05064516129032259,4.057096774193582,15.379354838709673,0.0764516129032258
USA,United States of America,2045,7.966451612903228,0.12870967741935146,0.06451612903225712,7.35193548387096,-0.9083870967741952,0.2877419354838713
VEN,R. B. de Venezuela,2045,19.727741935483863,3.337096774193544,-0.414516129032263,26.252258064516155,3.898064516129029,0.10419354838709971
VNM,Vietnam,2045,10.42483870967743,-1.9229032258064507,2.1990322580645163,14.883225806451634,-2.9367741935483807,0.6267741935483926
DZA,Algeria,2046,5.745312500000011,-2.699374999999975,-0.050312499999999996,6.840000000000032,2.8331249999999955,0.011562500000000003
ARG,Argentina,2046,4.472187500000004,-1.2890625,0.31281249999999616,5.127187500000019,0.783437499999998,0.08812499999999979
AUS,Australia,2046,9.442812499999945,2.5962499999999977,0.26187499999999897,12.526250000000033,9.997187499999995,-0.4034374999999999
BGD,Bangladesh,2046,22.035624999999953,0.12718750000001222,-1.6059374999999854,11.403437499999967,0.595937499999998,-0.07000000000000384
BRA,Brazil,2046,28.912187500000016,4.087499999999999,0.21781250000000263,24.587500000000006,1.5128125000000026,0.7934375000000031
KHM,Cambodia,2046,16.994687500000055,0.6959375000000136,-0.9346875000000008,13.599375000000009,0.2284375000000054,0.24437499999999623
CAN,Canada,2046,0.9293749999999998,-1.234375000000007,0.2590625000000002,1.0646875000000002,0.031875000000002984,0.2137500000000001
CHN,China,2046,5.384687500000005,-1.5218750000000085,0.2049999999999983,6.157812499999999,-1.016562499999985,0.21499999999999986
COL,Colombia,2046,31.5090625,1.2103124999999988,1.2437499999999986,30.92500000000001,0.48937499999999723,0.8846874999999983
ECU,Ecuador,2046,27.879062500000003,-0.421875,1.8628125000000004,25.650312500000013,-0.8731249999999999,1.5062499999999943
EGY,Arab Republic of Egypt,2046,6.951562500000051,-1.9946874999999977,-9.375000000000112e-4,10.190312500000005,1.8425000000000296,0.009999999999999992
ETH,Ethiopia,2046,15.428437500000001,1.085937499999993,-0.1531249999999993,11.387812500000024,-1.2749999999999915,0.3462499999999995
FRA,France,2046,4.409687499999999,-0.4150000000000027,0.28656250000000005,1.3668749999999985,0.5596875000000061,0.28874999999999895
DEU,Germany,2046,2.613125,-0.31874999999999787,0.5321874999999994,0.6856249999999999,-0.7706249999999972,-0.004062499999999636
IND,India,2046,16.36375000000001,-1.8878124999999955,0.8490625000000005,13.187187499999993,-1.29843750000002,0.5112499999999969
IDN,Indonesia,2046,26.50093750000002,0.7275000000000009,0.20249999999999702,26.658437500000076,2.6465625,1.1309374999999946
IRN,Islamic Republic of Iran,2046,6.805624999999935,-3.6231249999999875,0.11562500000000009,9.308437499999997,-2.6203125000000114,-0.11750000000000016
ITA,Italy,2046,7.652187499999997,0.8725000000000023,-0.12906250000000163,6.595625000000002,-0.7434375000000024,0.453125
JPN,Japan,2046,6.251249999999995,0.33656249999999766,0.41593750000000185,6.47625,0.3359375000000018,0.7703124999999957
KEN,Kenya,2046,12.440000000000026,-1.3475000000000037,0.01374999999999904,10.38937500000003,2.014375000000001,-0.03218749999999959
KOR,Republic of Korea,2046,9.132187499999993,-1.2884375000000006,1.5703124999999964,8.157500000000006,0.4065624999999997,1.2921874999999972
MYS,Malaysia,2046,30.173437499999977,-0.2909374999999992,1.591562500000002,29.257812499999915,-0.0987499999999999,1.3787500000000001
MEX,Mexico,2046,13.240937500000001,-0.3828124999999929,-0.09500000000000064,15.338750000000005,2.684062499999989,0.08781249999999918
MAR,Morocco,2046,7.584687500000015,0.5790624999999778,0.007500000000000062,7.854999999999961,3.9825000000000017,0.16125000000000012
NGA,Nigeria,2046,18.533124999999927,0.5771874999999937,-0.004062499999999858,15.576249999999959,-0.38187499999999375,0.5075000000000003
PAK,Pakistan,2046,7.573125000000061,-0.0818750000000108,0.38625,7.536250000000052,3.260624999999976,-0.39031249999999895
PER,Peru,2046,23.8984375,0.6228124999999878,0.07593750000000021,20.23437499999997,0.4396875000000051,0.504999999999999
PHL,Philippines,2046,29.683749999999975,0.3074999999999992,0.9096875000000004,26.39281249999999,0.8178125000000023,-1.0353124999999999
RUS,Russian Federation,2046,1.6359374999999998,-0.16906249999999545,0.09124999999999983,1.4534374999999988,-0.6025000000000063,0.05468750000000022
SAU,Saudi Arabia,2046,9.191249999999997,-4.21875,0.022187500000000027,9.908437499999991,-1.0271874999999682,0.0534375
SEN,Senegal,2046,6.3484375000000455,3.135625000000033,-0.5200000000000005,7.597187500000018,4.776562500000011,-0.015624999999999556
ZAF,South Africa,2046,11.945312499999986,1.9371875000000003,0.02875000000000094,16.610000000000014,10.245937499999997,-0.06437499999999963
ESP,Spain,2046,6.462500000000013,-1.2709375000000094,0.6596874999999991,6.359375000000014,1.9556250000000048,0.19468750000000057
SWE,Sweden,2046,0.012499999999999997,-0.1915624999999963,0.09468749999999981,0.04875,1.3328124999999993,-0.05312499999999987
THA,Thailand,2046,20.892812500000048,-2.5106250000000117,-0.6318749999999991,20.12156250000004,-2.065624999999997,0.12531249999999972
TUR,Türkiye,2046,8.1796875,-1.1421874999999986,0.14406250000000087,9.895624999999988,2.977812500000006,0.061875000000000124
GBR,United Kingdom,2046,0.00937499999999998,0.27468750000000064,0.390625,0.01374999999999997,0.004999999999999005,0.07406250000000014
ARE,United Arab Emirates,2046,8.026562499999983,-7.153437499999967,0.17374999999999996,10.585625000000022,1.1909374999999898,-0.07125000000000001
USA,United States of America,2046,6.593750000000014,0.5606249999999982,0.24656249999999869,8.2265625,0.04031249999999886,0.2400000000000002
VEN,R. B. de Venezuela,2046,31.530624999999986,2.719374999999996,-0.1787500000000044,27.475937500000015,1.7418749999999967,-0.06374999999999709
VNM,Vietnam,2046,19.282812500000006,2.254375000000003,1.1325000000000038,17.13062500000001,0.0418750000000081,0.32625000000000526
DZA,Algeria,2047,5.833030303030313,-3.4224242424242277,0.009393939393939399,6.26424242424244,-10.372727272727275,0.020909090909090905
ARG,Argentina,2047,4.666363636363627,-0.134848484848483,0.41969696969696724,8.559696969696972,0.46878787878787165,-0.37030303030302925
AUS,Australia,2047,10.13606060606054,-0.9830303030303043,0.06969696969696937,13.184242424242456,-5.413636363636371,-0.04212121212121245
BGD,Bangladesh,2047,19.118181818181796,-2.8730303030302977,2.0596969696969865,12.076060606060594,-1.9918181818181822,4.606060606060602
BRA,Brazil,2047,26.47484848484848,1.558787878787875,-0.06030303030302875,28.70060606060605,4.686363636363637,-0.07424242424242067
KHM,Cambodia,2047,15.141515151515193,1.9160606060606185,1.3530303030303017,16.775151515151492,-0.8548484848484819,-0.150909090909094
CAN,Canada,2047,1.3084848484848481,-0.44060606060606844,0.2996969696969698,0.47000000000000064,-0.45393939393938965,0.14909090909090894
CHN,China,2047,5.74515151515152,-1.7957575757575839,0.31515151515151363,5.854848484848489,-0.5493939393939229,0.00484848484848488
COL,Colombia,2047,28.149393939393946,0.7372727272727264,0.8472727272727276,33.54666666666665,0.7848484848484798,-0.04393939393939661
ECU,Ecuador,2047,21.099696969696964,-1.175151515151514,1.8160606060606064,25.871818181818185,0.5690909090909084,0.8690909090909003
EGY,Arab Republic of Egypt,2047,5.984545454545497,4.5627272727272725,0.008787878787878775,4.722727272727241,9.786666666666747,-6.938893903907228e-18
ETH,Ethiopia,2047,12.992424242424221,-1.4487878787878827,0.6563636363636371,13.971212121212119,1.808484848484845,0.17090909090909
FRA,France,2047,4.373030303030303,1.3430303030303001,-0.090606060606061245,5.097575757575756,0.4360606060606145,0.09575757575757438
DEU,Germany,2047,3.581212121212121,0.1951515151515153,0.28333333333333277,2.4296969696969697,0.901212121212124,-0.0621212121212118
IND,India,2047,14.99515151515152,2.8724242424242448,-0.0687878787878784,12.865151515151524,4.297272727272713,-0.27030303030303315
IDN,Indonesia,2047,29.363333333333344,0.10424242424242358,0.972121212121209,29.816666666666748,-0.8954545454545464,2.444545454545448
IRN,Islamic Republic of Iran,2047,8.4224242424242,0.21999999999999886,0.26727272727272755,8.00818181818181,1.5996969696969643,-0.17212121212121234
ITA,Italy,2047,8.942727272727268,2.3878787878787904,-0.1251515151515168,10.177575757575756,-0.9924242424242458,-0.375151515151515
JPN,Japan,2047,4.93696969696969,0.0839393939393922,0.9754545454545465,5,0.5196969696969695,0.8148484848484827
KEN,Kenya,2047,10.899393939393974,-2.7515151515151572,0.4496969696969688,12.760606060606051,6.190909090909088,0.04636363636363683
KOR,Republic of Korea,2047,7.992424242424242,-0.5027272727272738,-0.26151515151515525,9.985454545454552,0.6366666666666632,1.2627272727272718
MYS,Malaysia,2047,30.791212121212084,0.7263636363636374,1.9603030303030309,32.36636363636353,-0.23151515151515056,3.0339393939393915
MEX,Mexico,2047,15.399696969696976,1.5875757575757703,0.20848484848484894,14.767272727272768,0.905757575757562,0.3275757575757563
MAR,Morocco,2047,7.432424242424247,0.08636363636361466,0.17212121212121212,8.974545454545435,2.5236363636363706,-0.13454545454545452
NGA,Nigeria,2047,15.450303030302905,1.3839393939393858,0.6457575757575755,11.17696969696965,1.0454545454545467,1.1806060606060607
PAK,Pakistan,2047,6.548484848484918,-6.712121212121218,0.006060606060606322,6.716363636363667,-2.8212121212121417,0.164545454545455
PER,Peru,2047,21.225151515151495,-0.5015151515151643,1.072424242424244,21.80303030303027,-0.2039393939393861,-0.04363636363636303
PHL,Philippines,2047,31.47999999999996,0.6569696969696963,0.5621212121212125,32.720303030303,2.7809090909090948,-0.5093939393939415
RUS,Russian Federation,2047,1.8481818181818177,0.2724242424242469,0.18545454545454554,2.4081818181818173,0.24969696969696642,0.03363636363636391
SAU,Saudi Arabia,2047,9.71757575757573,-7.8921212121211965,0.0603030303030303,8.463939393939427,2.7178787878788455,0.042121212121212115
SEN,Senegal,2047,6.456666666666706,-0.5957575757575455,0.2424242424242422,3.333030303030341,6.532424242424241,0.30484848484848515
ZAF,South Africa,2047,13.134848484848476,4.2639393939393955,0.0957575757575766,14.74909090909091,8.985151515151507,-0.1593939393939392
ESP,Spain,2047,6.693333333333342,2.1518181818181716,-0.40757575757575815,8.532727272727286,2.487878787878792,-0.005151515151514907
SWE,Sweden,2047,0.17696969696969694,-0.3409090909090864,0.06272727272727252,0.01818181818181818,-0.4045454545454561,0.21030303030303044
THA,Thailand,2047,17.573636363636467,-0.1751515151515335,0.5606060606060606,21.06333333333339,0.7896969696969691,-0.3342424242424258
TUR,Türkiye,2047,9.434848484848487,3.1299999999999955,-0.24818181818181717,9.896363636363617,-1.7766666666666637,-0.046666666666666856
GBR,United Kingdom,2047,0.028484848484848474,-0.2669696969696993,0.16545454545454508,0.013333333333333308,-0.7127272727272729,0.4887878787878792
ARE,United Arab Emirates,2047,9.635454545454536,0.8015151515151899,-0.035151515151515156,9.906060606060635,2.0081818181818107,-0.12727272727272726
USA,United States of America,2047,8.04242424242426,0.8248484848484843,0.12272727272727124,8.355454545454549,2.2015151515151494,0.13575757575757574
VEN,R. B. de Venezuela,2047,25.290303030303022,1.0951515151515103,-1.026666666666669,30.221515151515177,4.666060606060601,0.24848484848485164
VNM,Vietnam,2047,19.222121212121237,0.6345454545454565,-0.016969696969695747,17.57151515151517,-0.22121212121211187,0.355151515151519
DZA,Algeria,2048,7.360000000000014,13.294705882352957,-0.029705882352941165,9.739117647058862,7.888235294117635,-0.00882352941176473
ARG,Argentina,2048,4.907647058823528,-0.4705882352941231,0.6597058823529398,9.977352941176477,0.7655882352941177,0.19382352941176428
AUS,Australia,2048,13.273823529411715,10.722058823529409,-0.09735294117647086,9.680882352941211,7.062352941176471,0.34735294117647086
BGD,Bangladesh,2048,21.904411764705856,2.112941176470599,-1.4464705882352789,16.962058823529418,2.0752941176470614,-2.750588235294117
BRA,Brazil,2048,26.96764705882353,4.880882352941171,-0.136176470588234,26.59470588235294,6.9167647058823505,-0.12058823529411455
KHM,Cambodia,2048,17.375000000000057,-1.9255882352941143,-0.4726470588235312,20.105882352941194,5.1394117647058835,0.4358823529411726
CAN,Canada,2048,1.1729411764705886,-0.7285294117647112,0.057941176470588385,0.8638235294117651,-1.6538235294117598,0.1544117647058827
CHN,China,2048,5.488823529411775,-1.7235294117647157,0.23794117647058588,6.925000000000004,-1.07676470588234,-0.23794117647058766
COL,Colombia,2048,31.68911764705885,-1.1091176470588247,-1.254705882352944,32.59882352941176,0.9655882352941134,-0.37264705882353155
ECU,Ecuador,2048,27.108235294117648,-0.7620588235294115,1.9858823529411787,26.93558823529412,-0.20470588235294152,1.6879411764705772
EGY,Arab Republic of Egypt,2048,5.2747058823529756,-0.11382352941171803,-0.0011764705882353066,13.124999999999972,10.605294117647077,0.019411764705882344
ETH,Ethiopia,2048,11.639705882352928,-2.9688235294117717,0.6661764705882351,12.77411764705883,-0.593529411764699,0.631764705882353
FRA,France,2048,2.235294117647058,0.10970588235293732,0.009117647058823675,3.219999999999997,-0.3047058823529305,-0.22735294117647165
DEU,Germany,2048,1.8744117647058829,-1.2470588235294127,-0.04529411764705915,1.4361764705882356,-0.6588235294117624,0.18235294117647083
IND,India,2048,20.96970588235297,-2.2979411764705873,1.0591176470588248,14.583235294117657,1.618235294117639,-0.6894117647058859
IDN,Indonesia,2048,26.62647058823532,1.712352941176471,-0.1532352941176498,27.687647058823586,1.1982352941176462,-0.9370588235294157
IRN,Islamic Republic of Iran,2048,8.009705882352876,-4.882058823529405,0.405,8.587941176470565,-1.9414705882352905,-0.1476470588235297
ITA,Italy,2048,6.534705882352945,0.7258823529411771,1.0335294117647047,10.062647058823536,1.667058823529409,-0.024411764705882355
JPN,Japan,2048,4.345294117647054,0.6249999999999964,-0.4023529411764706,6.599999999999998,0.33941176470588275,1.644999999999996
KEN,Kenya,2048,9.773235294117654,1.9202941176470603,0.8441176470588228,10.890588235294132,0.3405882352941134,0.06441176470588283
KOR,Republic of Korea,2048,5.563823529411756,1.666764705882354,-0.0014705882352998856,6.780000000000005,-1.4494117647058857,0.7888235294117649
MYS,Malaysia,2048,30.61352941176466,0.5691176470588237,0.7961764705882359,29.53147058823521,-0.2247058823529402,0.2755882352941157
MEX,Mexico,2048,14.150882352941181,-0.3614705882352851,0.3867647058823529,17.613529411764745,-0.7029411764706026,-0.03147058823529569
MAR,Morocco,2048,7.932058823529417,6.654705882352928,0.18647058823529417,8.506764705882333,6.089117647058828,-0.4023529411764706
NGA,Nigeria,2048,18.24735294117636,0.19794117647059295,-0.004117647058824225,13.662941176470497,-0.8294117647058812,1.2914705882352946
PAK,Pakistan,2048,7.39441176470595,-2.4285294117647,0.1611764705882357,5.04352941176478,-2.0200000000000387,0.0723529411764714
PER,Peru,2048,20.532941176470587,0.04705882352940449,0.7205882352941195,20.598823529411746,-0.547352941176463,0.5594117647058816
PHL,Philippines,2048,29.0205882352941,1.3170588235294112,0.6426470588235276,28.652058823529416,0.010588235294118675,1.961176470588235
RUS,Russian Federation,2048,2.094705882352942,-0.9099999999999966,0.08294117647058807,1.347352941176469,-2.03852941176471,0.23647058823529443
SAU,Saudi Arabia,2048,7.024705882352947,7.422941176470573,0.1361764705882353,7.894705882352952,-3.9135294117646424,0.002058823529411752
SEN,Senegal,2048,7.780882352941262,4.051470588235304,-0.09470588235294208,5.797352941176484,1.5844117647058908,0.5482352941176467
ZAF,South Africa,2048,15.369117647058829,3.459117647058818,-0.4214705882352936,12.704117647058837,-0.08235294117647385,-0.18382352941176405
ESP,Spain,2048,5.5647058823529605,0.8655882352941049,0.4099999999999988,5.903823529411774,0.6579411764705938,-0.2088235294117644
SWE,Sweden,2048,0.21058823529411763,-1.0005882352941136,0.43941176470588217,0.01764705882352941,-0.04323529411765037,0.25264705882352945
THA,Thailand,2048,23.880000000000052,-1.1891176470588363,-0.42647058823529527,22.14235294117657,4.1635294117647135,0.2773529411764706
TUR,Türkiye,2048,9.89500000000001,0.05823529411765094,0.021176470588235574,12.584999999999987,1.8279411764705955,-0.5208823529411766
GBR,United Kingdom,2048,0.008235294117647049,-0.2785294117647066,0.2091176470588234,0.04205882352941173,1.0164705882352898,0.32882352941176496
ARE,United Arab Emirates,2048,7.954411764705867,0.20529411764709948,0.14058823529411762,7.333823529411831,16.333235294117657,-0.02647058823529412
USA,United States of America,2048,7.359411764705882,-0.02441176470588502,0.5655882352941166,8.517352941176469,0.5158823529411762,0.14147058823529424
VEN,R. B. de Venezuela,2048,28.545294117647046,-3.615294117647064,-1.5400000000000027,30.769117647058835,4.111470588235292,-1.1758823529411746
VNM,Vietnam,2048,24.218235294117648,-2.59676470588235,-1.384999999999998,20.684705882352972,1.1247058823529485,-0.04352941176469827
DZA,Algeria,2049,7.033142857142849,1.1605714285714441,-0.04828571428571428,10.519714285714315,-11.93085714285715,-0.018285714285714266
ARG,Argentina,2049,6.389714285714291,-0.22400000000000375,0.12599999999999678,6.700285714285727,0.9477142857142908,0.5185714285714287
AUS,Australia,2049,10.660285714285664,10.347714285714275,-0.1722857142857146,14.455714285714322,0.8959999999999866,-0.16771428571428526
BGD,Bangladesh,2049,17.49971428571422,-2.279999999999987,-0.9971428571428405,16.25400000000002,2.00628571428571,-0.2045714285714304
BRA,Brazil,2049,27.178285714285693,3.225999999999999,0.1980000000000004,34.12114285714287,4.805428571428578,0.14514285714285968
KHM,Cambodia,2049,15.56714285714287,-0.4037142857142797,1.0077142857142842,19.1331428571429,2.1948571428571455,0.25828571428571045
CAN,Canada,2049,1.178285714285714,-0.3094285714285796,0.2408571428571431,1.266571428571429,-0.3534285714285659,0.2957142857142858
CHN,China,2049,5.594285714285725,-1.0137142857143004,0.22142857142856975,6.950571428571436,-0.6671428571428422,0.6140000000000008
COL,Colombia,2049,28.092857142857127,0.34085714285714275,1.705142857142853,41.88685714285714,1.4334285714285677,-1.0031428571428584
ECU,Ecuador,2049,25.206857142857146,-0.47799999999999976,0.3748571428571452,35.45285714285714,0.05371428571428538,0.9694285714285655
EGY,Arab Republic of Egypt,2049,4.667428571428616,7.301428571428573,-0.0011428571428571538,9.29171428571425,-2.792571428571364,0.028571428571428564
ETH,Ethiopia,2049,14.435142857142864,0.19542857142856462,0.044857142857142485,14.789142857142878,-0.34342857142857497,0.5942857142857143
FRA,France,2049,4.9885714285714275,0.7768571428571391,-0.5254285714285714,5.39142857142857,-1.0148571428571351,0.09971428571428431
DEU,Germany,2049,4.579714285714288,-1.405714285714284,-0.02457142857142891,2.3179999999999996,-0.2708571428571407,0.3228571428571434
IND,India,2049,14.98885714285717,-1.4162857142857064,0.4557142857142882,16.3522857142857,0.20228571428570774,0.30171428571428294
IDN,Indonesia,2049,26.6331428571429,1.1971428571428575,1.3957142857142806,34.35714285714292,0.17314285714285482,2.1399999999999935
IRN,Islamic Republic of Iran,2049,7.557428571428517,-1.6631428571428444,-0.014571428571428457,9.566571428571422,2.9420000000000073,0.18685714285714283
ITA,Italy,2049,9.14571428571428,3.2794285714285714,-0.7445714285714304,8.949428571428577,-0.04171428571429203,-0.21799999999999997
JPN,Japan,2049,4.7554285714285705,0.10199999999999676,0.78457142857143225,3.516571428571428,-0.07828571428571429,0.5779999999999959
KEN,Kenya,2049,12.651142857142872,-0.8934285714285721,0.42171428571428526,14.921714285714302,0.05885714285714272,0.3151428571428574
KOR,Republic of Korea,2049,8.328857142857139,-1.2951428571428565,1.5431428571428505,8.305714285714291,-0.4171428571428599,0.3291428571428554
MYS,Malaysia,2049,30.205142857142846,0.4071428571428575,0.4625714285714295,41.355142857142766,0.09257142857142941,-0.7328571428571458
MEX,Mexico,2049,15.019142857142867,-1.254571428571417,-0.15857142857142836,18.616000000000014,3.6885714285714144,-0.05971428571428561
MAR,Morocco,2049,10.104857142857142,4.774285714285696,-0.21714285714285708,13.664857142857116,1.1454285714285675,-0.27428571428571435
NGA,Nigeria,2049,15.248857142857048,1.2122857142857129,0.39428571428571324,17.206857142857075,-0.6308571428571383,0.273428571428572
PAK,Pakistan,2049,6.1340000000001,-3.3305714285714174,0.5257142857142858,7.736000000000047,-4.148000000000039,0.6920000000000011
PER,Peru,2049,19.052571428571426,0.5702857142857098,-0.009142857142856897,29.093142857142837,1.1197142857142879,0.4462857142857146
PHL,Philippines,2049,29.14342857142853,0.4148571428571408,0.6242857142857119,42.37571428571428,1.5257142857142867,-0.8342857142857127
RUS,Russian Federation,2049,2.1417142857142855,-0.6799999999999962,0.0028571428571426694,1.7848571428571418,-0.970000000000006,0.1811428571428575
SAU,Saudi Arabia,2049,5.3862857142857195,8.395999999999987,-0.0134285714285714,11.302285714285745,-4.1805714285713975,0.1282857142857143
SEN,Senegal,2049,5.829428571428593,7.112285714285747,0.14114285714285701,7.477428571428618,-1.7637142857142862,-1.128571428571429
ZAF,South Africa,2049,14.852285714285713,1.4951428571428522,0.30942857142857205,17.373142857142852,1.7074285714285722,-0.246571428571428
ESP,Spain,2049,10.292000000000009,2.9779999999999873,-0.5828571428571436,12.088285714285718,3.1648571428571515,-0.1737142857142855
SWE,Sweden,2049,0.09771428571428573,-1.1565714285714233,0.038285714285714034,0.01714285714285714,0.08428571428570919,-0.10428571428571431
THA,Thailand,2049,20.098857142857184,0.6517142857142773,1.2274285714285718,24.122857142857242,2.3640000000000043,1.104857142857142
TUR,Türkiye,2049,6.163714285714292,-0.29314285714286115,0.04000000000000048,10.82657142857142,7.138000000000005,-0.10771428571428565
GBR,United Kingdom,2049,0.03714285714285713,-0.5328571428571411,0.6305714285714288,0.011714285714285691,0.14228571428571257,0.21257142857142863
ARE,United Arab Emirates,2049,2.3065714285713455,-3.598857142857071,-0.009142857142857161,9.222571428571484,-1.5220000000000198,-0.05485714285714287
USA,United States of America,2049,7.207428571428579,0.539714285714286,0.053999999999998494,6.923714285714283,-0.9171428571428599,0.4385714285714286
VEN,R. B. de Venezuela,2049,28.283428571428544,2.4137142857142813,-0.2525714285714322,36.83571428571432,2.4397142857142846,-0.607999999999997
VNM,Vietnam,2049,20.184571428571445,0.9648571428571451,0.5391428571428598,22.328000000000003,2.676000000000009,0.30742857142857716
DZA,Algeria,2050,7.537777777777791,4.861666666666707,-0.017777777777777753,7.515000000000043,6.192222222222227,-0.008055555555555566
ARG,Argentina,2050,5.920555555555552,1.4738888888888866,-0.05250000000000199,7.748888888888914,1.1741666666666788,-0.11805555555555536
AUS,Australia,2050,10.266944444444391,3.478333333333339,0.18249999999999966,14.45277777777784,4.089166666666657,-0.12416666666666654
BGD,Bangladesh,2050,20.795555555555524,-4.511111111111099,2.4916666666666814,20.47888888888886,2.3102777777777774,-2.5613888888888923
BRA,Brazil,2050,21.591388888888872,3.3599999999999994,0.5036111111111126,25.13305555555553,3.3400000000000034,0.10222222222222577
KHM,Cambodia,2050,15.086111111111165,-2.657777777777774,1.397777777777776,15.335000000000036,1.025555555555563,-0.45861111111111263
CAN,Canada,2050,1.3399999999999999,-1.0105555555555625,0.18555555555555525,1.464722222222223,-1.0338888888888853,0.10277777777777786
CHN,China,2050,5.623611111111117,-1.3063888888888968,0.2930555555555534,7.311666666666667,-2.0291666666666544,0.14000000000000057
COL,Colombia,2050,23.68611111111113,-0.10611111111110993,2.668888888888887,31.331666666666678,0.37277777777777565,0.9108333333333363
ECU,Ecuador,2050,21.123333333333335,-0.2702777777777783,1.0838888888888896,26,0.10083333333333222,1.9049999999999905
EGY,Arab Republic of Egypt,2050,6.851666666666716,-1,-0.0011111111111111217,11.668333333333322,-5.456666666666592,-0.0013888888888888978
ETH,Ethiopia,2050,12.021666666666675,-0.5488888888888965,0.06305555555555564,17.460277777777776,1.9313888888888968,0.10138888888888964
FRA,France,2050,8.243055555555555,1.076111111111107,0.23777777777777764,6.213888888888887,1.7550000000000097,0.05805555555555486
DEU,Germany,2050,3.6163888888888893,1.8125000000000018,0.16083333333333294,3.974444444444444,1.4380555555555592,0.27500000000000036
IND,India,2050,17.450277777777785,-0.6186111111111074,0.48194444444444784,15.256388888888893,1.6063888888888727,0.13777777777777622
IDN,Indonesia,2050,26.311388888888928,0.5902777777777786,2.8638888888888836,30.85555555555561,-0.07472222222222413,1.5458333333333272
IRN,Islamic Republic of Iran,2050,10.769722222222185,-0.761388888888888,-0.2669444444444442,8.863333333333316,0.546388888888913,0.06499999999999972
ITA,Italy,2050,10.44722222222222,0.8355555555555583,-0.0336111111111137,9.167500000000004,1.3788888888888842,0.7797222222222233
JPN,Japan,2050,4.351111111111109,0.147777777777776,0.548888888888893,5.130000000000003,-0.31916666666666593,-0.07972222222222669
KEN,Kenya,2050,9.97611111111118,0.21055555555555117,0.0502777777777772,16.393333333333374,2.215555555555561,-0.024166666666666003
KOR,Republic of Korea,2050,5.9488888888888845,-0.06333333333333258,0.8586111111111094,9.86388888888889,-1.5819444444444457,-0.350833333333334
MYS,Malaysia,2050,28.46194444444444,0.697222222222222,0.14833333333333698,30.678611111110996,-0.22111111111111015,0.8236111111111128
MEX,Mexico,2050,15.165833333333353,1.3955555555555605,0.16666666666666696,19.148888888888905,2.10833333333332,-0.18444444444444485
MAR,Morocco,2050,9.532499999999999,2.0847222222221973,0.11944444444444446,9.503333333333302,1.794166666666655,-0.23749999999999993
NGA,Nigeria,2050,13.104444444444368,0.536944444444444,0.6069444444444434,14.959444444444387,-1.410555555555547,1.1116666666666672
PAK,Pakistan,2050,11.194166666666774,-0.6422222222222018,-0.4805555555555552,7.394722222222299,-3.993888888888918,0.3033333333333341
PER,Peru,2050,17.3761111111111,1.8669444444444423,0.5841666666666665,20.487777777777737,-0.943333333333328,0.1033333333333335
PHL,Philippines,2050,31.717222222222176,-1.2786111111111111,2.7749999999999986,32.331944444444446,-0.2861111111111114,0.05416666666666714
RUS,Russian Federation,2050,2.5197222222222218,-0.466666666666665,0.13888888888888884,1.5505555555555546,-0.8750000000000071,0.08861111111111142
SAU,Saudi Arabia,2050,11.303333333333313,-10.066388888888923,0.006388888888888888,11.873055555555595,-6.047777777777753,-0.02111111111111111
SEN,Senegal,2050,4.8022222222222695,0.8480555555555895,0.32194444444444414,5.762777777777785,8.231111111111147,-0.2611111111111115
ZAF,South Africa,2050,16.102222222222224,0.8897222222222254,-0.3116666666666661,16.044722222222234,6.385000000000012,-0.13277777777777722
ESP,Spain,2050,11.483888888888899,3.2549999999999812,0.23055555555555474,8.96222222222223,2.357500000000016,0.48249999999999993
SWE,Sweden,2050,0.04638888888888888,-0.346666666666664,-0.06000000000000005,0.006944444444444441,-0.4527777777777793,0.1513888888888888
THA,Thailand,2050,17.780833333333362,0.18638888888887806,0.5808333333333326,18.06666666666672,1.4427777777777777,0.7824999999999989
TUR,Türkiye,2050,8.734166666666674,4.391388888888891,-0.2624999999999993,8.620277777777765,0.7952777777777769,0.16749999999999998
GBR,United Kingdom,2050,0.05555555555555555,0.5027777777777764,-0.04805555555555552,0.07944444444444443,0.0799999999999983,0.5080555555555555
ARE,United Arab Emirates,2050,11.507777777777761,-10.168333333333266,-0.04777777777777781,8.694166666666717,-1.995000000000033,-0.11166666666666668
USA,United States of America,2050,8.66000000000001,0.6511111111111099,0.33444444444444343,8.092500000000001,-0.16250000000000142,0.3097222222222227
VEN,R. B. de Venezuela,2050,23.735277777777725,1.2480555555555526,0.30861111111110695,31.758333333333383,2.9747222222222227,-0.8244444444444419
VNM,Vietnam,2050,16.716944444444465,-0.8897222222222219,1.5644444444444474,16.846666666666692,-1.83166666666666,0.5030555555555587
